base_minutes,traffic_severity,weather,disruption_factor,travel_minutes
185.86247362915321,0.4554763784417377,0.5180656953996932,0.27343723667110553,275.3748831328419
105.61138632061653,0.11885798957022997,0.35363392150358075,1.598310177380369,200.4588977161545
206.1342018187761,0.5691734267387764,0.07505583038802022,1.976371849704666,434.528725531667
167.51964295971766,0.15642882803336522,0.9909719860358988,0.7207790812364374,279.5201828917231
23.055474819092062,0.06095833389785599,0.17477372672504843,1.7306992284798604,45.27506760595444
234.16155321700305,0.4986678334288609,0.2553084749760438,1.5250909415217246,507.6647664259819
182.79295862668954,0.655373450046628,0.23591576249461776,1.8231705895174963,412.07073881654577
188.76240111383044,0.854147306406393,0.9079414066857031,0.8487449531618587,439.7622089342024
31.18321502579324,0.7828355539543036,0.7636883927235304,0.20260300964764855,52.78438632401089
108.36743212598833,0.8572405127565482,0.4573297994393366,0.23671241272985744,182.61435514248018
89.30612680370321,0.7600687708208905,0.9554230339518591,1.5263968409160842,240.41915351658494
222.46021482924013,0.7032393969061393,0.052783380786441736,1.7266636789967358,443.86279361654897
154.70569625931915,0.010137569140699632,0.8936703812216521,0.914033481874102,202.64997485764573
197.55140637836377,0.6261023118092105,0.06042733568815917,0.11914177847429186,265.4620264541232
106.6977006191458,0.12048180413911769,0.39113069593456373,0.13341208071957933,133.96537403926368
54.92367386745406,0.05866713233254106,0.05400487837648971,1.1972007001248475,98.32703660896101
133.32305649029243,0.1564121521056554,0.9989689917576853,1.8372487004299403,262.51187152927673
15.78423283694999,0.8232921614417502,0.9143895025006017,0.799167027411833,38.40453297718099
198.71766569222342,0.7438493931000214,0.5847989552462312,1.3012396303983116,433.25167415947925
151.78362358973453,0.9487724052052123,0.21784457399824553,1.084015537913543,321.6226326379837
182.06201375044702,0.9789762586504105,0.27677772519746924,1.779515688904123,414.2934711499652
85.40896936710347,0.8932839863739821,0.4495433660571203,1.6647752232844706,246.0730355709173
232.98217684257932,0.13292605097699917,0.32278018249234575,0.39869712033880744,303.81320484831554
214.40250855666633,0.8783827409249804,0.021313905434940716,1.355086197119437,405.99075116303976
186.92284754916597,0.8386371347886453,0.6562560081171346,1.6950063716190764,564.9223059405983
47.115970530546235,0.8710858598596973,0.6134279040933013,1.860498763625078,123.10507540728766
112.27968039262468,0.15168561711649142,0.9043107032188408,1.179854281050444,217.31517298119434
10.991001906041292,0.11679182777331754,0.4768540401054504,0.3518224703210333,16.948630517297474
37.4523333501777,0.9238088795840816,0.34470896179838784,1.1164641681688912,86.06393575476874
164.09022430156787,0.17382664913450452,0.5115171829177669,1.3316380233167013,324.9308994631406
178.8705363399222,0.3686217310426012,0.19469499089583964,0.5449781230401349,273.34032842346977
232.2185809179933,0.45598484949406026,0.6255403518247864,1.9460029642513794,569.4751387686481
78.53517327408738,0.12444252782956444,0.7700328827901616,0.4586525026161479,111.59979033733653
89.2250995953511,0.02063428803254741,0.15346171337569214,1.8227050434620766,165.73482460944118
112.958616800556,0.9940904697671161,0.3183832176353292,0.8503615150492854,238.46749435081094
45.87839050068642,0.8766572448349611,0.8678009793663987,0.0011083296658078723,76.0672341042423
31.616200527845457,0.9123379293506373,0.5055317486338219,1.0865781466999571,72.16636803175741
114.43132983111113,0.2845630692721185,0.5318366466775467,1.2565717318346932,221.85971540194734
54.84478909768674,0.22010157274543907,0.7224081970533516,1.7387267064165952,121.96696782811237
160.92045172646124,0.4258665581754266,0.5778928152213265,1.0811264769405269,319.7130883189811
105.19788456992322,0.45331936897800684,0.06957976807381916,0.18825876430546318,175.71035003523417
199.92642795585206,0.005599438864240636,0.8039617118630358,1.8536271186125557,438.0722329710765
168.21349192953866,0.7792531125598329,0.9228360372484677,1.1307095818509465,359.3432925328275
75.31181061099883,0.9966670381420173,0.05327723299081222,0.543062383944358,149.71737600257168
199.82622243415065,0.5286908701020894,0.12124975645755098,1.7977172329769877,495.8948408245282
193.24106362048406,0.38825869501245125,0.7019752022074804,0.24182694473406863,260.1474869998842
93.30107177772678,0.3927518932212033,0.6044739325145255,0.19496567802672327,162.7415118701784
69.55458089129347,0.09607713217210068,0.38251699897174585,1.0700181876011634,103.48863685884378
163.95767320200662,0.26616181836401176,0.5392486489403714,1.2497684556124191,327.49530743479943
33.9707198244297,0.5021327886346312,0.7033385680010588,1.0219183347829464,65.02379884881715
48.378014492788445,0.43184800113469735,0.5044764618809293,1.8579840942248647,106.25534097985744
2.26326360536582,0.5450347457431102,0.14018832463564923,0.525641669452195,3.1809912422811135
188.96838841176213,0.8490656486374066,0.08943602913329018,1.9804701517521235,506.88415565907326
159.7317801537917,0.22524230269961198,0.4388587351883817,0.03869866889197482,172.941149990641
169.38710818100725,0.027664180906311953,0.9228847578488337,0.23706798932030537,187.09677539023477
187.4846029297613,0.038225445282740744,0.5577791747084938,0.37135261205482406,270.395978844511
110.41032824143242,0.13416880530685837,0.3582200690178491,0.1591514541090533,159.23722937921067
136.71351643071804,0.5704829848044025,0.9087061695210354,0.876435732858029,246.09530671298174
33.98138105157396,0.8081848100379248,0.3886321561789381,1.7307443514242393,88.76813190692243
27.92995261186564,0.8868059392806316,0.5091464809343752,1.6415186537602608,72.5748057272213
160.58250934881795,0.6351132019749712,0.1164993306287212,1.4895137120952342,334.7853725808625
113.32754137128023,0.40314325245089344,0.7374009455193812,0.014818803870915387,180.03790824216168
135.87404750224474,0.15451470815614743,0.7003029571437156,1.7314120535124562,268.05341484044965
183.71722635113812,0.40141833944347904,0.794243992859329,0.7929981839104296,340.21841222623533
152.5150376401415,0.33241513390778354,0.3251913134277634,1.4632755090477578,257.8594196189247
133.08226645759,0.8700258808571377,0.4360532190661919,1.453837368927457,268.8142494960375
134.43011499852653,0.4867193774106072,0.16834171152719835,0.35504205443707226,226.18504141555405
73.29604848599563,0.22619589995452882,0.9645048760964994,1.030789695168652,138.00588937689506
7.880871379021488,0.2888010668157799,0.08607734740788264,1.8523619178921484,15.822915526652757
105.09381472115079,0.136470164542689,0.6490133036748073,0.5260972601637599,180.4917847480525
51.89302914027724,0.9185854490691312,0.7052573945651862,1.4300556960030697,146.1697560124101
98.34261017205036,0.05034584623646854,0.15773647365097965,1.9161020785877414,197.45536709330125
204.89003604772577,0.012846248555894224,0.36532320583048983,0.7212623512587848,244.85942404423423
56.52850686474911,0.18298893352686874,0.043126566762483276,0.7752673453833043,82.48123144880223
14.463506634531312,0.8108740179106257,0.556608257586641,0.9051250184171471,26.976895291193024
67.89144213926816,0.5234667866310813,0.9949381428236241,1.6180784833388875,153.95033367331038
70.81570498512073,0.6258432873769864,0.4298849568221589,0.8785694434723219,120.63834015695474
159.02900527709136,0.3577316754157348,0.9900082203729365,0.9724919120147506,258.77902619354984
133.90920048573616,0.06867798554917004,0.1262254238089625,0.4446349795405544,131.32110645565172
188.24362108098603,0.8561581624921681,0.3924543432677957,1.9766901307043814,481.66799725559156
159.6030929084093,0.19189427212540744,0.9019649700484719,1.7847083079397965,256.9155550321886
97.82965331489689,0.033059200545114686,0.8766954816574721,1.200508626056915,162.83319701146897
195.4578821275153,0.5727041359331937,0.3235915778697842,1.9211201429198375,479.72653172241405
40.49001431789509,0.08328922038460107,0.6786105837683316,1.37399553349476,67.41585826553101
5.9395415155595845,0.09576185185983421,0.8861601715577907,1.9182112650383256,11.040228992562746
22.0664626557662,0.8003770314825251,0.7668774661532277,0.32307173347925944,39.53047849248879
173.50506446784985,0.4916095893179955,0.6284761969329175,0.4509148138061616,260.26770374889486
111.11959664520728,0.241508452247143,0.15257561456002255,1.770364927276788,224.22703036531857
39.12459107854763,0.34862642335951877,0.07300269257056347,0.8397487832532411,56.7525855521955
120.50022363725557,0.7292409788431715,0.614622179816561,0.7423154082051362,228.78552225896675
36.978748599803836,0.06635414475660184,0.5002756656891081,1.5086707127680212,64.68719752817188
167.26872983111778,0.11648061593320991,0.23803665973148436,1.2606513203387193,281.6654398972305
107.35442799998036,0.6162620349905696,0.29276979495902467,0.6881431995344853,220.20536507311294
91.75458365010755,0.6069717344671073,0.39208717720141006,0.7957211751054538,170.62783343395677
72.71214535091643,0.9724621845353718,0.49552085212250563,0.8167675166003083,159.54570477480792
151.4526810519738,0.3745494812554496,0.3902589690884125,0.25266265613808847,202.67683788951732
87.154120227537,0.06507762717751586,0.3872916720859666,0.45910785894035677,117.48814168369519
21.49215567620619,0.5375374348496279,0.11573281131135293,1.0750605632050074,38.751639786296884
28.762413557863418,0.6383468117617903,0.8655904182553432,1.563654304556999,65.61054670274468
230.87449065960874,0.13960278578624907,0.6091540817780943,0.8380965688584419,387.8475129584163
218.1050754244719,0.5528619735351967,0.14610218460201185,0.7667055991719183,358.58697232840086
168.07985854767452,0.1977671216582646,0.42387440287793576,1.3010323070610343,288.937355608211
64.17585576955494,0.8447300578810684,0.4167159120295455,0.3145077277604258,107.79810555559102
232.61774237477988,0.8351614957838297,0.6006208784891227,0.7615006488342062,440.3034288438798
187.0108414998078,0.4296290959984418,0.6088696178493316,0.4162724723939877,299.86870760824564
172.19520030357944,0.966743190512804,0.6452221369797624,1.3032924686558296,386.7780249481229
108.12207976343738,0.9797738744497416,0.6979030573438074,0.22472802983215479,231.6799711029209
65.70185406191558,0.1292510889476195,0.10335404612901644,0.8956456392048857,125.4279674507176
23.58563543576308,0.36771380483246763,0.30492220057281205,1.192364114184817,40.720694868250796
216.6732739722501,0.6003214700466446,0.017347819172672363,1.6673508857564805,478.12491289216644
109.65842141514985,0.08483780958144438,0.45464151208038295,1.44910255285221,216.5516589968529
48.96602586845766,0.38265550381413704,0.4294300778302873,1.8857262420277257,103.65179776969788
73.77661148408127,0.26117208401659076,0.7343269301794787,1.3597568145058907,127.15558221426386
139.22308676158409,0.9520502209667041,0.16711694660786114,0.6983792698003597,320.82844225787437
42.837081513945996,0.4115858228314705,0.6314944571255109,0.463447765028844,72.77305734186348
205.65912104012392,0.7626708585475125,0.3066941979301522,0.11316480731768053,339.9370647405327
182.16542739553282,0.38670536351217377,0.38191647480969915,0.5551752334199331,327.4705011319664
172.81137795024935,0.13181207041883547,0.7192868623714541,0.2736973776934015,249.08939237015693
103.98628302613734,0.8631515301608474,0.07154804857357533,0.7384495554833637,197.27153790452275
150.74046734823514,0.00041691690310385887,0.3427828889311625,1.405156278505211,230.45540781282523
140.39146355460016,0.05594087397445002,0.39132323013965187,1.3840680484262917,230.8459944158043
156.13826107237938,0.36438440589704324,0.7157493118516688,0.636332858727884,289.0237065196852
20.724414913003436,0.6868982555187365,0.19922441507070066,1.0171047412321759,42.948631585940426
100.08587281986101,0.34170429529077573,0.9474129936904631,0.43354313960359825,155.9436785696593
10.46659463992325,0.06631281762097496,0.9977619527941581,1.0059534370680365,20.63327854575857
118.81080120906229,0.3178400337341488,0.8189101408200553,1.0201637524602283,212.0259729634045
79.50176035370208,0.2449808589901623,0.2997125014635281,0.6025936778368037,129.66224206482892
35.113543233418234,0.005419799818197957,0.6638666540728546,0.5189355924811794,48.681032147655834
25.265010769551118,0.5348019131804018,0.08314803169793306,1.9591489279633638,67.65967802216349
141.24087503656204,0.11664591474418606,0.8712793157065106,1.0742470221975073,260.6301626817445
41.35701596458422,0.2874962887966661,0.5159928712602737,1.124153263154632,74.18880433157669
222.06626835124294,0.6411898302224145,0.17643916631978573,0.01558818073612378,317.4485545869533
139.66414295824458,0.7251156888229772,0.32741655956170257,0.3636815632709003,236.21576777300825
83.57531818609348,0.26345562685602253,0.8007427444879748,0.7132439236400456,126.83724487328193
142.0242602097993,0.329193671065234,0.8702267674270464,1.9319614850375373,274.65474548569216
5.9615271116125506,0.24690923812746524,0.5197133869344235,0.35048346857411516,8.676066210723098
230.07493157132615,0.9568886003161919,0.48031150031067316,0.6065794226537353,431.5477163216924
116.01167314782461,0.19051972698740283,0.7507347465532593,1.9803139875699585,236.0637693020924
187.96508692644355,0.18318060363367628,0.8261896225185549,0.9622172846717922,316.84702142034166
20.313834981424037,0.445035295831532,0.7648468123958205,0.636815550940453,34.98978683387482
117.05467023573941,0.18930635920056915,0.3844280502342077,1.2687178409736402,206.53942198966334
118.02432514790776,0.15670845628560814,0.6419257616093194,0.9926045690328877,230.5422610253994
225.10943596650839,0.09587953770108548,0.8573599082709277,1.914898183282916,498.84618980019485
137.42886854407004,0.6401712481082494,0.15176063404741957,0.1663900959840905,252.64018941411055
113.90071155314044,0.612082254901896,0.38813668511496313,1.5810958410353226,237.31736335575306
64.44067131050852,0.6501628918779663,0.0566188838752647,0.55817275692597,117.02114132869849
79.91077486354125,0.7733000080093962,0.4088772856873999,1.6133386619804633,176.920405197353
125.2010403919333,0.3263580127925758,0.7722820839186489,1.6954406811657328,249.8340893060915
105.61929474305867,0.9184237336119215,0.19702844342558745,1.698445716046797,307.45482469575006
5.676093131339137,0.733204611068756,0.5418871511243837,1.733391397776844,12.335939931371872
198.3969158445487,0.8047085885811869,0.03658573342182714,1.4362550135661813,335.35907729201836
215.13050485562414,0.7209621638267112,0.8976499907316582,0.28480829342972047,351.49801608011717
34.08965681516728,0.3584556454325618,0.8200046949004514,0.10380518699755381,38.88468868168674
133.19165637760233,0.2830324880626349,0.5244091917870659,0.6815304875617156,191.031927117952
26.50389000193873,0.42251706957901414,0.7057869959719498,0.9901397172221549,44.75511504211169
161.5015022830349,0.09703036053335845,0.1039161648688589,0.6052418014791052,219.46618032401122
67.85549122944249,0.4512805015659471,0.8452094963973705,1.484413867851192,114.01642771827288
158.43172100871047,0.04314098309523984,0.7152615310717714,1.4448869555358494,320.5224159790861
174.61521012170837,0.003945960027194495,0.1199673967250805,1.9438490022274888,269.37939254218315
184.59107431427887,0.9314989394746928,0.9806892851187775,0.801146180998819,390.4365867638541
26.303956556437225,0.6893368605878929,0.022530444206446676,1.5714553216195268,54.956468598034306
219.8848369104571,0.5618469470659689,0.6285108625927736,1.4823999414806137,510.6790458779339
55.636250819323955,0.34110203942305783,0.17175499674081673,1.9774990344845873,123.39147776096978
9.460307204195058,0.5705380146850741,0.7192576492195367,1.5472305024187296,23.246573882974513
133.38716641926027,0.8915757763383317,0.07040625396877898,0.5671490614041244,237.5143978576353
89.33588698505407,0.6523801339438646,0.08110088284311612,0.030544798255467853,123.72046908665148
199.23464348021295,0.6024819979535042,0.4662917405631323,1.9363323089575557,486.8842574194253
194.07622755940028,0.46020450297167803,0.9940094654019129,1.432138087689494,454.32596561617333
76.45476483104032,0.345697030650858,0.2765162397706512,1.6252132558716965,166.00746403346557
228.7194051192039,0.6985471139217118,0.6125281607565226,1.5864883088575046,537.8444596375376
70.1748222345584,0.9809809410158142,0.5185990743742355,1.4715221799863383,171.84765048204343
123.85618245099563,0.4247576935205901,0.8421196096504375,1.5029489371683507,259.6478670877626
61.80363919094086,0.3922052040142008,0.2885896077051602,1.858916369547737,137.89973933366846
224.68243502672672,0.4281134723650425,0.5549443807114862,1.8282225638569474,595.1220444882902
39.92357231089335,0.4255439680497215,0.9506235151051808,0.7584534916799659,69.69150698362702
11.256093344462792,0.9906247733684951,0.33258580833605755,0.06192304726569575,18.781022015988004
104.70574587072758,0.7067782575093406,0.43940558131018104,0.0773631869921334,157.46911181950682
238.17394759137298,0.35918444921059167,0.8888133145036714,0.8932767290469374,444.2753917761906
214.0567052680519,0.3715023738267226,0.3324988572344578,1.6699590598008145,346.1841412023126
179.79162065993933,0.43079692474405573,0.3806737646338155,1.6952224532310436,374.483040035427
213.8448015654067,0.036712187580449696,0.30411880887769827,0.8087791624598488,335.6493199556019
214.48047020763823,0.52781640202125,0.8095313753250729,0.6032232506959345,357.6713139071138
124.76657731255455,0.8113809515227647,0.9303869704377798,1.0132028888630917,273.35922464835596
76.16500791347492,0.6605677932075106,0.6310988806669057,1.665086413739875,211.41649715873297
185.39697749058163,0.1984208467615416,0.6236301312596525,1.272992239354336,347.47623148763
158.96787252867878,0.7280342413783699,0.3900036197131751,0.27961162731906963,205.9374188407396
89.99102606525356,0.7194586063320303,0.012483749571496672,0.7244678873171155,138.82949596200513
23.124767000732906,0.26253921564899707,0.1739375988235733,1.1108518303830759,38.366897075675205
179.35611191809173,0.6228746568569351,0.14743835459023447,1.076524862574344,315.99733634029843
63.35929356352609,0.6109490331219362,0.11588200281303673,1.661268040177415,138.6259755067431
224.86674955284013,0.8397876238561816,0.6540473160533953,1.8643435276813138,546.1622264957126
58.212452713861495,0.13607231183344126,0.13634895237379763,0.20092618835051157,78.22195976221958
29.900524812550902,0.19483850451152274,0.08563395253671924,0.4488151806917766,35.8013392624343
199.55148497391502,0.48596950376780523,0.3825815065618582,0.7843138212788432,339.5626316693557
37.211593831566326,0.04414514889230703,0.24902266296789854,0.5927961629020557,50.957383493720585
43.43475980377851,0.41559419760170657,0.14586054563588224,0.8165809899168857,74.73438258461383
144.05217856924202,0.7882190419997233,0.146127875558568,0.08144245723046395,230.25597723454283
209.95760878057274,0.14871439398399822,0.2562057067827658,0.13202654032563,191.54677137854998
47.54610243864029,0.4599487369365248,0.5368497633760414,1.6767229558741488,103.08155734511716
74.82251965957269,0.9897692333824446,0.7580956000912513,0.20516356822377402,137.96581450058946
186.68845875876204,0.5059200134248644,0.8527766432521394,1.648150223989499,451.07567310629776
233.2524290416017,0.49832382412209053,0.7514178497388502,0.6130240036060701,433.9576922558741
120.42751409546098,0.5587935837241681,0.6282132597041707,0.6184467397777116,216.39062579471906
34.96345186102456,0.1860043703327412,0.9076245775194832,0.20149405625361427,49.57838509115678
3.83774090611427,0.14716388268594427,0.5197368027342506,0.026526762966997408,5.233094270925022
55.50261918472584,0.6773546291151085,0.6333568408536914,0.7105772168907705,115.97911090331576
32.07142115987179,0.3957668099057702,0.4116205503318684,1.6707138125879664,68.64943630137674
162.79925233027936,0.28990662821547575,0.32738420088074605,1.8399109290761237,410.34742085559157
29.678884858533205,0.031391619919897584,0.3317117794612534,0.12317111226065913,31.58443216860485
121.7660186231416,0.8460504971784825,0.14831728171229275,0.061816127611217464,172.20748283000688
166.7758533364713,0.032328865844832744,0.7965976506738514,0.31760124026066694,217.79342436441658
139.67742790840612,0.7499831240833194,0.05536808433354379,1.5325796173713917,294.07120765496705
48.3462685725838,0.381988558998581,0.67468524376452,0.40976553204694954,56.61271710763835
193.0878240206519,0.5986878105046501,0.8644601928370358,0.4616207487889319,316.30698600434283
171.8400075429845,0.24767800069016233,0.4974283469853672,1.7778853957825786,364.4779806297184
177.48666893777224,0.15539966623207313,0.07020078184155021,1.7498980775170694,335.4619450157765
31.888331497976523,0.5333880008349474,0.4284174616368909,1.3405784388403374,59.62106761486289
30.139035974257535,0.6956176949541436,0.34322660288234985,0.32802756096295793,50.289310273248304
222.6512309660586,0.19549329494514656,0.9855393192994307,0.7622983793031437,371.33287039282754
95.71997742107328,0.4363589474325642,0.6912652016189443,0.4723548123182104,166.2184255515021
72.57721168153508,0.44465497029139567,0.7213598048289199,1.3436911636862574,137.44105096628152
117.51587886169223,0.2159791490794628,0.515826918962231,1.5598621083612556,247.2862746535293
159.25597895687798,0.565049446252131,0.7094142544420965,0.28426744403511117,230.2677308201231
229.3717700627493,0.14593568678170066,0.7225709767221682,1.7959116658140377,442.8573902480018
69.10387133825218,0.50974917331858,0.06635888074610485,0.9256518143676733,142.2722892034298
221.99161882023049,0.1134315113659995,0.22260652447727036,1.5900117089898966,364.5116724943329
6.453848187008388,0.48554240885513744,0.012967555428886057,0.10327521708392462,8.225608058394013
133.4699311372745,0.31159905487555684,0.5098074059285719,0.7211623740388753,188.98951002466634
152.33703924761988,0.452246292081535,0.8757998548360265,0.029561895394650373,204.6983403880089
25.862428198305413,0.43374935944317417,0.6095545346953284,1.436969462871299,53.44459474981299
34.11133349680708,0.9079331228185928,0.5002075278077094,0.15890194046237038,63.97460369842734
100.87787947625476,0.48993559995646274,0.9259658476106399,0.676571582052889,180.19348992260433
231.91254295829202,0.8184989038768744,0.1722185110217539,1.5634973612776133,508.58497531956306
143.2521914996323,0.22565239291171524,0.0746043081576857,1.497932956865828,230.09546227647908
223.95906157325058,0.35208279463425884,0.9173057364097177,1.2805792407456853,409.1660655783496
193.1444392893065,0.07508938063319093,0.9027817549188133,1.3880412776827777,299.7768655000359
112.43789357249231,0.4207477948214936,0.6829724862129495,1.3024626502071455,239.33017432676272
188.4508460958989,0.668699887074931,0.24597916209605197,1.2825519180136606,418.7028412269374
4.771909762488563,0.8381670341093962,0.9697640247043707,0.6993092800827994,9.667068445570374
26.63998722539352,0.5659149117991552,0.7653463518038267,0.05633140815371118,42.58509531317211
199.14815326441536,0.6400726695930785,0.6738945835846691,0.88365169963156,419.11561004227354
191.33769265387625,0.17726707761694815,0.22291132401544778,0.09091930318068941,231.2064508094453
56.21745770096087,0.037206038233439376,0.5130891716331156,0.9377347902472837,98.5452968153543
127.61931694847331,0.791688145177316,0.8225762412969998,0.9281579534595132,238.30983147618483
145.64078905765263,0.1670382074412864,0.860260224732286,0.35744307452763846,200.1994259303334
208.32347942935468,0.09116953553275242,0.561430115801268,1.5685232607383721,370.5793956545505
144.9441641826248,0.9375623209065953,0.5227938437192642,1.4084186838208623,360.7060479942353
99.31089084104644,0.9635213640591765,0.6976838283076405,1.1190790814018885,191.86795304844878
90.11707839602026,0.6162572916024947,0.5282488443124729,1.8518171602433746,240.2700336649645
102.49875968645561,0.3786372726872934,0.4176810380656609,0.5743742264204217,171.02044932201855
156.63748062640383,0.833239540964052,0.08541901142438868,0.524064442929987,329.9732509846416
208.2640063046818,0.20471995933541243,0.12604967571558012,0.36687163110477794,273.9692809505663
109.20830325727378,0.4293923274296819,0.7602754682006674,1.0888795755633998,196.69095532859492
59.85757532685027,0.35701729900060175,0.024664064624268067,0.410714365397161,90.66735817963253
57.180635937920684,0.9126999907416816,0.05230502579760865,1.7377911568032363,150.40979122720873
179.1704201183054,0.9197774153622736,0.9046435780864176,0.6086195409676078,338.49163150482366
196.06821884002653,0.6508859263236664,0.7039971134546849,0.9818620204721209,312.4906412463792
25.714100125062927,0.11074014027269186,0.0042127219141461225,1.0590215298603247,32.56320349468185
16.44084624076517,0.4821927896583025,0.3120433743548727,0.6152930948709969,27.77699695675224
142.8668624696702,0.24532836622405674,0.7633184605955448,1.4768392421393763,323.3844412530352
35.50849198415124,0.8849156631844819,0.41760079997725563,1.384145872467513,70.21870171897844
198.00707361429374,0.1384027990162019,0.46879782285811167,1.5216220564424892,358.08399087715287
74.82515440481583,0.05431027586070736,0.4587990610460554,1.211840939581988,120.11377633539318
34.95732794658866,0.7044290335500782,0.20213440325904064,0.9203645845197554,79.52605705052743
221.07242816074432,0.4532860749681529,0.7213914378982609,0.8978341930850324,495.5376008459892
40.14484759509912,0.8383648876030845,0.10300633052136965,1.433069123236931,92.41720600411004
68.69045971993556,0.07462963116931176,0.5072511055466711,0.754070482111032,110.7272046939212
37.290408148498045,0.8010761326078425,0.16995582745936177,0.874519562224372,78.8343035751919
28.159870247852517,0.037334752844158325,0.046532809577156,0.32734223844406873,28.973022504777134
5.564949912577388,0.02807001191395697,0.1432438844471683,1.3592609126427602,9.857479876428114
13.767200494840298,0.4613157517310297,0.8693349363117417,0.1538494984695864,18.861338936999598
42.32663228913672,0.22129128968065181,0.17614766478046118,1.9810243217609635,85.98868206680817
13.284972864208505,0.5937187070065306,0.2783692090123505,0.2874751543392313,23.16634154954267
142.0789439585776,0.025816994211470434,0.13809478822040622,0.7659567922368526,198.5608088043414
163.53112916848178,0.03538954236297853,0.7355451016577587,0.47556126579656266,248.62948792809135
94.77449441127077,0.7271484961719404,0.4454491672565015,0.5813162519676831,194.30293457789375
76.65886772001583,0.21016516249231165,0.9436350386450709,0.6449064986081292,100.89421053720905
121.3340337668241,0.6564171236607336,0.6643245822479024,1.436673278108758,208.11666608223743
210.06368366518876,0.7499221615007585,0.5313892204867717,0.35349854630889777,408.4962492480135
204.34602462391834,0.05933116572496744,0.6566309316281679,0.5277130843586799,319.16252250785936
10.91227735206367,0.7697539544642392,0.040425383209664156,0.20241218054088828,17.893122592463133
43.96886909836752,0.26842121796128604,0.9506602601286904,0.6629199974281534,75.11568119034139
57.20039662950285,0.38954595819974824,0.956429610417248,1.882483486721044,141.59518055109012
60.22832441181473,0.08663919229531669,0.27613986855552963,0.7602179653666745,94.84416409811065
137.31022009239408,0.8386299833648527,0.6282954827431336,1.5546766080930652,313.9030312413169
100.19485095591455,0.560728786325764,0.2019152441398746,0.9234078760001883,199.38455196155684
12.29636172265876,0.5046652778471722,0.5474717946004589,0.8991993686240631,21.737143238513404
89.9805861610674,0.9685548109027556,0.7707892391243933,1.6479418880068293,231.34052424950107
125.93883121787411,0.3345057599406708,0.9398217248053922,0.05363890714754893,181.21993479302998
24.850420745439976,0.890779286476696,0.3392169232656719,1.7297729984189598,54.934619133015765
200.11332363236005,0.7196878810646042,0.6935052630427615,0.970416903200372,375.92090333725275
12.94486701839247,0.9285281358522389,0.7164271143471794,0.7022543703681183,32.44210350695886
221.99962762982588,0.9078020527624597,0.22114880116474123,1.8136699019178018,494.58668370978256
24.237597408380182,0.9910298050260696,0.6290321314933922,0.6797187035470709,51.85879023071281
202.5362009076618,0.13167675203715756,0.6554212891877766,1.9553947101723923,446.44935528001776
216.68542797066428,0.796016392091595,0.7640761063460343,1.8727129985659094,538.2734263380299
235.10717800048894,0.8044943549475032,0.9999472574545336,0.535846424433484,487.74941123235675
192.58519832552565,0.6443735281784868,0.04023236942648056,0.681205439647363,344.65578604650045
187.18487101473326,0.278860958238202,0.20230504367755808,1.6243350920341029,333.0104776583811
154.37474460093367,0.9651482716283151,0.14507843191974068,0.39122016452945285,297.5914070804409
187.0696269214619,0.20442213789020958,0.15443405242070252,1.4639031281430448,321.82026869145676
32.72525391494872,0.499575378358439,0.454248660621965,0.2583022940170465,58.50558056936611
128.88829460945914,0.5214871128191862,0.8785365566129374,0.411211053491932,226.11304112027076
123.65637741060426,0.16182934483603884,0.44872326906775506,1.0010116191773355,188.18526512220924
205.88852851735254,0.7225288223332409,0.6684803978344133,1.491763453632846,481.504183675008
111.34044805964704,0.08886716418023977,0.3764991425302191,1.4788572871023646,180.97009970944956
92.72893431603465,0.693097778846711,0.31966331531111514,1.2178445444934904,195.57315958735498
153.67540346128786,0.8486154962906369,0.8342351848290422,0.5442253477918118,292.4024992851166
64.31796454145262,0.34939642508239954,0.6555475101184196,0.830755728286839,101.41731205131032
33.97453442347267,0.7094208085992002,0.350895288082536,0.4924285331683207,54.33619763405708
114.95160712868712,0.1567740081478498,0.9141602612471649,0.5540348500815937,216.6662020735499
100.34500377847496,0.8459490014528787,0.4985115651176447,0.6464480413971323,195.4865006160586
56.20050075666525,0.9520316985532247,0.1882747472992885,1.1976954220670448,117.8552540169445
88.51907852257315,0.1526936934997769,0.4832218624676812,0.4151897771023316,114.19022254039152
88.25099173338626,0.6918594739723322,0.6746994379334758,0.08513903836819514,148.72937513866145
78.93518767680463,0.5058310965565258,0.3671125892561623,1.3849093035983255,149.1264151150708
91.38164709459949,0.5314993318323786,0.8437847362753934,0.04361280121164057,123.45021304290147
164.73553123669893,0.7064897186006882,0.5331439806061009,1.941569635718137,398.82759862159105
71.60191565982282,0.48874049933643726,0.4677647799344663,0.7005710204933413,122.45880220891488
227.75147344832402,0.6003263920177168,0.8587114232637186,0.013162744638365309,338.4463621039053
219.9653506793936,0.2309010194113772,0.462917806466153,1.7691706228290411,406.63818102190424
115.67804757786882,0.3785065964886303,0.4144101418508165,1.1996090666736559,206.7986857762282
79.14250859862297,0.865240350071502,0.10371639533349597,1.6347845896820135,174.74080476894923
128.73663216428577,0.1099025116483856,0.3624918788569652,0.8700494312719309,184.7675456062467
203.73023706128308,0.5975752609336399,0.3970483005630817,0.7083637660278668,372.3854957110923
156.79466806414445,0.18428706223489022,0.1806223192244898,1.3103788860958605,333.9367595333773
193.15184279332505,0.846539597923372,0.5878232017131677,0.8120017497822569,442.4472601474253
128.08698511774477,0.5790439538535498,0.1438420705503477,1.1124171960418427,291.06199039554616
152.08377220959517,0.4030487826702711,0.223689788603891,0.5556457562294879,222.6756614640265
69.51326959669959,0.24982467365181793,0.5610919857251406,0.6652908134615501,126.8254046743708
176.50691237331463,0.4368446991896344,0.26898356472473706,0.16438152644344273,253.86996969357355
48.97590005360954,0.9576123259217423,0.6396683101283533,1.5627439734367308,131.33264590656424
166.90415185203034,0.5092092897436206,0.6905131329207045,0.6977016539477943,308.80992582105296
206.64221686405162,0.4694895316998602,0.3012904106066503,1.949998290862249,446.3708008316155
32.13862953371977,0.7462738135003091,0.08738768149671994,0.5195176482375836,59.75837785326464
147.6439478597898,0.3790470708319067,0.4894518338289183,0.9501053605390515,272.768580030328
23.275431701069337,0.427423949880794,0.09289842009181715,0.6110644010767823,30.071968282564526
174.30889297100674,0.33694773157161906,0.5152356815238681,1.3878507498313475,333.32343890508014
20.736125908233095,0.1509197553293914,0.7262178421289601,1.6167318392408412,44.106130837364
224.65758753679992,0.7138092142026506,0.6203297914708034,0.9740214610357552,464.9999133491894
33.40919924405362,0.8730309138836237,0.44826764121201756,0.7338551148124239,69.19956842756281
230.15181889522475,0.9055926492427656,0.9458585478975475,1.4895026381276926,517.066586290009
192.31176017238064,0.8808029380377796,0.10174723308217049,0.3829100881280505,347.76112920610143
142.6868400696918,0.4517838024379929,0.8800015069119312,1.198932676424264,281.4343891052086
187.93847305877648,0.2840661922031963,0.800128872641203,1.4672489205458392,366.19113245495294
190.93000393644905,0.6379237496008234,0.41973858036458456,0.5385392227581454,308.32555628260604
227.0734815447506,0.9547049119060317,0.15286717190071442,1.3113986802280388,554.733367042711
61.185313244485336,0.727050648168605,0.15586678577764124,1.4704522901738522,136.874275346477
141.82317693831504,0.49484856159015655,0.9218057607427973,0.234833258968145,231.48580060773722
23.264282816674093,0.6888085745134482,0.2337046642782601,0.6478149686783397,49.93951189850221
148.07168515577706,0.772537912454397,0.8741157079878287,0.8126120958683767,314.0775324405271
41.52426733022292,0.9192692613280707,0.5032952199302889,1.5519147941197957,110.99336701500896
135.80567144764981,0.7632157539721541,0.4617346367273666,1.13501026582508,291.5746250712103
137.597108111107,0.4331905556359056,0.6195112675838207,0.899122946273821,238.62135747161554
112.10344413900394,0.2736065184654841,0.21503908289323292,0.6375448973417921,150.690665751673
125.6703102353929,0.4998816647295913,0.428370674059694,0.00812273444976741,180.9171002983398
183.45965190657782,0.3281779446054718,0.9384844388049298,0.040440181927174024,188.49286091325916
191.91910960463997,0.942764592687814,0.23825692897874984,0.48089245147251725,369.0782931232807
118.37069513031527,0.5079658434499622,0.9215835588797517,0.23338121167018522,195.49894826245452
144.10262924466565,0.4720563359640083,0.9942096966091787,0.23917319405555082,224.62063587851566
223.53107844777938,0.3481962181548629,0.05190718807549677,1.2054792481328926,393.79749449574757
29.176194446018915,0.6394069902916003,0.5313791225913715,1.2109106464403891,52.4853634573435
28.546304033076467,0.5200512786209478,0.1718192996936886,0.089544218874686,45.80319236501545
21.506308352629034,0.12904892289825654,0.6217142559566773,1.1878705036008266,35.958041679491764
158.05825676720642,0.8692078108304946,0.9895426432148756,0.29163718806740313,267.45611465100967
100.75668803929588,0.3590128321437984,0.8968808954182058,0.7544514696144788,184.25986483869585
185.94997916597146,0.4325784299581542,0.9248484616063535,1.9793677193351646,439.63465331288677
161.25992348740792,0.2056670566635791,0.21334981331209935,1.0440107264408978,255.28360243665708
80.40624311961304,0.5533982076178892,0.5423195988893015,0.06837602672469023,114.09991444492836
215.65878809308782,0.702055062428583,0.23483101639495063,0.6953164033584165,390.4451262640435
183.12644922342122,0.8811653206259396,0.8994247075776513,1.3417963176735321,485.86674267784554
65.29311834798709,0.05160766497226266,0.19115399307424652,0.44919576927018,86.82205206615636
87.72398825640694,0.9733319096993783,0.1539589124091998,1.9288984739171526,221.03663565816083
75.80837525892096,0.7038177420203567,0.012162631714018768,0.8505873957818311,151.57812966346918
38.24798984568742,0.2842986844115174,0.18194786008662167,0.042174613485421064,47.424742780349966
35.8941177238549,0.20447475501396606,0.18976284685453282,1.0811323292259176,61.73699051332787
224.7025274784907,0.29608791865459794,0.07749018752561165,1.352379248705074,413.9931419516695
105.3780169091014,0.8757257516664424,0.8677411034131589,0.9119823541034713,238.34114528878132
92.30509755518966,0.2913901731959504,0.779997808696124,1.8563416795477323,190.97858116661132
175.259727228232,0.4628211345572357,0.2544814973472568,1.8038643349312127,335.1782600113136
132.94183912806955,0.7057380542422326,0.7832577033112026,0.27792014630551565,250.0890657384576
224.7055268478117,0.8719898637238855,0.42216454679679827,0.15989633468891373,443.2972464204911
187.38220779129944,0.6585711623461041,0.7755203093481845,0.6246179948615804,308.5964332666366
115.30901060782742,0.7531091965344227,0.32300765183517355,1.216265324535373,245.9014268292992
90.63809389865787,0.1733267962959556,0.5646542264878771,1.203190628630679,151.99339509410214
236.79825500937514,0.8774078276911388,0.38161054195416855,0.5432861994500464,485.4048619868134
172.4035765228726,0.27571918361811065,0.18767581702346914,1.902201093554001,365.4990914601463
228.31112107091994,0.1283781640565157,0.5856328840020008,0.6146634334310681,445.9111284317991
28.875619243481406,0.9762442903406693,0.7508307999778511,1.6083988722023126,69.83065363980245
204.20281616619243,0.20163992545416098,0.7531071245941489,1.6639603611694034,474.8194190875019
153.0791952158942,0.13665197007797647,0.35628941831924354,0.19687003785468504,221.12206083332657
29.700241961259465,0.6260209001017866,0.518711768405828,0.4651058243617039,53.484256392321825
141.38779099262834,0.3188631494960953,0.7637785985850863,0.43038301590048733,218.31950377154425
164.820079442755,0.1333492051804933,0.05449759452259084,1.8393026335495992,320.1500077036724
3.4464932703203797,0.601121117215876,0.07188833330086031,0.7022098478778704,5.932855374731595
109.3091518610983,0.7589852272222355,0.37622273997207734,1.6729426667830145,281.5931836494888
198.18318293151893,0.7931983742071566,0.2234716010289668,0.9560360043545499,359.2491759151141
71.23848656990953,0.15551260101227238,0.37464601955022037,0.9144380883880407,110.74598905248004
110.32226559075299,0.5568670679399422,0.09375307985962356,1.8068427151864883,234.99365313065633
106.43423343276042,0.8136783706814606,0.5920080306752875,0.8818028143888541,178.96442026958908
72.81161025047673,0.16108701142418524,0.6717405059943544,1.4897038344618525,149.9071416644348
220.46683397597525,0.2076822517706749,0.7918405078939063,0.8487550035807343,404.744523366168
187.61992148584804,0.00241139743167762,0.6505229380753269,0.2037394731526252,212.68257212204205
26.985924433568464,0.5246341563952881,0.39638139500607583,0.10618958899489628,43.46246566762366
239.28980055209874,0.19468169686195091,0.9349282248178576,0.4164803539573958,298.51624110236844
211.068405821705,0.7242425757268991,0.7263320160279905,1.4445360724542078,476.36706435011087
68.49607086843733,0.9622138556176058,0.5276812458267756,0.7472994402009894,139.09762316329275
200.9367308287947,0.20875548899907026,0.2068504083355922,0.9082151627750508,320.59445041039163
25.987477883196195,0.6490970117635326,0.6489749867362157,0.20375279703509652,42.720181353873386
239.78558294858016,0.21183446145851137,0.5917205250859561,1.246075199576119,429.4632703732265
159.9314942975156,0.018006858979704,0.6833299989375465,1.6068964208039038,285.6003070892893
156.20494122633187,0.7585541942145848,0.7811247653083012,1.2493664880087239,339.2782419371931
22.160554112699792,0.4340046766508928,0.915049618978224,1.9692281636506124,58.747614332995546
215.33949903574174,0.9467868615146531,0.9490565913581458,0.03268278302494232,365.3718196021584
7.445381017470427,0.5342858821434056,0.6301855021255962,0.03133965450104248,13.457113553724682
58.17831990085472,0.15748286897568398,0.9659560357533433,1.0000112062300806,94.05085683436779
34.753739102409085,0.4497744417972779,0.9114223990005675,0.5328161177541135,60.36359416094634
186.53592179578635,0.2028917948060165,0.0026143570152210582,1.3730208107020077,345.12554049817413
47.96991241748904,0.8780292726865745,0.6376174662460078,1.5864203071062648,111.73996276013261
218.597855397847,0.6909031808875248,0.17846940983406356,0.20487181756599937,391.48808913713356
157.6764349189339,0.3412388046547036,0.2951926544584984,1.8346764054924714,349.26409358157883
9.160969163479743,0.5278203228071404,0.29750019973558883,0.059845875612202226,12.774007122056021
1.8004452738237604,0.6694801882130285,0.4831296396371074,1.3768078555889935,4.384752674190792
12.872071124948542,0.7828577166454253,0.010866177993366422,0.7690015325145783,21.474490321839266
145.61908004663078,0.08014720987054169,0.2357964080246565,1.3348784256197646,232.89902450667145
192.45489370082996,0.022518841995246786,0.02912095695983663,0.19527264322179305,225.18580231032072
57.63340054025954,0.11445269716988982,0.6505585657192379,1.8741606388775776,126.67561207601241
203.93341788007598,0.394996310172563,0.8892875786928331,1.8748166796800367,475.8613218196752
14.207049666705862,0.466706610082092,0.9977886598319321,1.0388016283522234,27.357295411867458
192.33084294718145,0.13646163021384838,0.44855689178209746,1.0191690681302892,305.25397719078984
222.70700552626116,0.4111531378996053,0.26014111029415277,1.2696163756274086,467.3989563108522
185.41996158549915,0.4416227863618305,0.8531035967306924,1.1601379010950754,372.6676417151134
167.69992776288362,0.10908996367748669,0.11315851754047279,1.0870931336550227,241.92631266868727
201.19626236796424,0.916659960195734,0.9742389810561408,1.1783822977718663,419.98720652326375
10.116236241522408,0.5991459275877076,0.7148374547182023,1.7172603443573389,26.68257450421129
48.82681551721377,0.3885355304562821,0.5039346653674142,1.2221335591615685,85.79551675328801
30.419221193701517,0.5069071834722066,0.09665053732423334,0.39166870959348943,47.59629779647703
121.33517215122028,0.31419748646880674,0.018195935709771405,1.8278240807584165,279.58800012481476
178.97255673475826,0.854331031644593,0.5445321974819392,0.43192123716569153,348.6135638694826
151.3878367760475,0.5750150415685037,0.4138505074400214,0.33032338958204965,223.4349129016771
204.34589839298343,0.49489581439354347,0.8426644943620367,1.9941156581277226,435.2408082563505
37.673511689641266,0.9108854030955976,0.6423054796934369,0.4268333889060565,84.95378727079961
176.4417515184712,0.8379796982340677,0.4318963464956951,0.20018671731881477,270.69895819919407
46.73343706310253,0.8128018914258494,0.22600706010119387,1.1240144217386012,91.59829335088642
65.34672094061315,0.22560920423184416,0.48042220881200615,1.6543874873499862,134.04328033559213
170.5221749988723,0.15312311146835678,0.16299427878615658,0.12150143972660432,197.40318817847165
235.2590459832343,0.6900965197127477,0.6670126624731854,0.9802083504365466,499.9342911851521
146.96469363150817,0.4686422563413959,0.60572907246576,0.13700468091397822,184.993316862816
13.552825440415296,0.6837127129568435,0.8100713681262028,0.8573822357785659,26.21756384497434
148.1059982976441,0.7606272321111164,0.44952927224227623,0.68792025754065,298.08165155340976
10.64295710345002,0.2953135073447509,0.278648533027529,0.2742588362661129,15.523065402604407
212.25289787235272,0.2846504331228087,0.8363953592357555,1.8620420468604317,434.9211634537269
170.44399928159865,0.4908315662581837,0.6909970814598847,1.2697739589047277,308.32676339748286
41.96411921818952,0.27354931352649736,0.70670916405935,1.6861126011564143,88.4549392374498
22.467180894895435,0.6672952760161995,0.5280845714063456,1.8118890583630198,45.75411420718934
44.456208316836396,0.7467304458807168,0.875978614886873,1.860370661976975,124.42158228534123
235.2165095032291,0.47203894605324437,0.22778350747153586,1.4962292327387574,482.8862867735234
110.32527386880831,0.7237997655986432,0.4016920253529206,0.6138966304683946,186.70080503936606
188.2873871277672,0.5104375690707762,0.7962325716648236,1.657865237710707,374.11301447496146
152.91979793481255,0.7128717219670092,0.13296090196868116,1.0403658229641397,280.0989483938149
137.59294941509364,0.22496824779572533,0.8081094930162147,0.543307843653541,178.35310604564862
35.2586959922794,0.738843045933042,0.35259522073084026,0.7715476199878395,69.96982071132778
227.07285662716376,0.7151240234570178,0.12550369903036696,0.6024470615462172,367.25403270597405
72.67156048727495,0.26660570704917763,0.07914948553522905,0.9324080800060548,121.46008288795923
138.93512318590635,0.555970991040175,0.8430287187537342,1.5626702762418243,324.47821431047703
168.09633872908134,0.8553116678744016,0.7786155456256356,0.9697346836850669,393.09015364665146
155.99134068125147,0.24952264697243898,0.2880413453895164,0.5357171561819629,232.7010926180299
225.77236112207666,0.7359797840146763,0.11636218923747821,0.1748061493580615,396.3560732966291
36.05113808585389,0.9539667171468871,0.24723442603771806,1.7115121742591977,99.94261649653214
122.25048085804262,0.8662419197575649,0.21298763569367574,0.8347372135526894,247.9333394167812
97.26623658241346,0.40152008268027617,0.7330556516921982,0.8838450907492355,179.71939997172296
114.06341071108704,0.6072077329881385,0.2155630843569175,1.5274431404651436,228.42392878547452
29.052597524359836,0.9917701342527039,0.21609852176762512,1.6994529917296193,64.10460867288259
32.6156590645273,0.5684374113757185,0.032268132498855406,1.022289815949341,67.53480171466568
67.09909321461114,0.11502760243036658,0.5968596883095181,1.2647356676171742,124.63117596474545
73.4767526007191,0.04543075477876091,0.6889795482561073,0.47831340107796705,107.48176662490606
102.98281967668332,0.7903145097440284,0.6534904689480839,1.8701358911320527,239.62224251098854
146.83151751527248,0.42362832540184614,0.5685991561560785,1.1358425361234838,322.3784995070621
152.493673621674,0.24681289062919443,0.9660749488408352,1.4392097809903859,295.32775174861484
99.12870973224408,0.347672030660947,0.4727385121770882,0.22842610870514157,128.91703845722304
98.40355470817296,0.7573728665464523,0.8601365081212348,1.273841904715433,205.95571730667402
52.6220321439224,0.46524733563382914,0.6460099103773388,0.7378995648070663,106.60293949972325
141.39934649395747,0.8684994925258765,0.084161940687836,0.9001259503569801,249.4591996524535
76.43129826047847,0.7349255887776993,0.8100884609760892,1.3643240646848056,158.16711766656817
9.136330309428606,0.974014150445425,0.5843885416898182,1.5926550864168896,28.930886120624642
100.70681057556806,0.8885037667898433,0.6535256593254346,0.6987304766700635,221.4241507785126
114.05477568409579,0.25454721178600914,0.1802274356238519,1.7464737044692615,209.67664087126587
54.52949193490853,0.6590592328025533,0.4374900941423574,0.43798060838339015,82.88072199651468
137.6036749827467,0.020543034528143878,0.8805824743742842,1.1257964665252362,192.32998480278175
136.00237015344507,0.9911067244295982,0.2154311930863153,0.3025309606694784,249.80946645142916
168.62952237593396,0.26100610880259656,0.00012490653719365863,0.578499544788774,258.6959415841513
155.6836614871898,0.664795093623584,0.25750871211747506,1.7908229387945187,409.64787375293173
156.75771703678706,0.8491536211995653,0.487542449176412,0.02311355214990929,209.67610234783822
76.23328936185833,0.16046466272797144,0.8212780433019213,1.8312223772908938,137.2968255127371
189.09001716563594,0.8478793428104792,0.6432909005733509,0.6568040678277203,366.64823863574907
132.02007987212323,0.012245665790822424,0.9190634689571758,1.3915908397541679,303.81491005783465
103.82465774558368,0.4419771380854074,0.4555644316278935,0.18343658886833558,164.08983286797888
150.42998918538316,0.47203762253113846,0.3908152229570373,1.2825429246732833,304.94751452354626
86.8774316008359,0.3740907132587359,0.23141821659571327,1.818922559530377,160.34859952953715
123.3010490833186,0.5863847463004997,0.21806248453910415,1.110403850799966,186.5579739764113
176.94101239149177,0.914842348702632,0.7361098970080604,0.7242429965669517,364.6812155416822
212.79349137032798,0.3269891143002891,0.08035912304530912,1.5871552401923876,408.97580077481535
221.0931987521984,0.5792598871664242,0.24271358483300864,1.4254508487431856,443.6118830317361
121.12008558135226,0.8774625257433228,0.8858952595401297,0.23538512184387295,213.88566236490723
125.1058899803663,0.7729953951013782,0.5769208180996529,1.331403073753273,255.2635977427977
192.06896337793884,0.040733264805495994,0.04658760906833226,1.3293116921697592,282.99413142763353
75.81094067273621,0.9427907641276623,0.7042550483297855,1.5038423347193959,208.63602766064375
201.0530757816439,0.04664690425861273,0.5066823677531164,0.632613730280513,257.6567401530761
118.84692434092291,0.5887584743743296,0.8545217274980156,0.802555963281592,219.302723338712
28.24768547829678,0.5753536203151648,0.682433872541263,1.9200761130716237,66.42800398179624
17.758165723970016,0.7863902307023161,0.00444658797778863,1.1469138415555855,38.55836785067642
202.15737404395142,0.14844305184897766,0.20573908717492062,1.0170099541962891,294.26721614258935
13.808516099197258,0.17937039206270378,0.257963700564945,1.9736993844041952,31.09414324717266
67.7064389540106,0.7521069327383605,0.70223228916165,0.4591152637921114,116.20221358338381
80.52414470012022,0.14950475241162509,0.5093141776700942,0.7958738201176394,122.55391549861031
41.93216962338671,0.46944512706563957,0.7474474970911631,1.519767123191578,103.67726464493389
75.67746206757641,0.7316480902109319,0.5128671987834625,1.426201162572089,151.01511522576166
178.37486973065802,0.6512419287826812,0.32738461069660096,1.9334012861517642,449.8334350542207
4.016541032636949,0.21060418611309517,0.10366064670868935,1.3086006816061684,7.7104271726155895
198.6080351727044,0.30396025868608556,0.20262209866873626,0.6261899464973719,310.38600987798463
205.64325164610668,0.968974903241041,0.4007800803456817,0.7953039341093497,418.6179232931179
89.65664677937579,0.4486706201548839,0.5514543081817787,0.17942584803357975,159.98926225399853
37.29028932502204,0.04445747643638054,0.9386374031906226,1.8474405166441594,75.56469984637519
144.40127770284687,0.21958489946633264,0.23972017706650117,0.25733604549238476,191.8003354886781
29.161577129642193,0.34243508966183767,0.6660849394466838,1.0914074481528953,51.67155932753157
87.89818697824148,0.9994894042945859,0.15254591149330166,0.8027902492349359,181.87701606911946
230.04378882578288,0.3026915474769186,0.7137531219223341,0.2684472260654749,364.720697426959
238.9137411837811,0.026395848782544973,0.011340877143979022,0.5859845072495962,298.0623315180298
185.41912147942324,0.512921577555336,0.6559199499296157,1.2671380318082501,295.8176726677577
74.9752816260235,0.08360538497397707,0.16321765671452437,0.06250298222173156,87.64237576835085
165.19577927527916,0.27406759869572184,0.18032444638082334,1.9319790667025856,306.55382730555147
169.44482453342104,0.9923831760939391,0.5589076333145773,1.8181912359401011,466.6584400911192
93.38808599169411,0.7046385189301544,0.3754115459087124,0.16920289265300603,149.56272226940038
153.99282798338518,0.05066662928287036,0.4713051505508362,1.73670709670778,320.0602123289181
3.06927097167446,0.448686718591796,0.3088888825562579,0.6571424370964938,4.564470410941667
50.56930923523683,0.1716375126288493,0.9534670495283252,0.1350088970515484,64.32475836289673
126.25864856065905,0.12294465640212127,0.2906561000818888,0.6122256685837912,171.69480033824095
39.71843736986186,0.587065413348802,0.5420474247354999,1.61777498843457,74.6705204981975
40.234694856429805,0.5056558896402157,0.8543555555408452,1.3316629043358448,93.06582414813671
200.79487758678198,0.7428665843155082,0.6641808122608212,0.47711920134077745,305.56175435246047
237.39735414272351,0.8923062282318597,0.32277694698172066,1.4383529531404837,602.0712979917452
133.65467801281338,0.24668185743166193,0.5524366833668194,1.4156422290210782,264.2782817955988
201.45720054617036,0.9229919866553971,0.08299112623272742,1.4857227270138877,450.87086315765754
237.68203860614227,0.5179917725540955,0.5456864027076922,1.0813133353274793,472.4699635465845
34.41221531222154,0.25883491818511717,0.43138908835354195,1.637891304241406,70.40562187136429
107.85482437441708,0.8457858381026093,0.7579337070734441,1.2827244359138268,234.34495735050552
94.52116544413981,0.0355299180290225,0.8479028431341171,0.2507984194887849,125.42912567274887
19.671803433261314,0.5595093774729606,0.19961652164743904,1.62051197551067,44.9402323797295
181.4015763843413,0.7216215350299666,0.08153590546076306,0.647536210088933,291.5901679609356
104.39007704376102,0.27997768715614324,0.3905569812448356,1.4100694363945872,203.78379986933774
112.9038007386011,0.8634919175632179,0.534150408200547,1.3502634121836115,188.56779973433075
36.586177228271026,0.24028456335798487,0.37680194831502256,0.67182504207342,45.06721352945874
43.83193320929291,0.8398742827317391,0.6285611709980801,0.3233673169773643,83.5632852778533
217.7513175064135,0.07854496383245724,0.5056512797190751,1.3899161758807153,368.80127129128806
11.193456809339793,0.1599275918684313,0.9366260346650898,1.69804670615882,20.85172803212262
56.26812224401765,0.38098458390190815,0.40939112331959304,1.6764626338690702,116.17858497674221
70.44820961032954,0.8540555127981793,0.08249417294858241,1.253009683732732,144.37301499545075
117.90231140517994,0.14458536512678244,0.3019350211414771,0.4548145394695695,143.7508793327077
140.95361893704361,0.8754382397942415,0.6058938623632445,0.6324199346059023,231.30363084594137
118.64294921623464,0.22973152661279372,0.2560250986070861,1.5092553618787532,178.63227198528875
20.645622626373246,0.45250839859452874,0.2689884518056338,0.8217078594138556,37.96361656453098
58.85835524634339,0.35273440426033775,0.33957248402235085,1.464994836936361,109.90476720035043
202.53941815062862,0.11812622661452354,0.7461417799090552,0.6188999851862513,330.95263076393803
153.20249376459094,0.9443097395191401,0.9401332342939615,0.012636493073463928,262.1789653461906
155.9711975071587,0.4381782907522135,0.35037663384777995,1.2069801293126485,305.4150686409458
161.01367965664951,0.6903312613561945,0.1954880397604919,1.2018327102108013,321.9205910949411
183.21527305996722,0.5752676766640311,0.42063695216710306,1.2551093655599932,370.7162029189586
14.416981372286637,0.5017159168522074,0.35183969297962614,0.5363712715369637,23.730151406119877
88.30270819136067,0.616577623556849,0.990024914123176,1.6221419006231779,194.79865382772476
129.71682074517204,0.8983423062024289,0.4638682585179925,0.9749336776607307,239.60818510979257
81.56032774970959,0.6993123756941095,0.679283352811864,1.5247758179696942,198.7092373183751
202.75269015228116,0.5324800794552211,0.9137880666448532,1.2221869287525293,484.3641679784541
116.0761158066569,0.6451859606659763,0.6290615773638835,0.8321416296046413,258.0939631797217
184.5863076755213,0.6063942805090216,0.24937847491985388,1.359253693281224,357.5896464166634
204.55771629304,0.4331212074863131,0.6074100953332803,1.1499547120241111,361.7456240107504
121.3975601553878,0.6247640101304504,0.4018763360651161,1.0214222667957746,222.23648073162465
218.3377624071883,0.4435698001641636,0.42234986943880704,1.2971210518386138,417.8534676036941
141.11618375860684,0.7576143778719123,0.979324581370405,0.17187795273385875,245.10650338573532
204.14069457067635,0.9689124835222855,0.2785910135948526,1.8205221787108576,459.27057884036486
82.07149554417006,0.9598653574972292,0.4689351464783108,0.6701640921647207,140.54606831940478
119.9666615682907,0.8207357864249805,0.1598670456992003,0.4493859271740588,212.73570609239204
127.77294432059637,0.6017588970594852,0.17854419868548876,1.543592715352356,175.0736369846369
25.642641957108903,0.7493319880707405,0.6034844240858339,0.46244377418503646,45.788431883597724
95.95332535501898,0.1780482952575544,0.7510157081527147,1.99153924640212,186.55816161966277
220.20237257612644,0.47901845731392256,0.6364598736168452,0.8409850831268859,428.3237059819527
151.5843215673558,0.25730476499136434,0.3292839979029708,0.5932488173262866,250.10556340395655
43.01282649365371,0.003494981109347095,0.05961817256501978,0.12413014525214705,50.89978383249807
81.6559247285004,0.966737574672076,0.4702638621486921,0.08360835472764028,137.99850720399343
46.38892081421661,0.8638485618518413,0.504269653093964,0.1902811222807359,71.46771379790475
6.445140065758123,0.5136986184699268,0.7706516079598186,0.010065657624223734,8.744916579878906
222.62677981171439,0.2541522881190068,0.6402895622919548,0.6541799588118806,360.6834216427454
107.84565511752072,0.6929752101992367,0.8712586276009868,0.6209088002016119,169.98084148171
74.15464984477828,0.4348010845499275,0.7829828786950916,0.8601834908771784,152.97821480263343
143.8352873780779,0.8033495334226994,0.3658777838109468,0.4658458464821962,250.01875371661782
2.251812282177245,0.9995181101809494,0.6322214235246982,0.12548231588823966,4.303174902795547
67.08629453089492,0.3490826074898701,0.7472865294551266,0.1423250559058975,78.59334521195268
168.87651503488476,0.24440304347804775,0.9568803691727449,0.3642927506103659,229.09701726897384
152.28786065008848,0.26738248879475823,0.42235216262224584,0.6331790537382294,189.18385627283845
235.64252443643724,0.09334624568067196,0.648281992311136,0.29598410043102463,340.36006812877616
149.07567146310154,0.3940461965001554,0.3926638352816342,0.7302356472288587,242.8286184650924
114.862656733842,0.017425052716909306,0.737828178869787,1.8444403067243964,239.70879871548257
182.86309888256983,0.1143955574012756,0.9119931713105572,0.5232060190592336,271.24184140095855
216.8470253353907,0.2716957472726703,0.9192260157195751,0.33679863402529375,339.06087748034935
173.1066792390452,0.15986277590948073,0.15708751738751003,1.3295525060044635,289.45018464291456
231.18908804007643,0.7321590995007252,0.20409659762087884,0.9817620759213972,442.6466728471963
187.79023839179345,0.10560479086790031,0.7549294507897987,0.09450803161851429,232.03727207567437
208.09894446373139,0.8659941050245247,0.6310098859424019,1.5756146623327776,516.5573842756816
27.827925048481106,0.22111450371095287,0.9051072868549548,1.430685943707552,56.62245461746809
175.91303396701215,0.10859061697156769,0.3138005594155354,1.9545967234806825,452.2354196627792
105.90124353680478,0.010106644431258527,0.8480208111462629,1.8766132391245913,247.87560592605362
132.9683606775004,0.7152050043221464,0.6837758569838599,1.168496587250488,231.0717208805367
157.15752707102445,0.256616745938542,0.19545631015659948,1.3720425871612252,281.8408938706049
232.77072045098387,0.5094986051377748,0.12649436899563926,0.8190136479736543,384.67309716648936
236.3064505028741,0.11161604667215574,0.7027236020086076,1.776934373058093,532.7566385953586
69.53066479435331,0.9852959232362493,0.158461512724268,1.1056176503986959,145.88136850341843
176.23396263638094,0.1253847390699553,0.7943290397431482,0.6511026526700909,279.84723170404334
180.12105733549683,0.4119259266418782,0.5570950401273173,0.018982983819165078,190.0021572247382
83.48504028447519,0.8516495023344659,0.47686706246278976,1.1728995299539995,153.54430818969396
30.166811079980935,0.24488694848040682,0.27552903592141964,1.050867781029789,61.34467154552587
10.306796988429882,0.2669717853461734,0.9838455949248598,1.6237543557262064,21.55945658203503
186.67367904323825,0.8084995158907329,0.7221671109105264,0.3740092526132728,306.4655203267218
117.78308816514897,0.2733396571920127,0.778063647164877,1.6308025356946825,247.51060157202232
236.5368705940348,0.0028713110948129783,0.7687109276653382,0.030567220511127147,244.21667016106161
111.8611427583799,0.4279137204899498,0.5840155771765966,1.1746267553994647,207.80131576691088
234.71111648818473,0.01253520967847499,0.9396988419588779,0.7937048024897622,307.8382529009245
99.07245252547735,0.9097922838293668,0.5838215033826768,0.6630410426847835,182.04419832231278
190.58687505911342,0.6418132241792209,0.5200455851041494,0.8665919343334412,347.1764522866233
20.81421571868378,0.5830142662212422,0.27371044242286724,0.4471829723981453,37.716876313644654
133.53307957799444,0.2015895108623631,0.28173591984167345,0.3668513061999503,188.19187929159799
192.59331898308096,0.6999461854286363,0.7368839059820436,1.6102137680028992,473.7487241869684
221.96604929916333,0.6772546436783458,0.3347674216396055,0.4555166004612947,377.57765012386983
197.50865020287486,0.060463573925364944,0.7287107451466779,1.473943988992732,391.9822869371787
9.354489164681226,0.8808465308105725,0.952706758814825,1.4227210888852646,20.35529429571301
89.76221074296284,0.5794133629298055,0.43930743677875883,0.06680083141400495,123.5928959585432
12.163284119167379,0.7924668810386102,0.09732564287964196,1.7621448403750903,29.43972250961343
26.673108721936643,0.2629140721288442,0.6665464813294362,1.5787102601867606,51.890574761918764
162.23569806586244,0.12204779975345414,0.009523031695485629,1.5921344988467685,291.21582643644865
171.32533801665173,0.7024495731867846,0.7870035212722968,1.6183821044380537,392.0503368351071
185.8061035190145,0.7938826862551621,0.5256531170387184,1.1651064581501276,446.4072012115602
207.77684325933126,0.3860335336192914,0.4897322040086549,1.9867617337755243,524.5662044254329
177.59383670012411,0.02369227531631124,0.5694421605776873,0.3583042809549102,212.94235312398325
192.30874630953838,0.8182540246538645,0.5164085439347159,0.14467186188334957,267.79319397903174
12.226808502675379,0.20609390633044067,0.32377727179602267,1.408334944758844,20.737558940366085
56.67116853069101,0.3390319418974882,0.2815089096792419,0.5878744747913724,79.21778987409702
149.44451672337135,0.6282310077771303,0.41529746062389516,1.2164664478601055,328.6884540834892
206.02101045764516,0.09995471921130272,0.8949092819155667,0.7834032258776853,355.15840529347304
1.5777799230483598,0.07199576613846315,0.135370459787843,0.667048317002007,1.9405758889293234
123.75372743686577,0.02570377157527426,0.3247645966865833,1.7864972491897448,214.9986740773864
162.71033214777313,0.9166398602394554,0.19230042794940438,0.2840869172238638,243.77573548868585
7.5909457463028644,0.31138274426865564,0.42713697673738193,0.37797130878729823,11.149937550400962
96.6246560340364,0.6606588151171319,0.13349841912317117,1.3356817057401613,197.62511100360183
215.0045540913954,0.9892352490177422,0.7607956139022322,1.5652020255302597,576.2826283675666
161.35126772097817,0.6694507935619435,0.10346739258457471,1.664428983969843,373.08709747691665
57.41917802486306,0.52509479585618,0.6652620936172707,0.4622994326845038,101.68604100380337
204.74108054684308,0.5209199335172385,0.26771032486902346,1.7642268365789078,377.62964406196755
83.85352590657868,0.3769171484555517,0.4721899968576627,1.2191013128491106,147.65978757362024
204.87604873900224,0.5997796559550853,0.1999879617175414,1.6464368378280865,486.03843640887004
72.09700444297788,0.9587913895457043,0.7302236794757191,0.13704388040643933,123.89881147334708
141.88170008651417,0.7880440336983101,0.9482759892683243,0.7137886719708431,238.06883074251806
95.56714622560627,0.4242266170332375,0.22174528739299593,1.0497279689813377,184.68453551865255
66.32059965583855,0.33244482903253325,0.9531532077128283,1.1539140651645718,119.16739632444093
212.83053614016268,0.8835315296231214,0.325273801011434,0.19814310814741232,405.44137165732565
45.428686824508176,0.1357858256265938,0.5578471670519016,1.077316489204351,75.88335417958174
20.81237610096526,0.8495852569643018,0.7015899510855761,1.3309728661860492,46.085238463168956
82.39150178168566,0.25507676134233237,0.19926861606519364,0.7231901715293454,142.9720965816751
172.37457586015543,0.7156292357759177,0.44476393743262765,1.0014784885612615,299.22281355046033
193.87986963131948,0.80622058077483,0.06782748066405009,0.5851328432881198,398.9386803401904
239.69903713099018,0.4769965172634726,0.69705377602802,1.7410005437439708,497.87806291472305
71.478712654174,0.19228397614227433,0.41661611972447843,1.1984132133800527,126.3387529664048
98.20209729594208,0.8447677434623754,0.8916445326395909,1.1025477922717914,220.33021742443302
33.268696088095496,0.36750834505331476,0.27399188857313794,1.8887148517554202,68.09427653402456
138.18182714471655,0.3206802604825193,0.9236013243239269,1.3298630473202184,251.8714962328282
239.42041892446866,0.5100161823534396,0.14103984468284503,0.5596468830788561,370.9206613717229
168.3610019238977,0.4350862411039177,0.6069664660138833,1.2835061623878985,297.96625969581214
143.05347527900253,0.6830522170387242,0.3078081798721789,1.923246913306443,404.6732314674816
94.47239775476966,0.13719780837266538,0.18178161095328738,0.04711651185459709,102.79574975863395
219.7140530883904,0.43568965404787297,0.09393717171916549,1.2531820140219885,457.0208621288148
119.5115247732187,0.891701811225204,0.6556425588286899,0.31366992177289865,242.3271994948798
32.68087573847823,0.03606270943972545,0.23316793325924545,1.6329190221327785,60.968136230592066
88.00814193619247,0.4573383331533264,0.5728144120710477,1.281369059282514,171.63074512965295
16.586417189040173,0.6605319663852102,0.9794187228352779,1.873978985939133,41.40612524703663
48.87397952646318,0.8877110870419853,0.31596182027953157,1.3391557241948597,115.56113110089808
4.731673049478973,0.5937862269331757,0.03494427771672881,0.034437786315289376,6.7279254485113595
109.06054000178914,0.8244842712393285,0.14282261439642052,1.0207076888016686,185.87302690602257
152.47239345595543,0.22269101895928645,0.11932200941117077,1.8073361272323105,246.9425343411491
82.71854473974841,0.35280943622785954,0.4632835272052358,0.4646060083426582,144.87542415253176
101.18143427551387,0.9421322739280427,0.7446505696606273,0.16579280835976973,135.7086455367713
230.23062084627594,0.8859751130926863,0.2964443857818584,1.4397757384436836,534.5271693822689
180.59516761719226,0.5579529826887045,0.14584277084384323,1.0050171338782399,324.69479559577167
130.03516454831583,0.47548833779484523,0.6407667663289269,0.09519052278940321,193.86091978723942
68.64753958928215,0.4510673914544585,0.30118020884924246,0.5598304648788481,97.27436375147926
215.33073330613234,0.05878966156701604,0.5751703493122327,0.6534972952861906,320.0177789967569
56.80575949291794,0.8923771039565669,0.9337865596727519,1.335722955975004,136.19745777434045
78.41958395874416,0.8181495084153355,0.2913469549265262,0.9432004414215323,201.01124859592966
218.22102305429615,0.4562511447278671,0.5124916144862686,0.9743806531221704,403.9345466942492
127.32532224077484,0.2794399727194734,0.8068119136312163,1.613207399189155,296.61349217970263
178.28514888560542,0.34292060642653055,0.6917181124976282,0.5568341970029262,242.19959270457616
141.98337820222199,0.12316058587288947,0.7514781747791858,1.345145483150618,284.86950623867796
156.9986905577741,0.7217897413057226,0.7725693748561002,0.7351146096574499,311.3130813962003
72.20229831780073,0.5566698565548577,0.5399160203340431,0.8367400950932087,136.10604766398356
58.308608759585766,0.23410342282489494,0.536062107902265,1.1118048263415217,104.87187422494499
77.73691714689534,0.6230055720776897,0.7188895804484474,1.3912936096045843,196.60282721917906
37.72825459797968,0.9792302142549747,0.6976482701135557,1.890390521798749,101.08925645227808
209.8982904871484,0.1223951354761792,0.6700576640296851,0.5380223251165459,278.9936851682105
68.33764051340232,0.45848501062532776,0.3821346921426636,0.20749043928415078,93.63847392441832
134.9767099622451,0.4941588209221267,0.8285426456048768,0.8575838453452074,271.0242210356977
190.1778748213591,0.16679721382380241,0.2362028893708893,1.0934319976353457,326.43939120448414
188.22587419548339,0.5315802109973148,0.15573196635271225,0.4560072080784463,251.6837333387836
105.4935089309142,0.60597725854809,0.34516221911570155,1.780991547929504,250.40350481267294
114.5636254065208,0.1573445388184953,0.25383124040495597,1.597694031759114,190.73246513100668
238.73106886993844,0.1547238990088764,0.6631825122031564,0.9873278268843877,414.71826554037665
162.06609573647626,0.856348715633756,0.23101785114996087,0.9001278660711773,298.5084724593664
195.60590712673292,0.31138743667004487,0.6564898383508689,0.08148251340922497,258.01072267159674
216.66167562800604,0.630333387078631,0.5132227948407885,1.0737794655525528,406.70362045026366
189.12776577692674,0.6267730756752141,0.15245006807525963,1.1914941908477745,429.39493444279043
44.850453116379434,0.839170875582635,0.2583962641210229,1.7832635629048996,111.70727767830132
135.13989073014855,0.7398946312315234,0.5217267843032228,1.0021961314929644,308.2960814872619
24.903650676833497,0.8405764334382778,0.7331053039236981,0.31475484535625853,58.44623527634078
156.87484931207763,0.6252147896506657,0.39825164417467596,0.3601138024466979,258.49881386152845
229.30618805098072,0.449457160513994,0.23283264217804,0.3197348370468618,389.80274839393985
123.29932939987665,0.3935665213130747,0.2950782090937888,1.8770697481111223,246.96584081498347
104.19691204183025,0.37902976666143584,0.09511718927339685,1.5867785147208144,231.91086258306473
9.084338964650081,0.4183930979091578,0.025149501090233062,1.6495322526401073,16.85830125506389
230.36599809784826,0.12930925215377032,0.9731293119968542,1.680867037620908,463.4716687190512
25.169142849173028,0.423958371003167,0.09640993436591538,0.19126928517985053,36.57160078483237
10.33844284651084,0.38944490720262115,0.12488734511065003,1.4043537123632241,21.090507253929424
59.43295345543277,0.03457166331823147,0.8709640850796426,1.4086734250440502,94.04763812139733
16.19453892345259,0.27513075532634,0.663505235719258,0.4496434158614899,22.19461051482285
109.50072325761708,0.7519069747402168,0.4360725312453263,0.9813315404784748,233.41851076570805
124.10302840107842,0.5779455714096253,0.6490234057258495,1.3248617682369694,249.67947384699193
75.36050279234586,0.8061674967560302,0.9349848235304102,1.794672873825261,162.06913164238975
12.70503557668521,0.5426880443807649,0.09937731143570594,0.22085102185996708,18.544071681769328
27.228288195689796,0.8540837654752674,0.24371102717533222,1.78438630801327,64.62414633376144
92.58879852858777,0.7960670996017167,0.8603004034707409,1.8448299331876785,235.79993203820598
14.996563972955403,0.09828457014224712,0.780639345301107,1.8472196696480947,32.143393108906714
167.71643928357426,0.9770063680159924,0.9942567215571908,0.00966978421035658,319.17184394166804
50.081419695192466,0.014747446901328787,0.3139088150721925,0.44199754550963766,58.4858493298246
72.84614072368142,0.5968380379296185,0.9448863971385452,1.3824904720507425,152.29057020261385
94.89312363415435,0.7925115093167623,0.34368883129500416,0.6434795619765552,193.5572820527629
100.27800712006092,0.33189413985090344,0.7150931911854932,0.12216658303172556,132.7087561547042
0.8977394881147275,0.5985697922971579,0.8827429476215864,1.5258841610985416,1.926840009987106
27.34085385418806,0.3621225308474483,0.17078209525836174,0.05718438493017364,30.007240100831623
207.1321130159403,0.0606149750075019,0.2056386550352003,0.8920426558642878,305.22892680732076
0.7953184716019981,0.008461519089330904,0.5809586480323466,1.8951521815109782,1.6150244738195345
122.20608171718358,0.09486203011118832,0.8438247700355141,0.8804656527281696,157.8599085634124
117.73573055847633,0.0984095941200468,0.07894953522211168,1.823774570805613,199.63841069403225
80.27605156204775,0.6108897773937499,0.8508808097559035,0.8180084918584409,132.10266390609578
103.80282132507469,0.5258652309625133,0.34312052954509653,0.693372218203919,192.12248032812167
187.44918243761694,0.45546330017314207,0.4062266139725018,0.21476560519804688,222.22116716670538
201.96828763848205,0.6919214756024176,0.33986109568755607,0.7161818180543984,367.3361384304607
62.853476147952385,0.016826137012448394,0.9114799046076875,0.673972980043613,99.5858109316348
77.73646061177129,0.2709834814157309,0.13079432658283907,1.69310237195397,155.35017507031142
58.574643300285686,0.7773927312876279,0.5742744811763433,1.8398303484319722,136.44366186869368
115.4272844319801,0.9099771065171185,0.14810808062579173,0.04386017150665977,195.60643193038524
164.1403766592857,0.4383365962375816,0.9285946300948413,0.19651282109400148,279.0783579989583
55.16656367348922,0.08148398013846636,0.7979313135356194,1.2864569341803664,96.89407941900795
79.71121022214056,0.798728739228488,0.23381927426107785,0.9694857761809887,123.57592064037414
223.32711591260153,0.8851704332727336,0.29777826808815355,0.593757270094192,472.0642086601552
12.132344918346458,0.41366027069371947,0.3815153279626775,0.519814119432656,19.828723700014297
110.85432045487612,0.24335525392027701,0.4054176752954365,0.4493491790372397,158.36894124319426
170.91815096242829,0.04397166822294529,0.8173428586320551,1.0509017385162742,225.97484925468046
36.53373576801504,0.591082821894856,0.5645333553091904,0.03495987297432013,53.22085567536124
11.846077791312904,0.9098694905624992,0.42794931489172805,1.477768752937916,25.222129266583178
33.60018650742811,0.6778880255203257,0.7194446569363528,0.6007760157814621,54.31883856179572
220.55815485059856,0.31724859789473436,0.45786487634380657,0.8536629024711411,363.9100698623692
2.7177177461590576,0.6428883242899669,0.12824001688479048,1.0541043956841172,4.926280441652505
45.603112967318765,0.8320684074480255,0.10748918426952836,0.42271920545529795,76.07188920148906
7.99240133994387,0.4758300593494579,0.32595667979517173,1.7674052948474042,18.56872254242425
26.99575748114768,0.8197484899978386,0.6028702376151721,1.3641865103565345,62.43780361919677
149.02575414747696,0.3919096766663541,0.13484132764823442,1.7405926841393327,292.1039550711365
58.37251864301104,0.34850567859577064,0.5501341706974073,0.9509012105284693,95.98347515637052
136.8262860781471,0.582988625878554,0.2696096448087335,0.8649209159788194,237.2640593600021
141.85179417248722,0.46468641769448127,0.6954134156082917,0.47428513701828323,226.97024521410583
203.93976227500207,0.9771119204610832,0.02826270117637064,1.0896807224149185,459.8845977330477
1.635563602393804,0.5163894235281747,0.469023431480573,1.1863271466358132,2.8625898718244884
204.88198551249684,0.38517202891602154,0.0522641490142326,0.8398467540836745,384.4710962317409
148.77902119926028,0.39493354312853624,0.3305077752753205,0.29076512062527793,227.87909872845648
39.477064922137345,0.5479399506131166,0.015575144286879117,0.5462089245912063,46.006065586994566
185.6185044584005,0.3549120380081954,0.4690987605779313,0.028503019034733512,248.59718710237587
205.39022425884528,0.722906601964936,0.7670158684780116,0.6382775356358283,429.7615979269543
61.39610435912068,0.3806629277016409,0.10022003774594457,1.1615179532484134,114.0530979820316
220.55108657619206,0.3841443865252431,0.7352226919940271,1.9114221956740103,474.123061784703
109.34255455652854,0.6169732493768046,0.5841952670923312,0.35579359277885714,181.08386496530696
145.0201568128305,0.06084687269600997,0.5046052731360201,0.11092906105495937,174.21917541666704
236.32356330142565,0.6553549181151461,0.5994832622802416,0.5926225757429242,458.2638670558333
87.08789083408824,0.5049722171586871,0.33589713172919555,0.31359539633720623,114.3750122388579
195.25166332391703,0.45302611428664163,0.7103395537682894,1.3910379937881123,375.73635994282654
76.75658871991608,0.7192529907079513,0.7796658419207723,0.011498329053331258,144.0978974719562
191.9116385768371,0.758255782004861,0.7782238655868774,1.961734184545759,484.38796169533197
144.37577356760286,0.8462608634124593,0.2694597893936884,1.7113333505247017,394.229929349296
52.317189006483645,0.37480312081744727,0.6539070096898525,0.9813411841507573,122.48552593486752
99.65924946252211,0.3270376922533811,0.1480957257452764,1.8418844396138139,195.9622751244659
76.57373443007302,0.7143421014945195,0.49541961359626707,1.2561186653145542,142.81592611552784
19.20696014274715,0.5818048591404459,0.0026292600595175797,1.987529753378339,42.49883273831192
7.645427438877547,0.6318015463518166,0.1935867590083411,0.5566124028189348,14.391603609585127
83.48163797001983,0.5555229071058353,0.6317341158326056,1.993812285235027,222.5525161439746
5.058678402288036,0.7726930232038545,0.8743615052031294,0.3604945842441445,11.3100927930904
40.13431794083512,0.19004088849215317,0.04902829858602431,0.7068367352780807,57.99769452250364
174.18140534378307,0.5557121327413967,0.5585527921743301,1.870648160680189,420.81705508888984
170.0878509462193,0.1581017889436298,0.6367750201050305,0.7410845705074369,245.00937867785913
177.39000255654315,0.4072519392909919,0.9323909811827462,0.41967275413973315,215.51379622075834
76.45818448562991,0.6639938234160748,0.6551437946449565,0.11897421094645821,122.08106581802878
213.65965997968806,0.4930716083141704,0.10303270247073837,0.2979164194442139,278.429458912307
142.7224162528132,0.37959153667218126,0.14674424254448049,0.7104468806423716,241.96112046701447
30.683308848317054,0.8849700014156061,0.6357641288869977,0.8424641049374177,51.53441491010002
34.920619418600424,0.7728257144974784,0.21561967676323268,1.0849022688404792,65.62692911734548
166.4963547496635,0.526290785000375,0.9283054748772882,1.6271759890543613,383.17656901958367
41.92007277787769,0.9500531556754879,0.9206872007858861,0.02682969963676829,78.06284559459905
121.99660202889937,0.42436528943499385,0.9486558601572134,1.6822322624611536,267.55639616221043
238.0299869849262,0.788072927588106,0.29295260781219334,1.1544986860462183,588.8271549361165
1.4598213336348098,0.16793623980141792,0.7169499079603164,1.512956116569004,3.241133438890932
4.470862554464883,0.28579247711059697,0.6630139069348495,1.5139584414150487,8.273129331420233
238.34375737235632,0.33808558133395483,0.03560378133777209,1.8064053586145712,564.2104100049838
140.52100077513265,0.10582075270452329,0.2655650763462797,0.18676041766869633,198.44405572335216
30.894939136683895,0.5018048150760679,0.2067667296794684,1.1430305767128097,57.294326998468065
215.40387684110541,0.19226013412649567,0.37080860173833996,1.8180590567896413,434.8932151448541
211.35108188058229,0.6341858894496586,0.953053716545225,1.4384126280764384,469.14443280348223
128.91999894017437,0.1900923595730183,0.8456016389583383,0.19316982299307583,164.34734629450082
149.4191911516512,0.12350625733927534,0.2934245913682769,1.2279286217595138,238.12670099584355
65.92833236445988,0.9690867275989246,0.5300315310993231,1.5997618184018891,182.47685131391208
12.599467281095233,0.6582403058111063,0.1922661215866619,0.5497235726113976,22.485311924373914
142.898942329362,0.9364509147084885,0.27743399229593824,1.2649864700334277,300.71776517835247
71.09386877206174,0.48988779199323196,0.06500324901488452,1.6808244427882884,134.60128901646604
159.4372406751543,0.033402463063374244,0.6426065009168366,1.0477339118163091,237.06589447461573
200.780719853803,0.5743711704314439,0.6569207744963289,0.38837440169085125,329.0899151945438
4.849450267490192,0.5583288868357085,0.8385016208034435,1.0993642442334883,10.62986620600259
143.1734490372317,0.014975605936593972,0.8715518134272541,1.176007866309897,221.91354606971186
55.89168925500111,0.8612420444018316,0.1600593991937228,0.8057055444681196,118.88857679710031
209.79629524796044,0.6199706806164247,0.7430409461629872,1.3592332490551944,459.6001425514498
61.252649321557925,0.7446911693761461,0.13470763282733234,0.8666657893767886,117.9365781617453
146.7794469098827,0.4939211061575146,0.3737150117458109,1.754810175308948,352.47595166015583
133.07303120146196,0.618402437908263,0.5155365715592212,1.5832509350243638,318.49286801340463
95.38187676419011,0.2574698932285242,0.04946991408707602,1.6095437316983001,155.8175876675094
162.79017288215067,0.9737577677686472,0.15676371154545432,1.0521534105465709,309.82752325505595
174.3218275143464,0.4007200075476651,0.27111609999003816,0.39269564118134115,253.09371324186455
136.28160197899314,0.1623266213376291,0.12754232963418932,1.4488436382166632,251.27993255814175
182.1421258057486,0.055915418374627324,0.9340962722063331,0.13784270315886316,262.16383764563216
236.02838970030857,0.6361719330853711,0.2883191880871163,1.0351498723059744,458.7902530837413
100.91573690224283,0.9833798511764558,0.5011716645089137,0.10595816296303484,209.8896930156538
123.74264092658464,0.8957944968462817,0.9965342379256862,1.0568373747140234,257.2758722612677
3.48653576692057,0.7021045674864136,0.5666426769312439,1.3718443382578105,7.1778460961303105
191.14883923633562,0.9905979289928608,0.4114957749920847,0.838396492838597,388.2593444375428
125.09510105751552,0.7228282620421065,0.9297924059242851,0.8338063331086412,231.1699741038755
98.20676257135537,0.33925112340139596,0.22249775536660854,0.2455877005483207,150.2603346261019
23.030235159910294,0.6012181330601731,0.17950074083870793,0.6036992105967192,28.219980801398755
213.57271299125765,0.07976664248556153,0.5353643690407835,0.8885474411700132,313.9742593815914
95.10423398971326,0.22168249022254083,0.42730173783139014,1.7271242772604518,211.85896833429447
163.97829277110827,0.4175402359284922,0.796986077315465,1.7959598046781529,353.1454377388578
36.27511045017211,0.20181849356304526,0.04201004130436725,1.9071602040151707,80.21216599898749
230.7911362750773,0.9535010148281706,0.6177258244112199,0.20052739425336075,512.6902013490336
43.236801956328506,0.9955975267446494,0.7106791428978765,0.5924216225377752,88.9840235469609
48.290307299427944,0.37093592012166543,0.9719167608239669,0.9258258375066959,98.84555808202924
206.22639510357246,0.7092289860771986,0.14576320023983547,1.2834876487801046,528.8285193765629
219.0635672219925,0.40777073066324054,0.24624321870946764,1.4055969791989869,442.50295631672134
51.30930410183069,0.1395092043862064,0.9324432315692422,1.572032577237833,100.38596141643731
113.01731271787128,0.33692684770210857,0.6306288454833006,0.9917476201203077,219.17818038288766
176.17202964279775,0.2333716987156632,0.038049032735511634,1.1131685332537897,326.9723001758967
210.868593247687,0.32807822040741974,0.07734400225577898,1.9211413781030895,439.3589353572737
91.28312046143459,0.21502168839771651,0.7854405606276683,0.48005655957939175,130.0537349281165
124.3261671004383,0.1123451190582464,0.5674744984564157,1.6075194857683492,276.57725895243124
178.14108031947652,0.2174284293624129,0.5654154816188739,1.4236360687149088,326.49034203671664
175.6070664083445,0.9057570318298428,0.8798656433112854,0.2801796734562123,368.2142775314851
188.01895114124733,0.08522167577652873,0.24109791937122826,1.852983385436209,372.9237194666157
136.99914956464556,0.3247566437552345,0.16043098182201998,1.7107123122528969,325.64308148573735
25.55531568474366,0.5284498945026354,0.6138059476220805,1.5590093057934524,50.408298471641956
217.0016031652906,0.3545126561783568,0.8824230976538834,0.2535471675071186,298.4709799451761
207.80462316738624,0.5176070950188872,0.26525064466761816,0.2793410621857009,340.5733922816441
191.64433587849075,0.04342006023435396,0.681294364791352,1.3663969163971488,300.1431462513787
24.417063279994714,0.6485696333643778,0.15237903185827417,0.21454003035819746,38.177712281180966
49.45316941600229,0.5634788015560602,0.17190869582914892,0.22663121180565815,85.61948947244441
178.59228744328263,0.6809662658546916,0.9015100578627374,0.8005589339082182,288.32025773553676
6.042052652376171,0.567257815827237,0.11796499490637535,0.010755777551243684,8.766301927014306
235.02429977289347,0.4379035824256632,0.024345536655194677,1.4429668056319895,510.762754711174
90.82615094518553,0.35014154229408245,0.7749404481107842,1.0804139863496531,167.8890695028606
172.77535181895226,0.2264351900997762,0.36250954852518036,0.15634829842930165,201.08712651902493
213.07327569288637,0.5000677268066126,0.39665855220213087,1.0871654969246851,391.23404963288425
95.01385821194471,0.026052452377506974,0.7998575449081955,0.10817574575385591,105.29067391983754
76.93223101962002,0.32824082809932575,0.17993579157734818,0.1413922119964648,101.42951953478206
146.29350037113008,0.6778722935645294,0.6503269415210357,0.970932380302908,283.72217745878305
139.64695501265814,0.10871703968635926,0.3135283288376345,0.9996465010312903,208.9123876202919
98.48902464113891,0.06289124231952858,0.10426846064684414,0.6779895457864067,140.67778934313498
144.62505403031616,0.6521786052913653,0.6874960489700879,1.2435429166236633,352.8880771400999
224.52383801117549,0.39777472114235024,0.3186641345509361,0.7747168053095821,385.97952045574846
112.49984146206985,0.8018250365493811,0.8666041042800707,1.1739211580259747,281.44949905965984
47.6197522897762,0.9373113039713239,0.9190356502319008,0.6995698747992685,115.21019702323024
90.84083290047943,0.957040453732577,0.8490517619209528,1.4299339293179512,206.79953803942752
94.8886223310519,0.4255928538941792,0.3223517474354619,1.1585722349191352,180.9554834345508
31.900531979779657,0.2643272242750323,0.23658262435965616,0.3200870936844551,41.49335084757551
39.5077243828159,0.608613738742478,0.8928006424077998,1.3725377103554397,73.15766794461294
164.4526165777857,0.6281929259282364,0.45294698387646126,1.567871845066917,373.88333064661725
81.80492213303219,0.6223449360758967,0.7077397235580157,0.13174813591216528,116.47266602554423
229.1981648494659,0.32177861371888117,0.8271642014106343,1.219921190601219,458.25132040896733
58.84142051338648,0.06375173641730303,0.2776866548678225,1.580859312026145,89.57510815143289
24.192418972604944,0.21000483882559895,0.11909742793479017,0.22930579555720687,31.03143923989174
180.96434283856178,0.15441942802223374,0.6248275633432858,1.8033048394700621,308.7904547978541
211.5081344343299,0.12390034578331022,0.5901922557632251,0.829597572505512,352.2070726030423
67.10814897072134,0.9262833210715731,0.2702000726585758,1.4756796421974363,149.22955418717456
48.900100344091975,0.013847645973967926,0.5847067213853422,1.7980996936585347,89.4474071330178
44.990989301625376,0.6018577392363217,0.7903572544783429,1.9792743017405663,121.35088469161433
125.5219461772797,0.9474737957401368,0.3500109823441274,1.1678501280625795,267.8018020697723
112.68578557860164,0.3600531274941279,0.2423177189255722,1.4085478570063084,217.78643327449117
62.635841645160944,0.5270980891724625,0.7250012136095562,0.5033993482348398,104.34417200578676
11.318961518967619,0.6957836634751596,0.7858720166817947,0.5800927443707735,22.059151689428976
115.81717600814423,0.31716969465823885,0.9542894378689203,1.7015388538051897,274.16162609433906
230.2600972587282,0.47765198770724915,0.14758582291747113,0.796487807304679,423.0194130135703
156.77834858026284,0.817102850332752,0.8892641018881947,1.6448679088560756,363.3981526036872
119.17382031255411,0.7453556652802635,0.7650988111899024,0.10119362907690554,222.78034932927378
27.01075173009306,0.8084494114928407,0.7018999079308879,0.4365068435858248,45.348254480021374
60.95849158662615,0.987340163627656,0.31305362919037816,0.34018817794030576,104.46802849862446
71.09836092310299,0.370327474936179,0.02219295118815412,1.0541349394049147,120.66092118645051
183.67045084943263,0.7470912629357731,0.5075504941194423,0.16106109511325917,334.6677604823638
210.47223594487633,0.6027845671019829,0.2857693764857162,0.6877408748426161,325.73434280533183
216.443223929162,0.6666047672211963,0.2898210189266912,1.9724902197011926,559.4273667499391
236.3041816760556,0.7398739048329345,0.9271385771926535,1.5884342734007442,555.2353968743361
235.77682060353553,0.7497313169463148,0.15296889205320918,1.5211828258399227,496.07372859467705
228.74329229793156,0.8857451492948196,0.9342323795905538,0.27022939888108555,473.5661211303156
17.70140265044081,0.3493216752360554,0.50380671001074,0.7291182131640266,26.795323293456175
33.50155185470934,0.6534813561119106,0.8382792760609368,1.3611759425745078,90.06322493527932
73.41973309100987,0.28029043159685585,0.2835875714419104,0.043250474486792534,90.34807605511894
132.91913184843852,0.5945687051169751,0.6339206640847351,0.8679529819522549,255.13715664563617
23.72620434496229,0.7511751401719279,0.5565883957234168,1.8571795784455487,66.39086898745107
203.06837139361312,0.7910010861616403,0.9241660894178338,0.1646796137992157,362.5735334748977
148.2131048890155,0.42012450298912274,0.17929842684242103,1.8125186774120008,351.7312950497001
130.39627435137808,0.5087202232013598,0.20456988974247958,0.3890432490420721,161.8574709065633
40.09206194646623,0.33384985117017285,0.9489643994535446,0.37821444668826243,59.6992983010035
61.154686118847266,0.1690363465396305,0.09796462078610502,0.3908719175270863,82.87131970297754
38.894729983250805,0.2605174051925322,0.6346824690439964,1.862512164606423,91.44755465967724
204.53799129185427,0.9121370048998244,0.060564113215253124,1.2074899887873254,472.97924282604396
140.42257248466174,0.30896954240931596,0.07699080812060333,1.501577890593746,283.4002198604041
176.5634978909522,0.9747593335456102,0.5971487429017218,0.732815212169343,404.43211969786034
71.39987066695116,0.24147808521538172,0.5513679621540587,1.7465018719462235,152.73418752797025
89.41500658264238,0.7230710874810448,0.5730261987535927,1.163874271829875,147.3097427707182
97.46276398015485,0.5739032935718357,0.4736520965499429,1.1996698664130823,222.8309903332224
182.52358573269635,0.6968700495247986,0.7423593405816048,1.5046421041562745,378.5646273293648
185.47854054805904,0.643957946609181,0.9921885363648986,1.5472852466783236,438.72595640891467
50.03183983961059,0.7067485835975892,0.2757812463903556,1.36372714317258,108.12512885424371
225.9985561887747,0.905547048435459,0.32343966731494844,0.23781986719175063,398.24204190240636
29.396953317762893,0.5634694960624814,0.3230495423432147,1.7334531854664497,57.636724889246715
215.12123874045946,0.06784878290399521,0.7632689463058524,0.5217982321705275,245.60872146611183
24.544757133129327,0.27082543444689955,0.34801550112372814,1.9923883166858392,47.15589551974555
63.85728477073901,0.7082189804087639,0.6767370675826506,0.7710158635371864,133.36611859756303
203.2316093882757,0.49407462797567336,0.44588755701192884,0.23999459519785526,262.38255301423254
43.488351326887944,0.5485519826196869,0.6078046670230125,0.6321730051783916,69.42277961482186
99.54951954873778,0.5965804553802915,0.8290153728048992,1.1470684872013945,212.93775847771525
108.24130233661823,0.38262927298456995,0.5140586875542057,0.7828924764048397,164.47727034040383
59.23952403905871,0.7738955250878552,0.47517320084670556,1.657363377938442,130.77769923657524
170.6037257199688,0.7235348838965485,0.266974583605303,1.3644125908409526,366.7614813987369
204.3946485318278,0.7142994121931139,0.5159045818197838,0.42690113120816764,367.6455943066709
209.96074599540944,0.7153101740349447,0.2624122729096039,1.0777066099265908,375.41121404097777
81.76765390390635,0.8903580016542478,0.8435702057179587,1.5750640003964689,202.27151607628142
127.63866943193156,0.5953927794432744,0.38886402686158383,1.782467503105129,299.85092342291466
59.99333372582353,0.9670721994969583,0.12910763183495388,0.7898886698160832,105.09142776680618
59.12876212125983,0.1191926843906379,0.23996752792636,1.848929440302878,117.9405805120929
39.120348053035826,0.6319589765938644,0.5345814674672562,0.0719389192389428,55.90539513123669
225.63455308839977,0.7169265459357955,0.9162875158297524,1.3533824043595366,511.67430685585873
213.1733244510364,0.4772204109543595,0.30056149857477965,1.5639694896843828,472.7372515989626
186.6774118419823,0.28820838645693647,0.2643862040993116,0.8502827612841108,296.6381346801848
124.4799343484111,0.550037452711099,0.40655983481013536,0.021948951837651887,195.70326194642826
118.00059576509332,0.3647476802907027,0.9677544782921464,1.3740703205389542,258.4352419905746
127.37408705070827,0.9091240710678165,0.8452196744613539,0.685128485075982,285.0133111963907
129.0080392517129,0.3567924125332549,0.14966795107469155,0.303625909385028,187.2861857260608
104.57785878509684,0.17570699270212908,0.6137532871002641,0.3142175530316207,158.58781902835176
32.05528247765015,0.5763891401654528,0.7918642033440346,1.5383281116626422,73.55150266159401
30.596492762014368,0.39599259138036935,0.7680103413702376,0.3747788484248815,39.88191846586866
228.56380694504114,0.09589814480084102,0.4888454917546158,0.9681965962843331,333.7925037738938
115.94636692093096,0.5648423509979084,0.7318313856740422,1.9407787193131172,269.2405215021902
228.79272321479274,0.5378464111657014,0.5835866105929837,1.5176373957366833,484.7975811825606
39.67666221157134,0.1731970866331951,0.2014449828522027,1.0943872974294668,67.45146036675932
133.2827642135641,0.5976381689598429,0.05605364063650864,1.0565507052483993,229.6167894875172
50.248282177693646,0.567358973857489,0.3694996800503372,0.3346548830932341,95.6951736841374
61.13771316732107,0.773612623041591,0.06193900194753987,0.8928471500305477,115.92625652874126
7.698071613302319,0.36156992984263436,0.3950134039208921,0.2897993078126708,11.050028915287493
28.98931792228061,0.2487595236636393,0.8288790015707599,0.16716423046208706,37.487310930957
220.08519362719238,0.9512198869707755,0.8442941484035814,0.21827447191846905,369.96530195489584
77.50715146001845,0.5612175227827881,0.034073921340017854,1.2132223133035562,146.6949953849101
146.14694625354468,0.027139958884180304,0.06953546750949413,0.38710596552371257,176.4977396230799
111.87088461143088,0.8207116841117432,0.6698670875912447,0.2986910299821677,198.33670507358022
96.40807323624415,0.19675806091894077,0.49999869494219984,1.7342619241939745,224.54037014626414
127.88671887738332,0.7860363176458435,0.14935839273039087,0.24402592646890575,208.04724036957134
45.343727235374296,0.7051624271559648,0.8055296177320932,1.4112702278175981,100.62625123574219
237.2706336954386,0.9688137242631573,0.2164961627064219,0.834000524294793,524.5210775581326
196.48473455457517,0.9655793015945262,0.07814925469571077,1.1581594755299187,417.7002055979547
178.1167045391979,0.27441062465575994,0.7495071381000086,0.04671082899401657,250.47874807392867
112.76785163484162,0.7664495812234184,0.608125974631964,3.8479033157567955e-05,158.1054615349223
37.114070749257465,0.31685508577992394,0.3944427387313236,1.6344970880378489,65.19695193920006
220.9994730565195,0.6291979388295943,0.6927262037835346,0.9508823170195326,438.79644666174454
82.26220263792376,0.5977460849545931,0.9113806886912028,0.14261387289838545,129.91774330265653
12.500552182415639,0.05454351562116466,0.034182442766647725,0.6869122063810966,15.51868920228322
82.50568059614557,0.005181749835357574,0.6276794376753354,1.0127088725015712,131.28513191844186
190.7724588037643,0.05776401459480951,0.2181672970155598,0.2709869536939995,233.4724769395439
149.63874442467585,0.1279420475317411,0.47413775994138385,1.0926758995550754,230.79582653392436
180.3258410463939,0.2576524913477737,0.4239811288833696,1.0575014396745284,294.0124112887567
190.5756744350394,0.9069552232425624,0.38997966783452975,1.2056703326884517,428.790250328309
51.26312935378995,0.5186326753466863,0.19035610024746197,1.6205236105108771,96.68852134235897
221.74610420431665,0.7968917388407887,0.8026499364449822,0.8255576267737237,423.7789419781901
105.39850989942923,0.8383117521072081,0.37952058492770024,1.7771200569201424,267.8971544791256
153.54376899876743,0.7349430985905412,0.8871962609364799,0.9493475058198761,316.25310248640017
1.0529510345247097,0.39138512442057194,0.35466827294649084,0.9142979284286255,1.7343515754265804
238.41175536947713,0.8638593938409828,0.8397133446791534,1.3113713968079588,499.4291577576641
67.77468443841515,0.7420497533209206,0.5444663315246878,1.2350424306495673,130.1052149824769
15.364114016367179,0.7431514434050525,0.38562523485979217,0.02286987751785219,23.693957494193743
110.2537589479951,0.9015743271655693,0.704032214597996,1.9648611804483898,344.32550129720954
31.402698695098998,0.5986634724576837,0.7866546246034223,1.8853871722889357,78.938930578939
36.982247082739384,0.5285744299621766,0.4826907902744818,0.5625718849931116,53.96494011380077
151.93173372073534,0.8901625575970753,0.4254204283835368,1.117166680331504,351.04084923125566
94.60611028107087,0.45446172816419683,0.5774189703723221,1.540970347179299,182.96391412922554
221.28366181212132,0.8115706960288429,0.5851633785057182,1.8409356481959165,544.374596854719
76.93798045863278,0.05384636044480773,0.4254792158546874,1.171813280248999,118.66866906566447
174.42014074794432,0.001289944456322134,0.7576628784426377,0.03788026587636484,242.0503621558204
110.93331352210038,0.5282924896043568,0.3997214477538079,1.3613558950744906,199.45351647067366
158.55833662046228,0.07361189381638022,0.45299834288249274,0.18615613779807783,198.38879439163856
144.1270379334797,0.9765430134530636,0.6053182242795124,1.3423555470751998,315.1873768366769
113.73176147578006,0.005501174039798773,0.9868489019306647,1.1748552040612674,208.8371188997874
228.0396321625527,0.7181496364986464,0.260686111014103,1.2813392558296195,490.66484231523737
82.57991743981192,0.24338469578622068,0.23195279991152484,0.3785153979708016,127.35415101030893
42.947902549200776,0.9675520052720562,0.1768872665129827,0.9872197256239126,96.8973825969955
162.90352758071887,0.38154165062789613,0.6894442143081335,1.2359135889334574,292.3355225351259
203.11881093324416,0.02728342626386515,0.4490946374184077,0.6005858228283256,359.1170767282048
10.14077071561174,0.02693576540878273,0.38860634007427475,0.36324652284699543,13.389849282918613
108.187028877232,0.5533733717246886,0.20409037414886866,0.44536147777259827,163.24444991984282
214.25080168011465,0.9867119790312812,0.8911383774033383,1.7160333382195587,562.8129537579189
180.03365923202676,0.9797735350457194,0.4431730352223858,0.9290870405900014,408.56442441615974
238.03794810118197,0.3372729722892658,0.607693311486329,1.3221467539531073,485.0277714642419
127.77360787753989,0.48270364918889697,0.11252957829252841,1.0297777282979903,241.05377781933237
158.56897465287574,0.1004558057978161,0.10797221668490109,1.668254503748164,319.17371495459923
72.94402733253379,0.5221768559917317,0.06735454166399579,1.0169897342945724,143.42635988783238
227.43477612000515,0.5997015990482731,0.36734608083829356,0.18665062584326142,320.54716750940395
88.23734950929044,0.25106166561132104,0.4728866021919116,0.39596938706630613,152.40433960691786
177.37331568844755,0.6121144359151738,0.24457814944923684,0.026530830344042355,308.64404002906406
97.05207888652012,0.8996927516962538,0.3496775058773096,1.6630485661194552,251.17412087291606
135.05563375008833,0.0009553334234805311,0.006260034023769734,1.3265456666153688,216.74805054352365
172.8879171376603,0.22893377430794448,0.3510884652613948,1.518403836243331,329.50303027735833
122.38972934444935,0.20991956332393813,0.11917133483084752,1.4300404693925015,213.33671802930647
217.7471752948273,0.12388620303382702,0.12838447837388955,1.6489593774733944,394.07668298478524
100.92258660871055,0.16610121273710188,0.004506097560003308,1.9739390062345057,157.47332472316816
155.47369565532637,0.6259125453653877,0.6963805660651069,1.3069426598211458,380.0989877575894
82.49580277536296,0.10269439015064263,0.931283774049384,0.5045312059208773,134.75665289880058
98.25352204132763,0.7385316090207217,0.6215455608521572,0.2027800844196883,137.64916499552277
105.8920009219358,0.8870225905583834,0.09620205192790965,1.179495856789305,245.00717703463567
30.630780885792316,0.926587724178369,0.9896494493925041,1.5415141225616253,75.72515937300103
22.467821134632104,0.6601758143197008,0.9755851708765133,1.1231434284025592,46.4664366465515
160.36383659364853,0.19739641063361602,0.46823453565748874,0.607109536109899,250.00963190290807
157.49649833316101,0.08529657553990788,0.10786921840629593,1.4394696958114719,224.02372572015446
159.26687655331781,0.2320249538069996,0.7207393096472045,0.8959449921393292,267.85988899634685
5.234063659574656,0.9619571857850425,0.9614682044834372,0.5731782025846486,10.848173141839062
78.70796881989129,0.9623452017507121,0.7786996041386927,1.682168976048822,200.15129027167282
47.875458418577665,0.38191888391834206,0.624202854570981,1.153037562236414,77.67578009019735
186.86726569929095,0.3257915410975506,0.6108319023710771,0.5668959957725799,307.82419148953716
206.62098113437315,0.5100105822590654,0.9779181142056288,0.6572086686378376,412.0828059248121
59.57995034566228,0.2916880914674007,0.07311933681976945,1.1433302307695223,106.48168279351991
160.44987354409272,0.9796624516555633,0.14955601959062614,0.8458471879839045,320.49513994179154
31.48239142825673,0.2212213900245774,0.8308114447396812,0.32103823626880224,57.43771393610921
66.39902988161035,0.3691426821827686,0.145113080319759,1.2209398647841598,109.40108510864106
33.70775184790398,0.4293708757001783,0.3832964869290296,1.3782201321044907,71.47798349755102
68.40322360051539,0.12506402308116216,0.28149925605475035,0.00021759256686904038,79.32033883887742
162.09940309015207,0.38282482677012986,0.24344471644039323,1.0737386321867652,345.789290272241
218.52329498936797,0.8567307201019734,0.025721951108426677,1.1543229597651337,472.3230161052256
49.00411669784254,0.14036100145675845,0.5662512635348111,0.6641281084579362,77.5103476525629
130.32792887069724,0.5840219508261872,0.4012395208334609,0.6774625180762677,240.5247008071279
168.48316874780204,0.4066371380600168,0.5515902126370112,0.6353177646586416,248.49983083869975
228.724931202293,0.17053672611745474,0.30450820649750365,0.8906561366559718,327.1565554216562
146.60948565147814,0.012336164449205822,0.9414608550542626,1.6238797577185997,272.05202941054387
61.598109981057675,0.2733433034899002,0.5913471922415274,0.9380521341858574,115.16330296949346
150.30201858088773,0.06182896069800192,0.9612070465322669,1.9872974133621215,324.1435625159496
77.25763322188487,0.3767684712967352,0.35000595425865866,0.7523173495336659,124.57064483233755
234.282749570664,0.8102098556993457,0.0022895373463220903,1.3985245123346104,574.5277443050946
96.22243437169104,0.7196852608776124,0.7812655649624406,1.097931342781527,162.20100196172083
164.6599391222629,0.9473837117017669,0.8273788545606422,1.5245772422451076,351.2541307869644
6.063005972048656,0.42701541733706916,0.058703397200336016,1.7767291380195265,9.497401186191164
96.31471634927391,0.7078013985918528,0.625369228462319,1.023366586240635,219.4839275638633
210.08827339074153,0.6653417221020202,0.6610178670401202,0.9889584183572926,415.38136142070715
146.64947294176238,0.21704630315825957,0.1457338670475653,1.8854380597870397,324.17459717395695
106.82432129183634,0.3035825052326585,0.5525245528525812,1.8673191452600275,225.79748634459148
224.65703111485635,0.5298295333977603,0.24319888067994366,1.9939934591864545,565.9799853726429
205.02925808726138,0.7966573190059218,0.016451703204516166,0.31295183057558984,336.3618788158904
77.67065388059372,0.4618127344629326,0.8669110903761178,0.007137447270554986,118.00176205114117
130.91934228890082,0.22774153617552728,0.4916951712264641,0.8746206041462083,219.03750777509737
117.81290933414482,0.9934656902803698,0.7816991009107112,1.4666803267200959,297.9586944724753
151.91249877750954,0.11557880635366846,0.7228930322291087,0.14571202025759966,225.57740833370158
80.51964843662196,0.9558889074913278,0.993705261014529,0.7472032643467716,144.08091453288947
58.987097683430235,0.8090462884304888,0.4379534039011932,1.1629189535752045,124.66764294073106
219.0849045437009,0.8388935193078518,0.4275506067571776,0.4250948501023315,405.1839927404395
221.76794262989225,0.7949175830914994,0.2817555670511702,1.4622839955564721,495.91441633448125
202.47583113999397,0.208170941304622,0.6251472134032147,0.4590753099515026,282.76807103323193
234.77996116811244,0.6325823773952418,0.4861125005552842,1.681344030427637,501.18241697537457
178.9254704242354,0.7567498124509318,0.7287611221416688,0.696546675355914,399.5046670432521
183.63780124059892,0.7456857921016514,0.35651169844142727,1.1972968947942209,380.6604797226473
183.14032702505244,0.2715653705440776,0.1308447416093259,1.0883080142000119,384.91964053488726
115.60552761068242,0.18111938776368142,0.8624354521194542,0.5928934329552076,187.4092909309746
109.82030058616806,0.3281229839145492,0.8280469419646846,0.8781432476187123,187.41779759191795
58.03419313768626,0.4798444803773918,0.3510001871157442,1.691946183784386,130.8399490539817
154.93419704905006,0.5737807470636765,0.6903517175119992,1.0966885712517942,311.7920961667566
69.79217259650912,0.8369503623191604,0.4924029062756118,0.11117392165467566,133.19793272776758
62.24511412371388,0.769034227704616,0.7609720971311001,1.4260645818426478,125.26840724072484
140.83774909600513,0.6761505256665161,0.3901323686645124,0.3649049955923873,193.2889923199663
98.69078197989784,0.2634892929427606,0.5356392353912296,0.9721255270136955,174.3562042559793
52.91615780631441,0.47888049893494333,0.05781610406474724,0.9370777614142256,99.96160911070659
195.94541601230304,0.33543587412796105,0.17490998158808135,0.9729738571005573,340.08242503114167
206.60649567100305,0.23492817955053413,0.781765607775103,0.062028012651987874,291.3544442076154
40.66403496282854,0.010245360383479452,0.38156548217287745,0.5447770384028499,56.51790119187601
2.2979343555999687,0.3394619705706906,0.035105424229590176,0.10147094543778912,2.491491290977607
81.003127462785,0.2561162677146215,0.16763628571194666,0.8299134052417831,130.76082921766076
191.50384514554023,0.5719023269668166,0.4115980320856145,1.242673454572431,434.53090344480796
201.4821409631207,0.0623017702837122,0.7179131070167719,1.3081482514185685,360.36904424457094
33.62981229279379,0.2705195967102011,0.36348504180723096,0.12909600731905102,37.973026885899394
185.95344833334076,0.044769489988415345,0.745185754378869,0.23777820992987797,228.3185045405454
28.211148070608353,0.641417904513436,0.8580605872950834,1.3230135573257407,64.52912838141556
93.91999034248875,0.5681895585686249,0.3411366142057126,1.062375299106795,211.46517875719596
239.66697884535384,0.3374800230744732,0.8003755708544253,1.666824016457148,407.4402386336165
46.6255021638029,0.1473346004355438,0.12688066593018954,0.41028433442868373,62.95892645544647
37.37427802734153,0.9579198327687352,0.41528352507165955,0.24068457515276642,61.19580621942854
101.76067964495704,0.5843924473886134,0.09756239628159258,0.724048292274694,184.26127002648582
148.91061196978183,0.6791133665720679,0.052527988794775715,1.2741342699865432,319.14972847976406
223.92973738797414,0.5313487532694519,0.0645273774854469,0.9719344827107068,392.44292902643843
235.4066643551617,0.806533247646205,0.10475202708163645,0.19718653219579796,408.4076202928246
17.178932463639015,0.8963800495481213,0.8357259234163987,0.1425841778528485,34.39406544130311
33.55040540482332,0.3827105435976298,0.54367712363369,1.3553872543177132,64.56268090153793
189.88174474809054,0.6900253122306106,0.9473881877770107,0.5939364228334469,310.28325394109254
65.31640046887108,0.22988748454639696,0.5380003013125135,1.3389649420343912,137.9718306767109
212.42134975177336,0.6518550471620385,0.6287113323103868,0.5898297661533118,414.57269205304857
159.39705510636628,0.39915562997655263,0.18448396114049304,0.629588423687085,265.3673348596536
27.286830170172184,0.006781599401304961,0.5405810206337084,0.41962946282669744,32.78167371757798
199.8907637392997,0.9555278684226207,0.3853025488033268,1.9674339230461286,565.61504389967
42.73735301193417,0.8684415455387189,0.9314353421403702,0.032140580187121515,89.89120340918642
101.92714702577709,0.2908365503460284,0.933921215781792,0.25450486772326975,148.18411298459768
132.74829038995952,0.9977573142328605,0.198498612502241,1.672580361883472,326.55553842550955
120.43349270472665,0.3171276745565341,0.6201308639383659,0.27632346812104225,155.17743968702624
164.83601828982853,0.45884418645907477,0.638175802970978,0.5613937838821463,254.81835800582883
156.81847300118662,0.8512590261744171,0.5625350794580178,0.5255699365553181,264.6894095129359
238.09406032396913,0.30459635132804086,0.12432970799514931,1.393971164515763,445.67052801240635
239.86154725919297,0.45054028438750005,0.6540153188408618,0.8224023560796481,412.5556315508947
124.192026931236,0.6655871671232555,0.7990852849242002,1.6811756452619786,300.54100461361344
23.300181327126925,0.13046755477242822,0.3452260338531301,1.494854391478148,38.61623406098537
174.81847010300805,0.4223503686917177,0.5145517019441572,1.0622026624156324,317.15946976344264
234.4110467328731,0.3094099373616265,0.1163279463492779,0.49812355123814855,306.6822278425762
76.73916983715037,0.676774305864818,0.9306887114870277,1.584837619072063,181.4215373851508
110.95952815809892,0.1359693900603718,0.10953785317232001,1.7319811081890133,175.2482687701535
102.2340734933017,0.2327314791009374,0.20837710666824705,1.67256502221721,201.48961687884767
12.814887516384582,0.7113762037524828,0.29847847580003495,0.10342753522300407,19.467184025868804
161.50733127801504,0.1562243697241148,0.8257902391820219,1.3959173657108794,308.85730198254515
85.12437796889803,0.4220192622398897,0.7006559205023549,1.407877272564154,144.53339544842393
189.0975979742448,0.7128807220926188,0.00701443800310253,1.8861510797923422,466.10008450391535
199.79275803003566,0.7654683844300053,0.18356154715941053,0.5269567334580669,342.6278970911905
197.18477339018398,0.09488117867166845,0.7501511791919018,1.572693659019851,383.6741132897681
100.29150653055129,0.8519956094194782,0.40383449100081237,1.3781930003246265,183.1853896947567
77.51019089669543,0.7239723011299664,0.026213532467259992,1.7574539423777324,153.82146342060423
179.84257673025962,0.33929458869331375,0.9639168783200247,1.3866160606282463,348.76685879287356
192.43276940533215,0.76380285233024,0.15123291294056207,1.7049090734668908,501.48298793688815
118.15615841073219,0.728298865340659,0.5104666400468276,0.7191506940739891,234.9525932140917
214.38092917894457,0.6008912265083856,0.24831609764484341,0.31524884146420473,342.4995306281302
34.966132710814705,0.5584811734058444,0.7374693202253596,0.7267040692918485,57.84424870832653
211.03697272832096,0.7347034888995855,0.7767260990472881,1.6301033776904892,441.2447669321627
23.514808296765565,0.9992599017054545,0.3972204035248931,0.2632999553572455,44.45226216380746
37.26936253208003,0.5785522493158853,0.6584496214590319,1.2758903585901558,82.50260238684685
128.35468317911352,0.808717871762248,0.9090735845464855,1.9751121103692615,337.8264367764468
16.670676004885898,0.7442737173155829,0.8148091184926063,1.7900297515910883,47.551398249336025
13.147300785326431,0.8558084020338257,0.4148977176449147,1.3423666566579004,27.37912696529374
0.6242392276864721,0.9545248613841384,0.4414760538966379,1.585260653656324,1.533481758739944
104.99783999677602,0.1930832074608152,0.8868782740270206,0.23295290813124336,121.23308998324826
186.02241956948905,0.1654596363951163,0.03437280042634294,0.9976675250271396,296.8296589635679
8.843784892039801,0.5863518284149009,0.022811572313826356,1.063824846545983,18.906602817027288
156.71569674857236,0.44929506288650445,0.2057953415650221,1.5653915192518464,285.491985075667
197.63899252117668,0.5707226929191692,0.8276216446853436,0.5651866914231318,380.1967478471691
40.736203234400136,0.7980427344855086,0.15321318761720082,0.2129705728834539,76.53445471739303
35.67386448972632,0.9317144800492464,0.28527928494835264,1.396227685174334,75.90147450441316
206.6618331821184,0.41741582519855813,0.6290686901401757,0.9851882591426608,395.39341375540533
197.63834408304768,0.7179326455436245,0.18424281006138077,1.6845881194374328,516.7347781264092
129.57655302027277,0.19679918784140937,0.30311634124357345,0.9629793870773697,214.19805018059188
196.6983710909083,0.5345519493545235,0.4669127271231922,1.6925415583766579,465.32636712236035
22.715080543166497,0.021804777780519924,0.22810928376793815,1.015670003636838,28.257848804477913
94.97832354633168,0.503750567133097,0.9924136839779331,1.5653970196458287,222.4865404527957
177.2025146874763,0.5453364591254999,0.16344601732126784,1.4414903578395333,378.8042736802207
62.159744258089226,0.7354453357783313,0.8499371049202531,0.5321650807602614,100.8500914550808
180.6827750068359,0.6494847902069917,0.47009983149871915,0.6187966501740816,291.45678529500015
121.25077575159992,0.35839673430580155,0.12912367972018846,1.7983910450384586,265.5672368277025
180.18870411360183,0.005730900713121323,0.1184861571625806,0.4620142552600086,215.44007830892537
111.79077326683043,0.11548587362294893,0.5002960560508554,1.395001112521883,222.71244738862015
88.61308948312532,0.9730606535174523,0.3535201714692102,0.29024026399460934,166.90210109750038
52.99581734663244,0.9223331583153058,0.23460229911299368,1.5103167424984836,123.7183659775608
50.4068522736861,0.32509316308114533,0.9589391371657489,0.4465796991586528,78.52713800913315
180.48204913184935,0.2588529399238877,0.4633797406331909,1.188130745502632,331.83502488956645
28.97902835413354,0.4364162936900374,0.9288109813723276,1.1284869754740754,61.31800464085473
21.092772851571358,0.6899400296120728,0.16399972606481883,0.40702850606703245,36.9086417321425
42.721781922800176,0.35682767265797366,0.18346606723001224,0.9828066422513797,69.85044572887534
42.49548949321429,0.06729384773115554,0.5960276909424516,1.7584960508858414,92.7715277103141
197.6342756622525,0.4027950924443964,0.2698756426168226,1.3610586963040527,405.01922301080856
95.94233632207387,0.2605889944814319,0.18493785561126042,1.985308798198332,208.84804318881527
237.69803553783555,0.3249300112112118,0.09468538541331106,1.5691085219923935,464.0065616973496
33.36209624085166,0.16295724578730442,0.07627067030716383,1.2869108686060096,59.50821401259161
157.02278825362757,0.6588400694456474,0.7531683854134263,1.1264041283108361,265.5903510645118
107.97071697469951,0.5266309332452249,0.28216314636981654,1.8748572920574564,247.3351029503343
94.60390331894921,0.2708631172953543,0.9784191533076348,1.054026874705058,201.1341521897183
210.0826656734527,0.5538624813062414,0.1831211274791248,0.805345541271639,376.8870178540864
234.1551571759017,0.49270784716723803,0.3544466500238479,1.6689871587382068,504.11919441714224
209.54972062641582,0.795974856566028,0.37490861948233345,1.8804888378407032,479.07728939342906
46.55601262891436,0.9559842693402016,0.5001527927368299,0.9578337838003423,104.65821742639783
53.381102129539705,0.13067050897865595,0.8706358689794534,0.27447704722520516,71.45242464101324
157.62969404326768,0.8839134789079829,0.8347702099641873,1.2167456364243376,405.0854718745969
69.7355178023469,0.7047969382849021,0.009956330863795326,1.4817645238581298,135.4987487646404
176.46666882194887,0.6925535452979048,0.40925506695826264,0.7472721663668807,313.3986332019813
136.1577458689099,0.3743008971424723,0.827936731040582,1.4957577151292647,264.3242440418137
132.4426500534515,0.343908195464921,0.0001978078267101946,1.0621026852845823,266.6970936662487
198.9369884988892,0.005639484822516971,0.5336395722182439,0.6027122608195923,267.5554380984156
170.67259883237134,0.9822048746373078,0.2594756213332019,1.259042456885655,363.241954719751
6.8653747168513615,0.6065058323730488,0.4127685492421006,0.7778951310327695,9.875076787884158
12.345463346470757,0.40232862392392543,0.42030469987880803,1.573651007910502,22.949073831158984
144.57324936321575,0.5437688218921786,0.3917544407175144,0.0061600558337171485,217.15666647686604
116.94300211153498,0.04052703409626246,0.891950122211263,1.636356231906623,236.6936308452192
62.81422495464644,0.17365095529166885,0.5364636089695346,0.6131505550615204,87.22556436283504
100.768132911895,0.6233599249634025,0.9037467238279847,1.919253126959961,230.4252007260025
182.01952133652009,0.51426172968362,0.726742407321351,1.5183297352487268,463.7664858614608
198.47345057557425,0.7870748229276331,0.35112007097400566,0.4820805695315782,451.49866057649115
134.91292475966557,0.6587426904453371,0.4935636815489549,1.957598317462962,360.7102677689775
92.79599066527616,0.6014356759793872,0.3898585382052917,0.9991611839934433,204.95540383781673
65.33187437807813,0.8152657043053134,0.8285742782003216,1.0458475945291954,165.32233036291228
125.4994737492362,0.06826310555190063,0.1875978119709637,1.8190362681877308,290.7501310404605
75.88253364616925,0.6908867964312853,0.9364122822615515,1.8368061349635707,179.87168314950438
135.60078532280988,0.7155907132890155,0.5804244942519161,1.3937650084332658,271.7258458632697
162.55824561105823,0.275163549680011,0.611757953968084,1.9568992791245075,417.34671062742007
16.325971015195066,0.19564963648739442,0.5168014002519713,0.6577406191748323,22.366180040133607
0.7556578729479635,0.21385247545599917,0.5544964770449176,0.46467316880386567,0.9815877021028865
51.34037475235794,0.19814086343199422,0.6676754164228271,0.05851344289441118,58.89024245876011
214.73550370364805,0.5237821909035946,0.6550352551008597,0.6926898769555749,375.1036443834059
155.28663779323992,0.13562631136582848,0.21414708886996425,1.2052666866241697,207.7528141924818
41.684504288916976,0.6592858614193504,0.582440160873074,0.6107580998332613,64.57259099138027
213.7182188567567,0.10507825894876954,0.3546264406884425,1.159240514264189,331.4491689443656
113.05444769881792,0.026889640310256202,0.6370303058028788,0.09677150432773529,117.0211944815659
114.52397572453923,0.3192902424458711,0.5478345802679188,0.7081821292924622,205.85166853707284
224.5622955503159,0.19185972373304105,0.17967993371249258,1.496009812961389,411.27964978300446
14.747062777909933,0.9886620554100823,0.734733917539036,0.20865372038193408,29.149178818138118
52.035196773578086,0.3029963006172174,0.45701344747949024,1.429674911311031,104.71819960959672
140.79223237455602,0.22206408602551375,0.551441552286137,1.526622226018978,266.19051158852875
47.31901904488998,0.19676982349921457,0.672642864924813,1.1375230182337475,91.55556982716872
163.2467187055454,0.3738529048034903,0.652871773917137,1.7721751061419393,368.2149928465637
51.775103296144486,0.6058488953315778,0.7489288200900446,1.9091270244513021,119.68804982864309
24.248094458416034,0.7819452750462824,0.20675172864311742,0.06935496590742374,31.793839069507975
50.07294573398112,0.3645762477430684,0.11039123373735693,1.3581660481410813,98.40734469229831
101.7448012081589,0.6259709800427894,0.6691795746743444,0.4743490049470589,154.77663523179623
42.68512265195263,0.48205989827938744,0.23598494666568215,0.8163666180096552,76.35134312010113
32.75873996914168,0.8464953462533984,0.11460486854982666,1.2463085650193984,70.38235915476096
206.53751174943633,0.5690417771584352,0.131237492809408,1.424544540650953,363.0457977239651
77.23513026155523,0.28989167187910014,0.31280012389951406,1.6803818594825524,158.53346559935193
86.90170542112173,0.7035872571782559,0.9917870480492451,1.4107738365671856,201.10310778261177
13.73726307554402,0.8200644880229958,0.157260326687085,1.554797987726622,31.665568040583203
86.09002482874197,0.46544065676396507,0.2985365622984678,1.198142398718823,165.57689554509307
63.92131896851833,0.9871972388823189,0.9207341518821429,0.23411816744324976,114.28985420511066
146.71117362835835,0.8790968791913134,0.9633080631408026,0.04286062977058669,274.12413840074095
49.6909762925414,0.19695466966549147,0.22884336115151804,1.0595660978430586,76.16770816925356
213.26352600855031,0.7867558721562373,0.8804526970506575,1.4310820959036,440.43492189278936
223.15515571023346,0.6009512443497661,0.13891794452301365,0.21773117688271348,360.55519917679527
24.40953819384125,0.5348112978078347,0.7615364113005156,0.8585918957512306,49.94882291244247
26.223008031114244,0.5139385865795684,0.013008160647371536,0.5123547935112895,43.581330765261875
28.120681927581618,0.853411142782429,0.40661962924096007,1.1341861002738156,58.884376102097654
148.8868368863197,0.6108727889034485,0.24733520671738818,0.7810055048476561,215.18408236640428
29.711566928204682,0.5377059850537337,0.7040080141591227,0.4029350008682928,56.54553288610784
204.64556514429879,0.048859906758049076,0.01605613135518469,0.008785427478889218,170.99069727588645
181.14802782762524,0.4483028697585574,0.464901706051533,0.6430501907618611,319.1826167027148
196.84422154800677,0.9080415620455077,0.6967290247449353,1.0323242933726249,519.7188751971383
126.49149618920201,0.711736729344619,0.04670487325018291,1.8584181660069183,296.21913633935543
239.20419215883726,0.050953978056153426,0.8974001821299723,0.4549520297726579,344.48635731030953
11.079937155126624,0.8839922821510423,0.3611974073964489,1.0245101319272665,24.157828022723052
96.60295892257415,0.8266672213770541,0.16526583224224256,1.1329930689487029,204.61340989856578
78.08283221056386,0.546684211569528,0.22546449603046081,1.298455313717972,190.96792710357423
227.70059694167753,0.02240546518228148,0.3389059287804632,0.6571327017489039,285.913423656354
138.6581995601735,0.5624296180338006,0.19837510182229212,0.19896363897995495,186.68949170397258
193.58273622401168,0.0545890499264261,0.5105787539152029,1.8427124803644843,366.3608578497876
41.29671588121526,0.3203789596374804,0.632931736499356,1.905510857707189,105.6822176077544
234.88287746415511,0.6289096189027389,0.43343010888332467,0.8764622764938415,416.37539840010186
119.92417147687749,0.9129130838821744,0.4270321498951223,1.1611499238357046,274.282357121907
118.73446226681966,0.3577956372594787,0.7816995193687025,0.05805278655863422,183.95214732874905
233.0268924867042,0.8600237828834533,0.3010167129578851,0.09443128223034969,415.87570372666
91.68540051150624,0.9183610104005163,0.622768833907242,0.15333483165316375,179.61634651109384
95.70724338092081,0.021043880457314312,0.8929215850434725,1.477492629697842,200.99314844580866
140.54827232178232,0.2394278377525315,0.2215143650960122,0.4544689821786996,202.834280371121
31.16860022619497,0.7098622992274988,0.6199007300244572,0.36889444594875687,51.72474545071967
77.40000752563925,0.7568430430795484,0.9479717800547842,0.01667066551356866,131.1675868170507
46.773393225608764,0.3924168502170541,0.5297952549554544,0.04579508854717762,61.95398979833419
25.23639324613838,0.656754612772855,0.9768977236971302,0.8107675046699858,62.175213746353386
207.9416332162793,0.6121586173620351,0.3100460441847964,1.0833558613543834,382.1595150079837
141.64481428753052,0.7397749616010599,0.5642938926661981,1.1581183635358392,312.3569092740315
86.40213357093474,0.7186584277451218,0.31103575120095284,0.91582236236183,142.1126560128721
98.37631587932772,0.08587079799036135,0.003719425067400639,0.9191225442856765,146.54295068769045
103.84880138312144,0.15825018094006094,0.9973081004456583,1.5062843705325542,197.72061696006634
152.1392291236579,0.132727147259316,0.24006006803727653,0.579140269200235,225.7781720376795
222.4612692616139,0.932480069842819,0.9731019852367316,0.4754356360178791,475.0062781062868
223.9007189078473,0.9135426483529893,0.653032826647127,1.7086483760636617,634.0174457891528
94.26232909759388,0.79741226959697,0.9039336089485727,1.3785276154321702,245.94802196991006
79.35835907366581,0.11671856067595932,0.967202747053633,0.9537328981657409,132.37052183493572
108.52563679436858,0.5742714699195859,0.567829206341983,0.550809651068014,169.36502895567202
136.52024818762396,0.18723062608985142,0.9996913443012582,0.27316363915723696,178.39661435221038
111.10538979221471,0.3683839375588025,0.7673299092753699,0.07484239349995292,161.5441099285088
158.27144165109988,0.26709127663741294,0.5238145560935734,1.7047307159824834,327.16837909234266
133.2785660994534,0.8289309814874659,0.6549432841908859,1.1867710027943827,299.5098496783113
77.31137343323122,0.14445139951927322,0.19427135732659928,0.09165898582375864,85.62196492546681
83.3025279801505,0.6461791686100757,0.011032621440349888,0.3171747957895088,149.07986882216846
91.17297262055556,0.9838946637761669,0.2567893476071421,0.5591285363064482,150.6222517993847
23.166224495728592,0.6870545832536334,0.43497086171990695,0.526143175427628,38.40092862263494
40.27200046314656,0.0792334890069597,0.228052586861754,1.0967819784425379,56.99546529784724
173.68575561381996,0.9078495019625249,0.514035897986198,0.7988872463737302,347.27648787366695
93.68866240953817,0.6430796776895962,0.6579441422246665,1.7644332085239331,245.55141114856715
51.8820839281544,0.4563109796052035,0.6557938491000377,1.4388214012156428,103.9082187689123
135.26004233267832,0.6596924785411186,0.8937644305331285,1.821465138620159,329.1940421750755
181.45172042238582,0.879044330472637,0.9663190964832098,1.7256372503189044,487.9899604970416
62.152655781716454,0.4771272279152493,0.8906950133598884,1.842738266986911,138.13910378146784
198.5161767207368,0.5313214828122292,0.6201749593469261,1.9600229005775287,482.09601933957833
222.63741388019938,0.4524473992179535,0.20576415459112907,0.6233928761189251,367.8122208772492
143.57598971318484,0.07259142632366522,0.9434511591699268,0.4193612077073199,179.00455086002032
160.7129643284833,0.7870701269273584,0.17486039476730653,0.3303047244314863,259.2555635902418
13.091949682371762,0.12641174364183894,0.15142738251046517,1.2561769300315686,22.702576889547462
226.9520138997466,0.3945700102883103,0.317569327905435,1.3619333963528006,493.2842179621176
94.50009385645404,0.38682284560772917,0.5736055613382882,0.17567498842129314,152.84792000748237
221.77414593063045,0.28004079208673793,0.6814726319858042,1.6421431934652684,548.203842949176
139.1651171776831,0.4025071258944184,0.013292677345635995,1.5661330628861965,287.28664139453275
1.6062023229769624,0.6180091103824286,0.7780222717197501,1.2569478664115776,3.2449712554364143
9.730808837962854,0.31138731220771176,0.17501954908724215,0.8712249589392669,15.720687352042708
163.4603039579463,0.17251193769827644,0.2964848515130212,0.3073145767519918,210.6936349892351
135.25898931274799,0.8693675105072666,0.32208672579565156,1.0111845418637742,269.6166194414741
6.854518710854806,0.9708326498571355,0.3324459988987425,0.3183385910829688,13.053560393446132
178.55866071276128,0.4585838238763206,0.7603676022094713,1.209957570177867,368.6237583456361
204.588808228069,0.3270197123445858,0.04094436220217956,0.6199294606461383,270.6641232760071
119.39198704421433,0.047482077778229326,0.19651781839231952,0.49461252460759364,170.61794009708055
112.04890696556257,0.036851540610053135,0.02231923115244816,0.8821027599099391,130.3339326855225
1.8108095658932821,0.39288199564540205,0.7782994567117663,1.1614256005173293,3.3960543022401986
188.90260614221702,0.9302420183009658,0.9837223383651236,0.7349281311427589,444.9093723991886
79.70649798569225,0.7307085434015644,0.6595471592665643,1.9272068022765754,208.06555552883128
210.96388693791823,0.349269418870775,0.5901391809188112,0.011795271850060463,272.3069171589545
89.84801072015371,0.968046425182061,0.9080662133885028,1.8257220368953548,281.13065900714207
135.836159596054,0.4287579032557307,0.25495398636348277,0.0013680989652748998,172.0883120140416
65.24685827373894,0.2767927439746457,0.06646230513800522,0.43342387732684795,72.37604391088902
38.960900864088025,0.4263532447243572,0.5099699049722157,1.9927024497091244,92.26778292080775
186.09044285982804,0.21154322698383277,0.26034870317382874,1.4561907514273789,281.4556823644344
119.43341968368445,0.8856387702007957,0.451081614680902,1.288996743428017,244.94850899990684
128.98885773866405,0.3611733104176903,0.45629985058180933,1.4521857617107943,269.9847333247898
231.71712085887566,0.6579689644943214,0.3188318240680694,0.8165923740387488,409.48136080793813
231.27738897720582,0.38904719882716354,0.4863245815830535,1.5684194626525851,500.7184695739964
205.42628814772564,0.9017314179639625,0.3801518805499017,0.3097360658365591,325.8427850726207
45.43242561722554,0.6423807517156301,0.11305933678187674,1.587784774791196,106.18378700978266
142.82831028522838,0.48825189028129945,0.8667257074057799,1.8790533598221895,275.2053885358535
210.8163082050012,0.1321429691813385,0.701273714430226,1.7153737010131163,473.42221396673204
90.18411277952059,0.9019166628522043,0.041308864999840544,1.4793219066067864,194.0739943073231
24.7149267415726,0.5468168682717709,0.11578642527130634,1.302754626323354,55.92997352470545
194.7256150864613,0.2850529729614175,0.09651447071202401,1.0421843306432548,298.15151443489896
115.8823705512401,0.8779268918167041,0.06174354700882767,0.7904465590723762,267.7328029918422
135.67204694602327,0.0544404273944078,0.05905677584054769,1.731307181719679,223.90250232061288
235.72355896812374,0.31407691732957166,0.1571123329362003,1.2949171492961535,351.1139198888438
145.92713760333027,0.5368284012021476,0.8478694085299281,0.8698006278293975,277.42566193649554
102.28256286703129,0.33981433604329303,0.8282332961981758,1.5695834362287164,238.57241849042614
89.11125609940387,0.47673425537885783,0.7831464752783852,0.10820750807669621,144.19258759120257
100.51982059064393,0.2643162523309839,0.6147065065385727,1.6262385018659307,226.0200951088734
28.85658042129117,0.13008309093289716,0.7234935532136345,1.6214043454889204,60.656923090817145
190.84275874100845,0.03685413861685172,0.7384812108403062,0.4570588266446405,238.70459582388483
201.13318753579634,0.1576465649121419,0.8893128703076673,0.07534317982379313,280.74436031408214
68.61311373033142,0.9529465140248118,0.7323430296357656,1.427415911059593,165.75519198470357
73.2592901091816,0.5754031333367384,0.7364593080209655,0.39974325685943213,114.78015670993656
209.90305439218776,0.4889601252779515,0.8040811727134838,1.9920435814421316,504.0375900164744
6.2409001489453315,0.38432383930570857,0.5563548559276319,0.018364890485325525,8.428761874400095
125.14955778225104,0.7084201459833853,0.21302879004260922,0.4595839624979814,243.68460372545843
111.5503336662195,0.14125947590609333,0.0845424775690583,0.08412479454499544,121.13747558160524
165.7853613140411,0.27612986765266345,0.4190435603818988,1.565311470900439,306.58098987518474
39.63231218579435,0.6559021196637528,0.09168567168606256,1.1573909843477865,72.38748547083937
160.56521242043934,0.47906436458522794,0.16930403155433116,1.6968690690918284,402.188730374611
90.72779488603291,0.7700925389590887,0.023840011762435,1.9252267413458548,201.3076808221092
148.68218937162928,0.8971098439566533,0.30020629103650986,1.2202297207508086,367.21299763062115
10.102754864529834,0.8233725913706561,0.9699978224020184,0.4635070072360239,17.38190761744275
111.08366372569,0.18420771426073201,0.3789312726644106,0.18529888159522012,148.3784043904353
125.57908910877812,0.09147023552697853,0.24089260605108131,1.7325220899590006,242.60214555226702
51.83117348376929,0.1694406005450485,0.40344947713823154,0.49022651003719453,81.70900082479258
33.939865175899406,0.7835306916002306,0.3013385202066774,1.7870364493961546,89.10565376081983
45.639595571446186,0.9138310894927105,0.6738768229283607,1.7565751992285499,115.2977789960084
82.92178819617186,0.9254488677038575,0.6344667611590806,1.2556184245405204,178.9683695795842
23.686030758540664,0.29821578937044557,0.027342907770496194,1.2079916411503195,47.97569415407414
227.38309107724027,0.8403413780135583,0.5113231558067851,1.901652937053776,530.973384898858
97.49607772824824,0.5362355350220966,0.03619968767543713,1.5120302035698974,153.44823798729118
194.24821980036637,0.8227918483482073,0.6773632664142749,1.3665635423611477,359.2590799603625
233.87290098456876,0.548364842380001,0.9358083306272584,0.8714815040369563,375.93527544029973
19.836099560656017,0.14589321977911818,0.907487878727419,0.9679968914737673,35.599343137335964
156.57483757043107,0.07921955107309742,0.20571211209092655,0.7778421966633369,275.1195395275005
209.20247627452073,0.9572191492093396,0.7426451477213933,1.8926420407198599,434.22610291493186
152.39914693503144,0.42580255643157894,0.7930659710405652,1.2762384263865425,280.0795520181843
103.25175606510034,0.3505206448973178,0.8643675331093843,1.5607271754475556,217.274774073646
103.74278765428622,0.3563030847683104,0.259598670800521,0.07439947016510118,157.12310278392093
9.097783198762459,0.378934411475472,0.45083484597216006,1.7048526042836858,17.555052108300874
128.53687993378145,0.9449968278943381,0.2215044290365904,0.8352765948891612,276.34467285921835
238.45354773044997,0.06270458740317586,0.024309457211191376,1.4743207496323267,397.2274423905119
230.1104524702782,0.11906128738229915,0.6590126278649572,0.0800506296415513,357.418209704684
10.175615307698083,0.7896515154818492,0.4314636178931456,1.7877463665719298,24.72721644378954
169.53838236926242,0.5494094913401387,0.2481168805635673,1.319691179198389,350.37155591038237
72.77268557391493,0.128536757960952,0.8471039472996119,0.9150015817426544,120.92360582013632
216.76590224076975,0.03446013677833637,0.49568063997920286,0.6071161980202324,287.7344314217588
11.30498159737221,0.2242343482792274,0.9946576772125906,0.6220482848974356,19.864427702675975
224.6418474316538,0.2608107377102711,0.7933578269389671,0.6067962489527987,314.86669932789624
201.07544063717256,0.014213029574641989,0.8692111997359199,0.26205170549030443,206.43287547968856
28.642299549498063,0.21609053833719338,0.7733322487976717,0.927619076058154,47.878407802900846
14.827928787493157,0.7383189369523997,0.10592489895062163,0.9069727082681371,30.58480663442781
200.41248560630115,0.8554336896370037,0.06502900065367068,0.8238733185801348,365.93268964013595
37.80396219841176,0.8982358297697178,0.9150787726144635,1.4061884749692373,91.70342441984101
128.608107637721,0.3899140326435434,0.13819718803980208,0.839629725356835,186.99451724797325
219.82089346195093,0.31941372590355765,0.39122615067426025,0.17800743366724125,330.2738240815476
136.40382319506293,0.9998608482078876,0.6099110115559309,1.704119244627376,367.09750376122975
95.63737570274137,0.7693404509215888,0.21189834990199563,0.8502017302945319,184.06304272309157
107.08134513753113,0.5373520809075544,0.2252850437077768,1.3105713085718598,215.5535466286476
15.616562383577108,0.2547714326893966,0.4662413422913765,1.8597927093805724,28.042218288824298
232.51618096610292,0.3213054528851047,0.36089509145992715,1.5348302057316097,395.16018437117333
74.90167732691933,0.5153643488293872,0.6765756670198043,1.0775977423564076,143.66160324694923
45.85255625564849,0.5420829197907506,0.0750761955206275,1.0900445143515818,89.49303571978461
69.00832879077467,0.01367864427367782,0.48875866947781965,1.6990620741828135,135.70499124087394
231.46738017650918,0.9594000852714745,0.17425991771551697,1.6472645861816126,534.5225896537593
23.08150981037768,0.5756062473515635,0.6067250090007481,0.35730546425484766,40.777937403987075
208.21907820003292,0.5891582444091333,0.11621329176034312,1.2530021630368737,467.92959574545654
170.02861270914676,0.2114711337538192,0.19763186652941367,1.7314313168702227,328.98235092387404
199.28959340858722,0.7649871788012479,0.8038889828433134,1.6066148540181258,485.89819190536554
234.22746091811118,0.7372645200918427,0.23516699003801378,0.24943203262458558,374.72582344567263
202.1960399962908,0.09515797340476406,0.7370653387938256,0.8713856446733537,316.76185673975345
226.44007313104575,0.5949943722599202,0.27306269968819097,1.0364662092188055,438.06276134472995
30.900994001425286,0.6581937453298798,0.2350275052338311,0.5156191091056734,61.55732106822346
191.09136135748932,0.8355681745738773,0.2991547828812674,1.3589987711008298,460.65571463765866
131.18932873241093,0.20609117891771067,0.8809319844227486,0.9524529851226584,244.42617273333934
130.66719502162664,0.8776347968064059,0.397165659336728,0.5950174173059313,238.21394487143485
215.791717528763,0.46148107170759567,0.24376052988397368,0.6737290512682259,323.4904789189594
233.24701456588735,0.09652361930564479,0.5366394736969131,1.7133367100132921,467.7839886572939
169.30877836884184,0.10562122151087594,0.38564141178513567,1.7323996109685105,365.05610072633846
116.16374427849225,0.19780445367316957,0.7901975197716632,1.6247513148256754,272.6319966835922
109.80872396749196,0.2827507059853085,0.9904456183130277,1.827737642365873,181.04814665707679
93.02877900495204,0.49640580445979965,0.5265744426658336,1.9046130173629177,263.360722598059
87.10296758265271,0.7487511977445599,0.4517488976528493,0.9836558215598179,182.43626020984172
94.26588858342132,0.1867259020194323,0.34303539831388563,0.19340724469933424,130.61475788587808
21.995899842661267,0.9926517944995366,0.9733387322701378,1.6001420146195775,46.1574662062046
19.04594241987495,0.1615219317703126,0.483283276004682,1.2668638568132569,32.76520209923325
187.27882760741866,0.5993779677221475,0.1779968599360494,0.7610343804592032,357.5638309744004
107.33445785439416,0.9289404358713399,0.9692159053846761,1.9510663052477744,251.61425314918415
223.3989350064366,0.8325074228768271,0.960882125999357,0.6773704054072729,320.7522991808686
147.1269315582516,0.6478892016631599,0.4357250523350765,1.815267957332204,352.24342919726325
8.92464773316853,0.7154929967908985,0.34818601303295715,1.1851688961172842,18.302751270877323
38.22684024553633,0.1342056267053643,0.6804374466886354,0.07328396815176941,54.35106398768537
49.79384042661531,0.00966305376024823,0.8289241307856099,1.720670216160296,94.55491957529233
234.1887778413237,0.43414878436037274,0.49853213228352744,1.5244239505106019,477.7631883104459
52.87966216331655,0.08951892633830305,0.3308129910530334,1.2849750926587842,95.93939200279368
124.0234844709883,0.35775256191282434,0.30139401086301343,1.2291742801539431,251.77732890249055
224.71437512782697,0.22374279356973759,0.32659872721441807,0.4376709853118059,292.5477005727839
234.5376588144886,0.9163467223807427,0.11803294012241006,0.42897225839868947,464.5849717516448
57.10832427435892,0.8800559990080575,0.7786204363552087,0.05834485679358559,94.0998300164729
12.26367567813461,0.8189428485310084,0.10495986351913644,0.30827492610738205,20.75898599349733
37.28763889279316,0.7139442984139875,0.39831449493385274,0.6729625285930056,73.15539554154061
15.667170649262662,0.154071929104027,0.834943337140865,1.08144979268366,29.515330499876555
47.232255741614566,0.048367426199151575,0.4041058956918999,0.26161711499544404,59.55045951241262
136.67244667154463,0.6538878578546925,0.29476179792595236,1.115144360546736,241.35809188667912
219.0314867128062,0.6422581371750993,0.9482537238032672,0.5266402424235905,324.99751975579164
129.16392264479444,0.36942428475448097,0.12654375353301062,0.5079222498847238,189.02308603586062
150.42449882942984,0.4726866664355971,0.8848539027844743,1.8958884148127588,382.82671525230325
48.84720676048509,0.48914938823798937,0.062076798736804606,1.9846890876769345,113.43123362573265
192.2397771513871,0.23992813274650637,0.41352941285256994,1.6228771932018549,386.04406418826295
148.46044358708718,0.3141666119075859,0.6317210554978671,0.10878396146680336,202.7836684648573
207.4607705916576,0.4183895546635016,0.3700383841416809,1.4572634210874569,426.5338934436582
227.74792412788528,0.6031790299115898,0.5346064209614584,0.35685146359663533,338.19772090589413
83.82223579370385,0.9558192060173925,0.20400166658718222,1.138442627441781,196.11296056997213
22.193684519237724,0.53848460951904,0.5690345174668368,1.7874272584181765,54.32517982934417
54.6099854210694,0.7311639095432015,0.13455871689923815,0.7603912634882934,96.99965376765772
105.36305497936301,0.8070011023955532,0.7960963160895763,1.8576833701344657,275.3372412259333
226.99362961196135,0.11350812130855359,0.5837899134421298,1.4167444346786253,341.5354891222437
91.10520245843296,0.6531246675539409,0.48193211481885256,0.6020236267153347,165.29010949400748
185.1001846728561,0.4821107202544245,0.054666795833081316,0.1898343977588799,257.2679604238461
129.94416777489582,0.5724309422478921,0.49977433591672227,1.6307025695367143,321.2694147570668
44.28270051821888,0.03841693576904459,0.5635694303612403,0.9161188169859906,66.7828499572099
77.31582148935166,0.9062157365473852,0.26566751340716455,0.1453869763199349,143.04632607352391
156.93945646296507,0.9527841495754501,0.6775903409082219,0.20624471427010405,276.58094445802135
161.64838802703198,0.003481923684611754,0.07676514871352058,1.93392276379096,235.21593963438318
104.62495936076655,0.21279159204151088,0.20868908144849574,0.4860039089911323,142.61715687384464
55.26062183757646,0.18019417370894997,0.7375485173242352,1.933182355714759,119.4472677639952
173.39667369328598,0.7813045172798514,0.14722221892602416,1.362319159395808,377.9669959580669
40.94509346624519,0.5980800591118203,0.2455488196226161,0.6009822036573385,70.90300951945197
224.83239120169782,0.17733366329673173,0.6508553479043843,0.7674557484869575,336.76942525625986
45.50290717923617,0.8139709553188604,0.7288417038111124,1.5540768882160025,103.89315840469958
26.201310898388645,0.35347487180574844,0.05148925462343201,0.8708299578507916,37.9186621615117
119.68662471650822,0.46085687629310235,0.12658941325221507,0.14950155532857257,133.11147774959275
124.93212874727172,0.3873066053206454,0.44611800584326267,0.4596282591393739,190.20922266190712
122.21220308938963,0.5213802064412295,0.5927949448321963,1.7206899459944487,251.08280446224367
105.08186369665205,0.48014246882872536,0.4537812343456108,1.3923482739563062,235.22494972739756
238.7581668326912,0.27458400266244265,0.6470699928117579,1.0020322223495324,325.88613959397196
116.96420673460436,0.4245560374938403,0.7559929065219589,0.49099133723123334,196.55942771380163
114.96820608718951,0.9083371498543001,0.9495438475079023,0.9491812301799938,304.98184185693265
101.51297202013743,0.5028941364792451,0.34988071312944713,1.5776981155550291,209.26181880601885
16.504768251000364,0.9163864104223756,0.1631047685044661,0.16308639428434368,28.02397692412646
142.51311316033303,0.5501270478179646,0.2640840042882039,1.9895356374704436,341.8156956513361
55.098281447452194,0.7688172932641588,0.14816444505179105,1.719525087717871,133.1304537304663
153.20735076485744,0.2935913096597129,0.3942456419729161,0.6359315656964586,227.4718796431319
12.674614136660278,0.7904134900444079,0.8725672659015655,1.7411534277644334,27.971336561462202
235.5422107500939,0.2643216129849856,0.34705989694435657,1.3634290598065926,463.64933163057344
112.82671642353499,0.019549971642973007,0.14882270222259675,1.332708854198658,149.65813522006383
215.27291149597227,0.16072894317769304,0.5226328820229693,0.27941953788845986,308.8084315693722
114.39690098928789,0.021652875032036834,0.9919438166601401,1.8117892814102776,220.70125693729406
14.949231048526105,0.9470626418914286,0.18818121866875948,0.9006835938427504,30.726722484065448
197.42014428946675,0.9999770204176942,0.7778749517567218,1.606455516679633,470.0232373041253
155.74000325527868,0.7622302636195206,0.8233589435743026,0.5990475807188189,340.6011806493849
187.73081289395986,0.10812816375158762,0.40133834350100184,0.6160073312049958,273.1633967327296
103.04668231037516,0.8989454603326495,0.6195514386645249,1.9293783599638243,255.71639210117635
153.28585024707147,0.7437761832661044,0.4323734507511886,0.993319849326866,297.06882470635065
205.5668464092875,0.3322445154020879,0.26232693653997186,0.11978142676600445,266.73654122324496
151.64017356781704,0.5022779118089321,0.42611880007236025,1.6714132940641002,405.17266319061656
83.76783554319884,0.6617593412619689,0.09529013663007158,0.4544600446994773,120.14366552898234
159.17583785070485,0.024050475673271232,0.7069561136608927,1.7575075056180502,341.1404136652827
161.40907817306913,0.5015409120998952,0.8291930316293041,1.832879755947649,392.340179573353
230.5605775203367,0.7323954332549851,0.30739993337048277,0.14553202647600627,424.8695734219674
89.33350100922978,0.18822537189633282,0.5664768243799825,1.1648584551487697,166.0254957942994
102.30708331963442,0.44379057347933304,0.23214853203943642,1.9630482111536927,226.54540306147462
195.00344920430067,0.5325301291849333,0.1274604501728117,1.8618392292917303,474.25356729610917
121.63007438088653,0.7355653719592322,0.6636185651121598,1.0504865721151333,257.59504971969363
176.90925580121805,0.9644537107931075,0.13410759650791237,1.3609863905384711,430.6609580927022
110.6004167366353,0.8482755480042915,0.7819790692061673,1.2085240703181492,282.619116788075
52.11108646414176,0.6215184202299502,0.2717545487509241,0.40650669247940585,86.03360622479637
178.9763203460521,0.5836406748348093,0.8185133930026607,1.3059951490431425,362.3670643221632
31.91166301973803,0.6031866930726707,0.36850457439042694,0.6662823670016265,52.495718157263326
48.06078741574829,0.5451786426597738,0.3688425926429848,0.6759438583916499,86.63666793244808
150.62458337681795,0.059362880258923556,0.7505727606724842,0.8399763218810434,213.1962685200187
179.47111714600072,0.698296394588205,0.5102657746354712,1.7043537666754383,400.54369445951784
214.77774890484167,0.716336800129603,0.20097742640987393,0.4766916515238151,332.95741898334927
65.78446613110606,0.5124803622670274,0.850408548053435,0.501583333490867,118.34104181841647
27.018459934832766,0.870387605402543,0.34015320923575953,0.014679827213104346,40.81717572258512
229.47317495566966,0.6724368027566785,0.10277676083840148,0.31001373783787245,318.9320188296113
37.484329581303115,0.36266465785701696,0.4160010449228776,1.957358574809873,73.01968504606572
47.841242249986166,0.01969435359863425,0.573961763169679,0.8677398910129517,67.96122947371686
70.27340412725255,0.059161646497680076,0.6098853339390975,0.39032938462835687,88.5653225352029
127.28922928929585,0.3517982616417863,0.8356078453038202,1.9313636215138852,293.3664516018408
211.9367230651617,0.46210532519868286,0.5414068237934746,0.05423573607388499,296.55060698430543
182.65077244380313,0.16687111950842504,0.22371048306735009,0.9683327732801263,300.1242624782936
170.1037341453111,0.1893283064226321,0.26166633073590806,1.6092042712550323,336.748413679703
42.45574600151288,0.2302113587793363,0.10084058829440268,1.5456504092272765,84.96715022951689
86.16499025047084,0.7805133395762727,0.7359242892362617,0.3784345309916388,126.21112572958893
115.07797979775937,0.7712878409517714,0.10594154649975795,1.4155793467555295,220.285509862607
35.80851585979781,0.3829389854137788,0.6058126322747955,1.2445772172917,72.49235454263072
65.98641365933807,0.17236438158439582,0.5969473940466132,1.3505524322985334,123.12180552018262
74.3458023467062,0.11090838506346923,0.7855035569753578,0.5322096312554734,118.57570981820929
30.9826494998049,0.08712931204717322,0.0746296996854211,1.6214687760635715,47.1508558621899
132.2824062120277,0.3912792508993721,0.20291134351117135,1.1184750186174695,226.05985621383775
169.3542530675442,0.0455424333211194,0.9095623770231385,1.4501560950106696,303.34487502154144
17.24862573870826,0.333635037126335,0.5722368294620122,1.879147019772729,37.973723094840075
115.72898287227437,0.9615332425411374,0.4576902131100785,1.710994545781057,287.7272946479238
187.8395812666369,0.5075046156100387,0.7476762654622817,1.5646749410538803,426.4495612265404
179.64363588411103,0.822644656835189,0.9025304510891583,0.5792974988625255,347.68422598652376
195.7100065443916,0.12926594589539908,0.26300963694954893,0.10816622531623499,262.6390100836232
107.85363164436038,0.26807878240970484,0.9014756288113434,1.1492889259788328,233.73993402556818
197.02342129224664,0.9465464445440088,0.10869462604075364,0.06902610643878249,291.5264077053518
58.16036055581754,0.3835518969340236,0.977683047729878,1.4283795484374244,120.82185369152322
86.91412945949492,0.6484061284483223,0.16485182509961016,1.4736433425925415,198.42451392443206
42.737160552063415,0.9761267791625894,0.26623636860229394,1.125822522477321,99.02861891601626
112.46254719314295,0.5507877563307355,0.09659394009164124,0.33630382508268575,164.6978837872227
94.39837536849866,0.3053459492287359,0.8036765068866004,1.751442869136753,206.3175539975967
58.20204438122777,0.5319484559520623,0.9842320620416789,1.191842464009544,100.87476798056765
180.5514798607722,0.05463719933085931,0.2969765085697681,1.0297839001482196,279.74667472099986
75.66630192073936,0.11236987409269117,0.32561196040179385,1.1351835190841093,106.13188038218922
65.83663706992765,0.0071711050522699216,0.27897990338000256,0.16577417362726177,78.13827741049808
31.848234238693568,0.8842100415650043,0.1548281002149251,1.4808741094778528,64.19929460430308
105.59779758156671,0.6712804288995956,0.7874442167386926,0.12155116777808805,175.22791193344088
73.06002860653383,0.2983297651327481,0.06071984000912245,1.1567763170318166,130.08097384519888
88.94084550116199,0.2211614192073046,0.9677741304742827,0.3385141741409088,131.76050864138702
57.02134439762236,0.6830766011577799,0.9273155245090483,0.41540387793266786,96.03721798106824
183.27573981186615,0.9195320647852825,0.1184390852842464,0.4665085014156787,328.1494452595083
223.2358016914548,0.2991390910521107,0.5295238512104824,0.028611276976917344,325.13841111596867
119.7546787429386,0.3215591093867818,0.9928513586443369,1.7836776622273545,251.1706094957503
154.4981223901294,0.8542407251937729,0.8526192490484263,1.6084705429797146,376.6282055918985
208.1877602473061,0.8933758158837523,0.7151337259585594,0.06257289533286436,341.6006932834383
239.71969814141124,0.9140365668297785,0.022460945440901936,0.11397217599893361,435.7550350476899
147.4371980927948,0.2931542080066948,0.06837744536824142,1.565753694953389,283.4175157410604
213.60218223629855,0.1203125675963489,0.7940170984426924,0.01360657513940211,242.11605630185505
218.11167505007626,0.43999757199854206,0.37644485419096874,0.9379978274162963,387.6112442625084
190.05263132992553,0.29576486514118105,0.6684318774590476,0.21459450858861606,261.35426747848555
110.8930681620099,0.8838666668118358,0.739181627043158,1.1832644540371164,282.9967037643071
19.936383101523884,0.036634941803544874,0.4221841775250891,1.9966808357688146,39.661087291376774
4.285430527912055,0.6338804696362723,0.14338175070077952,0.3440430310829632,5.881439832547925
114.78955167126044,0.9061813657481139,0.3866945030792118,1.9133676947187908,303.6500350637892
118.88833078154094,0.976670366806066,0.8710484423186046,1.73095708787189,360.19345202765516
98.06329189318187,0.6501305992980432,0.3310857790319788,1.9717099362875623,260.16746053054146
136.5760806342818,0.9499229570223799,0.06264944259457306,1.532377267205037,281.7023507913238
132.7429674414103,0.07565946262506729,0.9591314171847817,1.71398850290625,257.46248072064185
200.86882332732998,0.35927834599623976,0.6806769089738685,1.1891952791506517,378.71564302965083
26.523376231311847,0.008714697326733689,0.5408567519375659,1.7345681623490248,49.86608579065376
54.430051032278136,0.9811837721908184,0.8291073466812379,0.2230245117588252,106.6432420275364
190.4246924608315,0.9027264787666992,0.4111606780970959,1.483308608736851,428.10403436522523
203.55692970006527,0.028052556248201355,0.9851157940105953,1.257447174002315,325.71707778638
238.76039916219784,0.018132650459765975,0.8575730693978237,0.1196929654757295,319.0153900161637
209.56242792470667,0.36696949410636615,0.28054474165599075,0.5831807426973024,288.59739401526
213.6308121938233,0.2585379667909018,0.37104798717763987,0.43221360074503967,280.8572578747201
75.7863322598622,0.8469322772425022,0.2757429641984457,0.8103509015977008,132.0818229554574
96.69796134524564,0.1604844032718623,0.6593408428482387,0.3967066830474628,143.82048934932584
64.70638260452198,0.7906494627008573,0.6393319310674046,0.5496592883039702,122.70441556940509
145.7087058671554,0.5544596999906632,0.522505873512717,0.5920602704856921,272.90032514475956
225.34388233258568,0.3773917714049878,0.965840374572831,1.199621790249061,406.78344259509424
83.04149231953245,0.14571976173337875,0.4722752881776897,0.26974752014027326,94.50807064587403
133.90192676060732,0.997691305959671,0.7837223941965653,0.48220246944421596,256.75548224183757
71.46376149360967,0.6179861209215367,0.6580951171766698,0.6342961219601977,126.67880644655094
41.16709371856345,0.43938223256799425,0.5181849401446683,0.8981358765521454,74.93709648580882
47.24693439156803,0.37112755655273166,0.04209510721139831,0.07617726565996619,50.42305503662059
14.37791001688212,0.9057282306308553,0.6574950238201316,1.9984229041455224,39.26804764473346
227.85579876071714,0.821191808190761,0.6425950842762254,0.6007840051040509,398.3190791791913
96.9896662375773,0.8111857883682237,0.12487399459254811,0.5746897214712252,164.0369251473408
200.2719536345049,0.6161984729623928,0.7959149753606658,1.1097411731823752,457.2182445616418
163.678408709181,0.8879565826958018,0.4669940834450421,1.7080643586442323,310.8864283238578
46.465118157954954,0.2992783721220704,0.3241460144048087,0.9136187361215946,79.81174765848662
42.52320805569153,0.7037061351632893,0.8239593858459658,0.49767840167949173,80.2835617164673
194.9711742617755,0.4044477423918925,0.3433709594978237,1.1317510063907086,328.29670569486854
63.89845469337919,0.5999988085596921,0.6218507912838264,0.9658851000514594,118.21307861147825
219.2318014966232,0.9981530006126929,0.6179148014564922,0.8461496540445916,526.6369050191064
34.043269423133005,0.9845247806753183,0.05280598257326696,1.9677659015684466,103.2372475942101
162.81121316184544,0.5126190164674482,0.4228336305747159,1.9919005289371299,415.3571372844088
195.56649330940868,0.5738634521648246,0.22277874993195645,1.1238876569151877,446.03503289511696
56.84390502554698,0.897321769137301,0.19957066190105588,0.13600785414362182,88.91608866825536
66.65166354784756,0.985635712513855,0.6549618886272098,1.1338351609657862,127.324374205391
231.5022732303388,0.7786078026260798,0.011409995285753705,1.9049442967657706,544.7079146664669
63.87112648040491,0.0651844579586307,0.9690789782144964,1.8513850613893708,141.46928011731868
103.47471345106145,0.32263973434386395,0.39539100600482113,0.4310016988626453,124.30330094534584
104.08748458154668,0.8965623399203079,0.2988035284449051,0.3802389640605688,170.7228355158198
61.10182260815921,0.7683525058504805,0.9199743999374573,0.3045117100231398,101.13061198582346
186.30196520168317,0.7422330710244271,0.48667214210684495,1.639568698824695,445.2893100137768
185.35791770338267,0.6679232304681411,0.6143252514852777,0.980110113978947,376.4579258341059
91.10716440659667,0.4152638496323835,0.6958507486369615,0.6760931413184914,142.8272845431152
200.51262696383571,0.4032413203447017,0.8714112734844635,0.6496143376794008,349.3046664101598
51.53144678856107,0.808932487590801,0.1297419898170561,0.5508264859087757,82.00232546575954
1.5312332724090358,0.2937802917650709,0.08165317909202363,1.7652395482288163,2.931893782672216
137.29458321234998,0.6848318727009735,0.9937107843347391,0.8193597854942103,238.98640285176805
238.58162650234465,0.7262085234239566,0.008883801626070498,0.4880354712837618,397.9091941096391
9.755312203538862,0.8445559893615288,0.7081947536150259,1.420809612130557,20.782945486910624
50.315538653176304,0.3198855907070157,0.611065361958621,1.2709091137835966,101.65225134602963
124.78005687565667,0.7418892668382021,0.5525510217091669,1.4307311091881905,276.97282376748507
194.4808063785465,0.10648989757868688,0.7858279591800934,1.64391222905973,370.7199799287972
21.825560215475246,0.13806172895190472,0.9924729476354587,0.20246742913783877,34.91808798563202
95.1586995752552,0.41733604017340153,0.04688582149392739,0.003977482900289431,126.61969148631685
179.42465425085777,0.05522577635524728,0.6145304926431803,0.10113248231230831,206.004100187061
89.4845984133236,0.9476983214653384,0.7167776685390507,1.4135865182976237,200.63721146151804
45.726322703915535,0.9018958105093605,0.30593930617301857,1.8689930804994268,100.10132503049462
47.321250661482665,0.048933695525843146,0.8928613849209311,0.6622107640327337,70.06841928793564
98.70668446614113,0.8383117218922788,0.45699284144971186,1.562388332788887,237.08529284487702
115.32038941601093,0.5088741740900253,0.1644784619519467,1.4583690217373386,188.03907445884875
206.90455306693534,0.7019628883735499,0.8544078160203,1.9561231585718397,444.9789704510194
154.31945424703446,0.8869311692981873,0.9429256204246439,0.9415861629794038,317.5823605316438
165.8512681064626,0.5769744870776986,0.0995149183687436,0.3321459345737878,227.71828336031578
235.92542758284972,0.11632710028462945,0.7516808671545532,1.5304628011754846,450.1081388545224
99.13650395208322,0.0025786104865862525,0.21501421916521968,1.6376377280428787,179.40632013322627
97.10337957816623,0.49692153225144653,0.006722217669021702,1.4146001514098305,188.06956247951572
221.64159877033202,0.9492321321243601,0.26061382288538826,1.7263633465595583,570.7404255859773
59.38720308771154,0.5726218716131959,0.8549098352207469,0.742365166639809,104.00776146004824
175.29075148953658,0.3729391380882292,0.14118387678373234,1.3806300064470978,329.6228854822876
181.22026660324326,0.030922017080913355,0.13066888299846058,0.527697278326124,208.8655340514267
23.92022538818362,0.9149794172782003,0.7390477062001563,0.8928802918796752,52.389428263924856
112.64142166361337,0.3271566608580422,0.4063596385646381,0.48498433831123644,170.70316373568141
48.53471188151219,0.7047774013150961,0.148486072534602,0.3090673452962902,69.36976295234797
44.89737783619532,0.6942372021114649,0.23000037648217175,0.07190649600397747,67.4073709305706
111.58683245585885,0.2538831613687479,0.7946019249856044,1.342848516384668,212.5842337970448
69.81841494818156,0.06377750646072533,0.6232687900580196,1.750546176554833,139.35370909085103
191.1564772063961,0.38500037867184356,0.7609287725664985,0.6288388686225368,329.4251006777841
217.87137148802054,0.3171310138371999,0.09777323898803769,0.8584707668954543,325.48499631909925
192.75158496656357,0.7002563988723258,0.4581042828497125,0.007093896605147032,319.6749190560298
64.21439399288883,0.8197824956598391,0.7971062507813321,0.8257095450628977,138.38355913638196
66.1551872884217,0.22244541739167467,0.265792750868431,0.5626442301641688,88.70585605296982
61.50743985313345,0.5282310697764423,0.1691889683760286,1.1484000602492026,102.99714407345887
32.84162400546854,0.04060834738816166,0.38178389381719213,1.8170343657021242,58.74725176359502
226.53970916083884,0.2142558229334619,0.3333799738387807,1.012305138243025,319.71139687265014
96.79044765861812,0.761761605322083,0.1854727788822036,1.3510653198057234,211.09515849700097
54.31312915373676,0.7933983204890724,0.9539449253562585,1.41096567961124,141.06303720070707
203.27771659672433,0.7764044634518033,0.4830984045554402,0.304863824349493,401.3855817183398
96.10727498654082,0.14238792498827013,0.6080763561099246,0.6931412156236523,129.64889917599544
8.910476260765146,0.5510347274684173,0.12110690874959507,0.22629110252999185,14.24243120170976
39.285006074786665,0.4227084144433829,0.6100350881315129,0.8814932075771806,70.56727740176665
153.6004565153027,0.9914862967950905,0.5553226932084637,1.7745713632194873,297.01691762902504
188.0058131641279,0.6540698690583361,0.9319293277730326,0.9618687014748273,368.1903592652201
51.018786043046745,0.9352020913957291,0.4123168010720437,0.9123059664378528,102.02682499897935
220.21624362924106,0.1453503050084376,0.782062100476217,0.4186470915905032,351.46885852807515
204.31381025249337,0.45087327310022907,0.304180978462122,0.6204345601741117,303.4693628430853
203.68719059762887,0.7716076001058686,0.5789403563278805,1.8731991450698167,526.8513880488291
55.02484465841178,0.3678577280304026,0.9269703972441979,0.6059906485240834,91.37874253745001
12.60336928168882,0.6325084961536467,0.6250713107588963,1.4627731711000322,23.523325168360536
208.24793770607877,0.5117021723736607,0.7111586837665084,0.08428332982895159,294.83642222797175
73.73915478288689,0.9919294092179923,0.8759845252025904,0.25662792018899583,163.08650099487122
148.73047329105944,0.17387254006549147,0.9254243633087995,0.6229558326097964,227.98584579167377
182.51206864632485,0.9353486953301278,0.2082748752030671,1.8028417227204505,489.0033687161034
31.22623541341328,0.40157095380329677,0.19583803162918523,0.43858330975810467,50.609947769187755
187.51078590731197,0.4679929663772945,0.5504761269087858,1.4534892201700158,368.48263179495984
225.27349442117526,0.528601883689979,0.9955163763063611,0.33504893379938006,328.6218165213735
174.94580429626495,0.26536654943357985,0.49015232331077996,1.2256840922362833,280.53128842776766
106.17284826109366,0.963657442610793,0.3309049631034272,1.1736564615025624,269.20095458099007
210.46441423103283,0.9114872052347894,0.5372612749330885,1.2438958022793447,480.5010876624062
126.82610240237787,0.9729051002113627,0.06439577411570185,0.572553043325061,199.36049570258922
178.8726372121126,0.996919572209523,0.17720677030991405,0.3242059939051658,353.8192203849515
197.01117355413567,0.669800095180972,0.14892041734650996,1.7729714982740965,365.68863703473727
179.97001037691192,0.4516854958057447,0.027915545071051873,1.1388878750029647,299.01997557503
69.44124281353288,0.8507339014963048,0.7222123030452839,0.4240863394418761,131.17778234698207
28.723614266946544,0.023804877836338556,0.32547454586182356,0.8266581063908707,52.004710607010416
57.5820777822134,0.8344040447135034,0.1685363112420898,0.13418298585041377,101.7095926793621
120.9385474067946,0.49728602421100665,0.5122437705256234,0.9507522332047484,212.16980401651222
121.51382288919645,0.6732200270834178,0.3234444059720648,0.8477815523659376,228.76559192093472
140.04332166083174,0.3740460613425076,0.3930177707980791,0.26545247474678724,219.18896380422217
95.12689009271986,0.3686231538668159,0.3155318170618111,0.8887446703650865,184.31136034358818
188.96048585728164,0.03171715281088772,0.003983514358832152,1.2790646791854117,294.28071765222927
219.20032320815628,0.4237894304290133,0.688328864418925,1.8569808894668491,479.2031994643409
59.590650308333366,0.40835419541933005,0.11069047873405968,1.4063703879190492,104.81992557067666
176.89731063960218,0.22479110186807127,0.21914239706296945,1.0048705727395189,308.9844230152264
162.8742586845382,0.24732327353976746,0.1903170435638315,1.5401022357222847,339.06726641756785
125.78017457739593,0.5841395804425117,0.33136729549870747,0.5598705627016911,171.48780498768204
45.65299101286138,0.31777144253950307,0.1601976794963561,1.3375631968897785,80.54948305550849
190.95812593055894,0.8302519090172897,0.34695212418795407,0.010124333596948976,269.5775362707053
230.56999540810543,0.11138510685706648,0.24326434580773415,0.14510226089905087,276.5256697739967
173.37980156995042,0.5776449465750436,0.06121511317241102,1.2485312729235656,295.982658556308
220.3274691918633,0.16004472713910234,0.8705629771698292,0.38509914877591944,274.2445742475405
236.21237095504594,0.5282406269206588,0.30558110709871145,1.3774591725294287,530.2892794072993
84.81613648029754,0.5525458869503187,0.09528214637638055,1.273506529007641,162.6012614303273
153.3545409258577,0.6422976865257292,0.521526378952123,0.12733349881584943,239.12129284060714
114.00689066431967,0.4274249472728937,0.12327551836880324,0.7849933331893397,196.61989828879487
236.7975848737436,0.5094746851292544,0.7730932014568469,1.2260043966139116,525.2924807352185
22.966973849850117,0.18095261608129332,0.06157794323983956,1.4269632631667168,38.9683112810644
99.2637919741853,0.46301534973632963,0.4646359499442313,1.6321683210534947,202.010586269383
210.19160116427307,0.37303038909429054,0.9438263301157783,0.6608858033300518,345.2866303616611
68.53028887110045,0.6661311046544097,0.15896905365841352,1.6734320845095687,168.18428096061172
189.17638772801,0.43482172349648607,0.20136867690549798,0.7085088520112885,307.70502577090537
92.17656748587125,0.7793416509802202,0.6004649113952157,0.013973682400006071,145.06365755457142
235.2048603036929,0.42599209857369214,0.9798540715953394,1.2200117996740274,489.35360913958255
212.10539582347795,0.23577117297395866,0.38583574828559375,0.48333719431586464,361.41514249131706
72.66622566019637,0.2736887189585846,0.6486450927772066,0.2487626039870554,102.97135536043584
184.9612506923163,0.04528522509163657,0.15231706278163393,0.5167156200096281,232.05842570262018
81.17714224806785,0.5399188106009101,0.6413971332643023,1.6558279961588105,214.40665688577553
145.72390023162066,0.8308808839003218,0.2526620649548932,1.8280026165203638,397.5915585520267
158.20614403019343,0.7691117068175701,0.6132876074913306,1.923393247740482,438.102114728454
199.18810047602634,0.4377894663384714,0.08866120808360944,0.605660726000502,297.6483702933446
6.355976391242564,0.1961203551445122,0.5249690217053291,0.9118574163780993,9.752598057322864
53.22781493097577,0.8634844432974528,0.2374049946732404,1.6050522056163674,101.11140804369852
171.00431563596462,0.0567810340450684,0.6817087033294134,0.6358053770140888,271.08089111346504
135.46381525420418,0.399222725202494,0.7476697870683154,0.7702863726258931,237.6180437941368
119.19741622917377,0.8566151423839511,0.8481425305593974,0.47454897845928423,187.93851152680662
13.72278463156132,0.3931766874041964,0.992395368919082,1.1447346387034516,29.965154181635828
83.91207408901876,0.11787547075695992,0.459354779653232,1.3185333976506206,142.10655487731907
207.69150554260028,0.2659495003457961,0.6705944172073243,0.6368789101731929,321.1619605209072
7.898834470129708,0.6000294417429484,0.01842371625212169,0.04846103302312854,9.486785342298298
95.4464783698725,0.15203590769457087,0.9050870333062111,1.47181562673994,192.68332041868348
226.86301489715004,0.6549353268423558,0.615743145528579,1.2331945786931806,498.2872460240156
12.685935923531003,0.43816193119924574,0.4213449792732371,0.43799757120272154,19.666638766318297
180.0545273751905,0.3343895008205219,0.4343127427606507,0.6292953503315415,272.3657173123318
62.198221575597735,0.24092548052316387,0.7579956463603956,1.9142271785393545,169.1978528312973
208.05281530080455,0.8233299858567095,0.8334700035358941,1.260407090018572,412.2210907602463
179.18328096076792,0.39667394746340157,0.8079036763148518,1.1909555127827691,322.4027424275299
212.6263884205779,0.7384792656062277,0.5105846530470237,1.2793814749270869,488.9867633052162
52.21398730828821,0.44035519263738443,0.3711466375680317,1.908889069587514,103.7825809236956
127.74461477905588,0.09186718688677942,0.9455393614155355,0.6797181469859896,174.83879806515364
187.13515148616477,0.4405059751672604,0.6341995247702099,0.561831952210311,344.4005747497135
59.34508844729795,0.507687779735764,0.5436534089942116,0.7534849605384488,111.20412718715679
55.763740111498464,0.45784219349337685,0.5983189320282927,1.601898188154455,124.30205900424914
7.010120972671614,0.8162417117482725,0.6298665081862826,0.24191774877995176,12.51072637257314
230.06441290712084,0.9108513490430293,0.713072884106904,0.41364939590536887,408.26915680238164
170.5490427730823,0.786778675211034,0.5531846950411659,0.4564910249563976,301.9579597870615
152.71670478543928,0.5827819022109597,0.8753553544574786,1.2727547823740275,319.5496390984332
178.68673608545032,0.5414499605548907,0.8597142142737162,1.2831660492584767,403.91726400198667
127.82129402755773,0.644616030123659,0.4422577446528374,0.743772766781289,244.31470498719804
114.53405015115328,0.2878302964393745,0.16853611212553654,0.5523845451025209,152.32770473730315
108.16297174908324,0.8118468461486851,0.5766557137711008,1.5093038626390303,269.6636544878452
153.8851912988221,0.8568481776036609,0.6207395221311821,0.06345313389965868,217.34065132066564
48.76762660647577,0.26721716318183053,0.5233795739537352,1.4774754214961872,91.23610743606297
213.19005745606128,0.9028182081400776,0.8905778132739662,0.4205479887417156,365.67172927877255
194.914692907014,0.8487327239916674,0.0930202570243659,1.8055541138956626,424.3000214873719
84.22048494276211,0.42448676748251024,0.2874185048352005,0.8273864914450639,170.75624382989776
139.0769265865996,0.9090002020927456,0.8657898463226186,1.2845938066848877,275.7705120372868
34.2760383380285,0.12043899381150813,0.9394133130222055,0.24193861953568407,42.67876641179577
233.37692638009673,0.027986559208900363,0.4259250747025686,0.507768816900904,324.6034894285016
216.7427986874529,0.34786682559405435,0.1926439818409379,1.4012171887111204,390.6666970314789
221.2944528065585,0.565435698827345,0.4203294965099348,1.1007109006644136,435.65519234714276
80.05304992497666,0.3514426145328662,0.456166445424136,1.540954761929115,183.35797284132073
41.00776241819395,0.9420677336713595,0.5195693781625502,1.1268046795215039,96.68781898720037
51.219433150181324,0.25471022905514507,0.2743530801829511,1.1386623614644855,84.32694413690308
22.05533315529902,0.28121339359267894,0.31262740711682246,1.7165179634588708,43.77095065975234
29.26649590928155,0.6348276125448551,0.655587631346092,0.8493798346116814,58.95332879752459
17.577435937270472,0.0038638823417082024,0.6217941509966394,1.790089439315008,35.89121084730867
237.5626250745672,0.7275570523545992,0.6621025151153346,0.7444304960899979,458.75326260596233
18.236815166893123,0.3774694830931572,0.3772849831975811,0.6571884135400949,30.4011954391711
32.24382838786356,0.977747867643296,0.33645683849989216,1.5588425534795574,80.10236542747684
198.62747564398137,0.6914175930297486,0.35153867297293895,0.023092798992657038,299.737445524996
139.46753190993488,0.052214955082343084,0.9511764854896684,0.3443842396776078,178.2122472227863
185.9729204943551,0.09262780874197363,0.3952451031443228,0.14353147957556578,238.92897722095918
151.60342586155087,0.08816810692415855,0.6061323963379256,1.0242101860183168,253.90417209623203
211.78092934378304,0.9526222598919437,0.5228431871665385,1.2561420026571921,382.1401006427383
153.41297289965536,0.6840515412175877,0.8762218159944921,0.020751891725014238,226.83527850822375
125.54895975030465,0.4276060072889357,0.36911680077947906,0.3229270970806757,178.04052417426985
171.2035516558313,0.20048268988003104,0.4341444443561705,0.6050827171914113,248.4102768242433
107.65056405421022,0.8736397464358032,0.8427942887822104,0.5884526704572031,239.33734916804207
83.38228558568396,0.20155592767134045,0.16095761402990583,0.19426543378904593,137.31914400943685
112.50276236182589,0.7066792164758174,0.5942945478753,0.34569491210107284,146.08466106823752
41.14652817110528,0.763324361545346,0.39990820764380397,1.6941035219447425,98.81061092877998
191.2789292877446,0.2946560888554083,0.9857915589252276,1.4011622832280077,385.1220778444354
62.93855562995874,0.5049147371706423,0.7213841168006198,0.5921887653266933,106.58031897792455
37.27080534772287,0.22298928231839388,0.010556262806128203,0.5268149286321699,54.379887245006245
59.50136190708282,0.3789296574554981,0.8394739004466438,0.1603984043067037,88.75232946908072
202.17580134945143,0.9651343982800088,0.7031796561813116,0.6978118747959676,402.9734114597226
79.58321029565667,0.6931380346544302,0.5609609155826433,0.7961390292553228,152.43049306122882
164.8089437466631,0.8466142061905151,0.23612847588431707,1.8083633127748902,418.6983219438893
205.61010654204955,0.540599571466741,0.14931665040769027,1.4862314280304199,440.3217122162213
19.119847728547587,0.23903974215135615,0.628399562858418,0.9583075486980148,33.11153198285214
183.72334504014128,0.7128798566671936,0.4399402728137639,0.26971453758015995,287.8670957513528
74.1858791977777,0.5005679607905664,0.8616203122311297,1.3123232980166584,196.95257324608673
52.38105622207822,0.1768488681070587,0.2623735702776713,1.8720246255420965,108.7775274274113
165.49189786248684,0.41242988961821025,0.637519980846249,0.15608970401470756,258.806969371987
218.3962911446095,0.6348402190163059,0.24884303665901764,1.6972155357228564,460.46511690978633
71.1571004866187,0.7353318566822382,0.6363170790932884,0.36022911043831507,127.2195451033097
136.73569638954442,0.24322079589035173,0.04834464221571333,1.4025618686281238,250.30844632188982
69.91527026695323,0.8759973393493311,0.39170742681438453,0.36771207448683385,102.09008236888786
133.25139778147948,0.379551107074678,0.17268561586575137,1.2000271097746078,224.86559303208932
149.43595634171456,0.2711367178927484,0.6059339962234745,0.4752491684584461,207.56037031117108
146.67532561524806,0.1951200554537248,0.3167280531777318,1.0833961243065457,230.4282505516627
149.83935552943765,0.8041713344029736,0.7715326176767493,1.2003157382913543,294.61109933309626
32.85161023609702,0.35416457496606246,0.11459436043001825,1.2370406502142868,59.63977379173739
166.60294246601933,0.48339902788793465,0.5562130669192423,1.3655977556134917,385.24420619857915
162.1027103530635,0.22281982356387564,0.5936778629416548,0.13805915076988495,215.7530994808243
163.97985527094352,0.6860910711689315,0.022104099720065995,1.4067748076758737,301.2194409198049
18.239897380920166,0.7810334075524223,0.03598571085049862,0.30919544847082703,27.047015101175635
107.51790275818955,0.3394252489533416,0.30824017232801837,1.3540649062738532,195.07490926445985
98.46391412495227,0.945079385371402,0.6090754394119121,0.2480752284748171,155.15202000735678
21.267400332546195,0.03061060956023609,0.9626299951622065,0.9588294211035107,35.60390287846132
53.75711873128616,0.13294310327404035,0.09078350998866302,0.7735368519636117,88.54654294263915
106.1105503156298,0.5887870315604908,0.7031627732108057,1.9346927132865346,237.988304781159
178.4260612110107,0.7014068620483797,0.6927161221227769,1.2616183314889131,386.2366999464912
57.276367437826835,0.250682989509059,0.6694742435034768,0.17641182650262954,74.7098263213021
199.2251034749163,0.5540710968913485,0.5161473415322018,1.4017729228759228,389.0160048448907
131.2186894346015,0.3183862470428127,0.9668259506101438,0.3882767985579665,208.00743626150492
182.6209936017159,0.5540892456215902,0.5017751384886814,0.5723007254267132,291.2292466469852
113.67715800917728,0.6593276777642525,0.8382970791992078,0.7568860808892837,200.6217513461242
120.0570169886225,0.9728080535690574,0.26252060287466383,1.5524508806167985,239.28382816248006
148.92279375642383,0.4556968600211837,0.8063084993068551,1.8881618775727804,343.3874541081313
222.7489606557149,0.6482160402713806,0.9965457339389333,1.8486703536959674,599.6810076356047
118.28911324839193,0.5780392479199319,0.91008598777376,0.3413672635880256,214.4480708026326
127.11348037693568,0.31755489388757296,0.3040717187519454,0.12082695478915961,192.1688615687161
144.6782727648433,0.25306413169772035,0.8461574758483994,1.6570660385590235,278.26873576269463
177.13487538280532,0.9878707217447237,0.0952571230287198,0.5764365256630137,368.77709176392887
17.70815534895312,0.20685236170151533,0.6777075596130526,1.1656522076458418,28.06047907220661
124.00714152601232,0.7902752670742368,0.34214623298668656,1.9572549304726214,326.16680942455247
115.84118561484742,0.14658739102076102,0.658670089595598,0.37284401074414064,186.36376959735813
221.2435537248981,0.8043512693612508,0.41224900757946537,0.74971178371371,449.30374058592616
118.69482601450369,0.18572844298954805,0.00903314982532244,1.735197892292232,263.4387251784935
112.66276805929228,0.967156644016167,0.231276554047951,1.2999610941560829,238.87145539171172
230.94689725406113,0.6859876565745173,0.042386232858316,1.8751060135057849,523.436995812557
108.41306303241113,0.09011824367582888,0.4272699227998513,1.2634386299176672,167.82313105927312
43.821821062140636,0.6931771194590108,0.8400712867281831,0.6071399360816347,82.45136963798039
52.4514114119863,0.6036207627815519,0.7379967589750783,1.6102172110449764,121.1869730645884
23.297415431705303,0.3375462466939585,0.7889121862440657,1.5185275098421556,47.7613358082171
0.6360669575171958,0.26073599775671463,0.8071996488047292,1.8672378821577271,1.3057519308976326
103.95098580961542,0.7187607817481522,0.3719397880434755,0.9523338644260653,194.01218907936914
184.73359822092402,0.7413613729498658,0.5060257294933985,1.0056785742686194,387.0981792604194
176.16521305056068,0.32720584895253657,0.5084511700854011,0.6476462007233508,276.6197704658115
8.199706528782622,0.8762271108395037,0.11320851693607237,0.5375166690130666,13.290244234697774
137.01090541077087,0.26882721888849126,0.5981421221282742,1.993055638282599,241.9347991928938
37.450808536527504,0.06986442597481102,0.7201797790003355,1.9545110324877886,72.36345119677422
225.887770201145,0.5998678448275786,0.6109678191132942,1.059292926002356,384.7670660966649
40.583917414780935,0.10707057283161614,0.7459659347095227,1.9101711647276731,76.74545996521832
150.58009263854683,0.27666406426648527,0.11889126812485673,0.7123108952128849,219.4485855837793
78.6340877382916,0.5071863930484379,0.7614089463341772,1.6999886481493727,172.92535608216417
154.15393756846237,0.2863596223572976,0.20814010336847644,1.2697363156906707,258.2746833973859
99.235933853146,0.2149963424200444,0.8768268228395328,1.4341322282793285,235.05740716949862
182.43451102738155,0.7031854149056544,0.24493131235079557,1.4364058648084856,342.37735968547395
55.74765051602195,0.5469993414022956,0.4919923836904402,1.2716573000125266,125.99939147983713
217.4371487729653,0.8397612482502805,0.48726629665663423,1.7046560226402252,513.5041582373433
120.30021101054783,0.5812395946554776,0.2688503203920135,0.7840265013144856,199.94328991783055
181.58430887722827,0.48344721177377836,0.36170958441959444,1.698377901926179,412.1187261640497
204.01038084059388,0.2612563516107882,0.18559674907559198,0.36683032784109715,266.5049950783999
239.71945232367577,0.7920658750912973,0.5701006974585494,0.3999188404001137,396.10729757305194
54.134986909752996,0.19687100856436723,0.9130280253334802,1.4346864407840063,123.68604583177573
69.21073304844744,0.24222841097316028,0.3166075723616504,1.5002597806551747,102.07887522945306
60.47872427228724,0.84158859675307,0.5080626097714577,1.8046021497351346,144.57724203975172
63.45768405226794,0.7411925257292111,0.8618806119086495,0.5493658096094558,121.83495845024848
139.9955155986809,0.6128734889795205,0.4524990469454725,0.11213890477288513,244.39674999867913
238.4486442934294,0.038920530786573426,0.8312603284579195,1.0149434508137891,373.5631338391867
237.6716018587147,0.12725761828472648,0.4463906651698697,1.7506809307535849,587.0499942091767
126.6621889112727,0.49995746018760967,0.4402424667108733,1.942931707293707,310.51276349974444
153.54701685838938,0.746338923482891,0.157239962179342,1.7156525904094628,267.85204743693873
206.46294521653462,0.4641008641918233,0.12497882442661401,0.9799128993452104,311.45549256760347
223.93756329961448,0.017293024414783087,0.6114967442944877,1.726764472142062,435.1851112676953
49.32462024542576,0.1842699986668217,0.8273335246787206,0.42794184773807187,63.83196241417807
127.08574408171746,0.5887666996202181,0.13540648685019363,1.842339302469717,299.7478071379737
199.96447459143218,0.6942170596879913,0.9100939461069877,1.1336919220360946,405.68629271533973
73.1168973539847,0.033428312711904384,0.35887980186433643,0.7787271716042043,92.48661806110691
105.83426567407177,0.04333175346050033,0.4252572065208218,1.1632823643286434,155.6965580464546
236.5562538121259,0.26131011545636296,0.8944534020181291,1.56801641973439,522.7773567150477
236.41868386464859,0.08350169538656493,0.8962964503214064,0.4802430255295327,270.01112091602477
217.512581178261,0.5419462321933647,0.524858876911572,0.20375960553747174,369.60604363430036
191.7283785863198,0.12370198195668047,0.2767649444533409,1.4662402073243628,380.078046446946
64.95675492311197,0.6482193349014225,0.17193947233817586,1.904937932665846,145.04680239581094
77.34359273909139,0.777225319307587,0.27158004743054653,1.2739561839484792,141.4293704561626
131.5742404685675,0.9705166637521067,0.7806273976251249,0.2851669081804493,263.84186969994187
134.80618120760192,0.9484069616377143,0.32459080221364955,1.2867707389141134,289.0669625336489
121.56792523601754,0.2733651502352782,0.6945614610330086,0.23326419236176688,145.20044069489617
152.98253203995532,0.029409602623172826,0.19520082227959712,0.6070495060398238,241.8422293483525
98.29336392060083,0.32941221611176796,0.4785036326888996,0.06319540239793286,119.05053606495663
179.92721067707015,0.7084801187126533,0.3521062160588222,0.9750032481758002,301.14633970491815
80.38520739156611,0.05980120927253929,0.5036123233202306,0.6427083710158024,117.29657250524804
79.69714076865144,0.3597126576714287,0.5699452909201765,0.195043779690794,112.73243697621687
30.970617873092806,0.29803454754690695,0.9909349646344452,0.6180546045653035,58.70382761111118
45.69657430192616,0.2193456358189767,0.8998950471892022,1.2951402388323259,82.96444594157273
204.19975050166516,0.7061307547303153,0.6958664775241907,0.5781631110009415,362.695325451936
107.38462009001574,0.6590970050243741,0.1537434705304187,0.28614423478586004,175.8939126105676
55.07433487940369,0.5354940940343433,0.9190285563392183,1.0895949300515573,112.56057868910072
182.3621934553618,0.9107746396815976,0.8925860707079997,1.5064545411729662,453.4410246583837
133.17847963313784,0.10313885273027246,0.8867034300742388,1.660282712412916,270.01286491220736
5.56686473587879,0.14968922447813082,0.4790168643530559,0.9441942262262877,9.101186197735174
76.26856903214328,0.3834496792194131,0.17070671106105684,1.4221448418474403,140.33208255739325
42.89183796356118,0.6558820518629006,0.7544032149689216,1.6666554968882041,107.42840628154558
157.58155020539033,0.5840792922454121,0.3885150389904235,1.3457784611434513,312.20356070981774
66.36993423094556,0.07404268746793197,0.34456828969223496,1.0545428101666126,113.63589595542192
16.054753620781497,0.9584248037464674,0.39078201255927736,0.11987873428180573,31.94479759144623
13.656929912841788,0.3050648164613915,0.5590705574658124,0.5800687491916534,19.860759531861458
139.82368786111223,0.35897261378309386,0.333518830744159,0.6396303148914533,274.24961693828595
5.702767641129465,0.6236297990434235,0.6899206109981184,0.7900225018681584,9.983970684927048
203.78571109609325,0.9451655174597346,0.6477237957436626,1.9017854066086257,489.9589128259056
37.71761006211751,0.662688239103272,0.5088626138269003,0.41775068470568577,67.99303436717165
145.77263727930543,0.9547733295477041,0.05397323168549528,1.0831098220145876,322.3364932482447
107.00278270857359,0.18759111882047896,0.9365426823711723,1.9824362133884406,235.2223613866449
106.56293933504065,0.618809928972935,0.4116962831203902,1.2375891215613162,234.39771020276154
17.695415595230983,0.8288788918762848,0.44945319428588726,0.4178214473563633,32.7959798619431
192.75916392582565,0.5090244682548472,0.45603251224316566,1.9203818635562153,529.6093842693136
214.386070098404,0.36217367582934046,0.3650279582384691,0.6725853381076337,341.998334437148
3.1384918385227167,0.9847585300318772,0.6745879106180097,0.09574141919726209,5.179768103753892
43.275700079459696,0.1409873403966605,0.013917695823849274,0.8627235349193607,60.611455462050394
216.98505321651717,0.41092952752865664,0.8735083293106788,0.48131139235009623,372.83818123351415
132.10372026561393,0.8733737525606602,0.10243902526956028,1.6377275461906904,321.80482778283124
36.43447899044632,0.9004807465059209,0.9997136751048175,0.4399116684945108,73.00584267680603
49.06831339989354,0.9803821015597741,0.628082629176721,1.6397080444756253,111.71877378257204
158.56670549478883,0.8848475922643815,0.06624647410468398,0.0723420330696194,285.2914887255129
174.0936289281261,0.050957025387412536,0.562437059426841,1.8583146358375793,409.5215143792374
144.0627206548945,0.9297664996274883,0.3313077924656147,0.08438705357002707,245.90524310954814
228.77903698904993,0.4281671914067853,0.9530432231262337,1.8770796879739833,619.9896527979661
118.8282330769956,0.651619187456582,0.7554710047818848,0.1473825516629923,209.9338924340326
72.41512295813514,0.3942758691671191,0.5070146686484364,1.745167205116846,188.71987210157508
114.79728193920326,0.8136680766135487,0.4297773995074745,1.662664075299436,283.0584560758465
86.64007733315333,0.5759192763227661,0.9958688657895364,1.1888476752148205,183.42710245235747
54.247606295587374,0.8455446425540043,0.6673840849607608,0.07197216813136187,100.1143632033198
11.508198216963546,0.19377147152076724,0.5139297423912409,1.2422856135392295,19.5687491410478
84.85489220884725,0.18498309475490227,0.39794411742029534,1.23569284165372,154.35885819372174
170.88253877648327,0.440376801584787,0.3245828574405618,1.114394949954339,357.4550774230509
4.915853788608917,0.004751544962480536,0.7054194238016294,1.2630511428934414,9.033499279121289
105.68325391282136,0.6928529548962581,0.5878855149060273,1.9362148064905869,255.74878172969116
154.74025164724347,0.296053727808011,0.8481848353039325,1.9910144953139335,353.73298861793995
146.69178414724658,0.5572993462144499,0.5535607233033744,1.0409916132916799,304.6184697324639
186.50730039534747,0.07000356046084688,0.5823313901318106,0.18360124857847104,246.61163348161554
194.61947190052152,0.17064435938269396,0.47735649484318043,0.26793808729035584,275.6258878892128
170.95354411019338,0.6228591700219328,0.7626209462910666,1.4407017586800306,387.1752630915881
25.12004822666749,0.3056626271110431,0.41499217609851824,1.9639271744461313,49.71961325467837
114.26787533904438,0.2147219425856337,0.8519396047299149,0.8721104474638954,179.7736890644883
145.01572681828227,0.22884650080776792,0.32704476115479997,0.1960774918232977,196.5852906928742
59.31306629486366,0.21481936472549545,0.6926250463809654,0.706089105009897,101.6380299621406
10.691160326402976,0.6228509494305482,0.8929708990996522,0.7700205542410448,21.877472679362594
54.04988184981323,0.16769121446945712,0.7690738636961211,1.9931906677705296,108.07690316079652
109.447209214967,0.36270635917989036,0.3426081425159513,1.3731667065887745,206.46118486037622
99.6363114135769,0.6878868655934522,0.7063390029507729,0.2357321721414929,147.76338007718704
42.81174202785521,0.5136710573476506,0.20698481460997364,0.6741534338848316,61.7138123020299
197.94752247269653,0.5972808707754839,0.058165079451809376,0.0971174249978517,287.84692143521136
222.20195716244552,0.2509069794637485,0.7913817396448508,1.3061210162228987,477.8300794057583
48.722922413125296,0.9327148731652056,0.8080091152316655,1.3454785377541334,115.99452332731917
223.1327132783496,0.4138792483163356,0.0229309389155975,0.11499349014782667,352.03743663630064
4.777699722455807,0.28696393661233455,0.9477950138699737,0.6710398825975252,7.796590377954442
222.02851221331343,0.9043261840584723,0.44589982690516916,1.805676733874025,552.4896103490362
228.48694522437745,0.655289615264387,0.9052721474353892,1.6536320601496086,480.2378848951639
3.386421192314086,0.6139458631384505,0.7881745256449069,1.1484251396224323,6.726361003236291
183.24312157803115,0.8867346521661681,0.9006535278087123,0.9692467209492073,351.0728450277603
232.8632766304775,0.05854028627138441,0.8333756331170686,1.9857038241339855,409.82636563826145
217.4635814068579,0.8376795120075803,0.9739953695868242,1.4443911190382543,454.896221397694
232.98508360649302,0.6778643643051009,0.6291010012757868,1.9052704223916246,566.5692638652636
132.30247961458463,0.35999279478012935,0.2272588470525021,0.14317042870636665,164.14231798775896
19.218395502550493,0.2563513425238556,0.38956313073298754,0.4243023127171035,26.066287379608585
204.02451287430617,0.10480589988155764,0.7518792486190812,0.06222207148976011,261.5463753428389
147.51186726625826,0.94107417024669,0.15696927880306155,1.7358352293783508,301.8243686389402
147.72945023309524,0.1419121033295362,0.9298423361790197,1.388462882330661,280.6406622249773
100.43223956115534,0.25943853573088427,0.20527891362893147,0.3553033056842747,148.76766968069222
137.45615337680564,0.6911071795694699,0.8759747381796104,1.9483812148842545,373.30068484388374
37.28235709112443,0.7101524378859926,0.4837239448385878,1.9115944452294078,94.44821747039344
177.674921362593,0.16076870460259396,0.8406201483713408,0.44919560984941387,257.68929395461134
18.466645110694387,0.8141311607656276,0.958295697477779,1.294019506085421,39.546802273625396
175.2824937069882,0.5102872691763625,0.4221474520757248,1.3362058334711715,349.2363984840638
203.83033221865253,0.8484566781151089,0.6966045409179036,0.008033510042897873,399.17426093168444
113.65624827669492,0.08728538984754453,0.22671760340935176,1.377559584536999,200.52873607956826
122.60437267066332,0.042829999093689675,0.8007857166785385,0.44268038954410827,166.31670576303554
75.27531836483774,0.6369903814943497,0.8199256492831074,1.8026375012036784,188.68294750460004
232.68533080227823,0.15002379710981684,0.29524570403279604,1.6770142651190316,445.5435807289951
176.0833116570111,0.5249490457332999,0.024140762470689858,1.810587169341914,388.9865402883193
88.87275851543262,0.01410875928450872,0.4312052517798246,1.5151079246886936,153.30125581777847
42.36636900280472,0.7799292605482002,0.170000534245212,0.32981087709516843,68.46455184020228
53.08931233240087,0.8995301701785016,0.818551080268873,0.7211086259770316,120.05422762013926
111.60938752335699,0.838882761964288,0.2610972780171562,1.4178629471728392,200.37470641603852
226.24513187528393,0.9583528131504183,0.9436927925465272,0.6466500865164249,494.0100819532341
176.3280498097399,0.9030957546587897,0.9718089610768892,1.420065867233483,403.1742007610032
52.05087768890638,0.44401801829036525,0.9088359240704614,0.6723174499452089,73.93456679455956
206.3648914538261,0.3983482084436466,0.5996144777061743,0.3554589087024169,284.3726308385646
91.07902526081863,0.896183667971543,0.26742800398591593,1.0363276367790724,190.30461235175073
204.48746276922822,0.926938795357227,0.8072584148330358,1.3724555190071654,488.60762595040825
58.387053716480864,0.972835948318037,0.7015953812080143,1.0343913745655173,139.46866107691883
148.66921655874808,0.7683172348427827,0.9771683470502623,1.2837345965985796,362.01277280348796
222.43758189546702,0.20198882994138034,0.3772520073162384,0.8761020362086616,299.6197852125835
62.265615190896696,0.9449541361107224,0.05876799916772013,1.5566626579666896,150.25174918234003
166.45591844531225,0.9471414668162196,0.9983863288389463,1.2999328452894152,425.0848283660623
236.96137247973596,0.6661313639129715,0.8382636394388755,1.1492132681706337,508.75958957636414
36.56828979469934,0.8572802663494847,0.2214896882985491,0.8707434309511213,76.38630109397153
21.67234862281152,0.5611764211639523,0.7256278658996539,1.071455112275911,34.57541963092603
161.96974859053347,0.9441269454117227,0.0006901750647781979,0.10201944338292357,242.20437566816545
81.86675948589277,0.09393639659209119,0.5578090578835805,1.33343935336707,163.9089443382854
17.56305232929857,0.8639636964847707,0.3628382410016284,0.40882345853084234,30.914601356095027
114.33569548312319,0.055503629037139346,0.3813330412376269,1.7202979207836835,262.5764471544655
181.0280777747274,0.3391070522180205,0.2445198061720758,1.6246875363799445,315.06631900380717
68.78681489943772,0.13532564261526192,0.2748452156333441,1.0559093324133055,128.27130156754126
80.74372716247977,0.4791350924629122,0.4546686638561511,1.6942621366248318,163.4290630725718
203.04500645494983,0.23224615799246995,0.24814503547777556,1.3416064876318814,396.8578332823086
125.0572229866264,0.9520723793339971,0.4664399468694379,0.28252008978262655,222.08750399535313
202.33430652915007,0.5593213336534095,0.5773477205704556,1.4815455092583778,436.81239181636306
107.41028336841842,0.8977307363037248,0.7111114228525101,1.9916129313441688,296.78038202373915
228.73755119364478,0.27805846905115095,0.677145650682818,0.08195461751551747,287.6019928487408
156.36530423739794,0.025977559946560813,0.24198927310452334,0.4898388693228677,216.32864125008857
28.257778243960235,0.7756550036839217,0.0391895904281131,1.195481496767129,56.36618009923251
212.47977068031878,0.7023776599719719,0.8326818660931307,0.8303889066505274,428.2230070307665
117.67901320397607,0.5454916456741936,0.8723128429645932,1.2751124130932858,180.49206986313698
34.42253282951074,0.8153427297292126,0.9788895197332715,1.1728086662775714,74.30372963504728
37.06928705502026,0.8400843726481325,0.9597115572361877,1.5759789357990188,101.37636746387737
165.1643774588143,0.5879033080181738,0.633814026692984,0.1418058402814919,275.56164567193946
11.845715361712802,0.965927791853937,0.8942717039415783,0.8812321398568967,28.182378612178272
69.13920669685828,0.7197119476173273,0.4480084193213887,1.7201075793796008,161.43214759692984
33.97912791753341,0.6768753761626287,0.787335639725043,0.7255238106939232,75.70677649412009
106.13804439333957,0.36142179255864537,0.9553345422567178,1.0075776105404908,203.1431645604507
99.73772839264953,0.0022585786000076657,0.796278557207664,0.04315725258726655,108.45170157797047
125.489406107981,0.240942673894178,0.41576536595180036,0.44834779016859705,195.2322014668127
67.47290082005598,0.7639205068146299,0.377759247066765,0.9273102431646931,146.05712685484693
8.174439656073439,0.7098712544371741,0.29154275418732245,0.7979362525286873,16.274374019941515
147.645472515177,0.3310221448300942,0.3670635243138275,1.429309753820286,272.6840024409098
90.00546169032314,0.6255829745384388,0.820576661792203,1.2237599631830889,194.79659795360422
156.4947321982411,0.19528747947313718,0.7015003212185768,1.7605650443289973,364.7047734060725
26.525739507622298,0.26362771926904405,0.24987917954172445,1.7095414033948022,55.18557174249607
3.799676592925054,0.9474080939024966,0.7115351285827501,0.48243968153261907,6.350026239219174
59.96647236852761,0.4131805729355945,0.3793954660399921,0.03527745806774196,76.01820439557645
109.8430838570755,0.24498759429885453,0.5577725070366454,1.7089415394075247,207.78752393130364
94.88023781334792,0.48710824683899145,0.37036927276934617,0.6582417282100659,147.33072794880113
194.56746198799522,0.3870158797873662,0.5216293528858401,0.6942194184812001,254.461665957079
90.99211578418134,0.7295290373491057,0.7298038950925447,0.31678959639694826,189.13697421273392
127.5406625149374,0.9621161064908811,0.731130650620499,1.3860145322944655,277.0271195668037
142.64698438990504,0.5917374244576918,0.7531825793010949,0.5602178367215895,232.48840032855935
5.728618299171879,0.591147186936915,0.39103879549019605,0.35348620212448734,7.449310038929667
123.87444375466227,0.36483385872348306,0.690495442913354,1.0067814821231564,244.24261005886365
83.08708662602166,0.5646309319752953,0.23871163144708263,1.500831811842885,171.69148730702892
101.39659058013949,0.3193288663871382,0.47742842041986555,0.5391971950499366,150.2935133354249
24.518831939612436,0.0010920743123419285,0.5831069168032765,1.4440780019777015,41.76022769922114
187.98552547285053,0.8660961728784851,0.6864821872720255,0.9239502193421427,418.4334898896928
226.20581806864115,0.4294440855217052,0.9119959917542505,0.8075454464782037,389.0668174020304
5.833382540789201,0.4920884850539967,0.3047686365397909,0.7190417362723382,7.936390659912531
144.5287766933178,0.08350091542592819,0.8452859146449596,0.2911619306389197,168.33461204392316
183.44065411556176,0.837110513405392,0.3111242520093307,0.665267533698455,301.632001219292
68.71141748164851,0.17033707037759038,0.551909419035327,1.758503061254964,141.30441050162648
189.1195625747404,0.41062115878431593,0.8280998474247993,0.20433384894411732,311.6975282810417
151.94903465852914,0.8402655470638813,0.7231496052696904,1.9166000302036055,442.3159939695763
223.03445042892128,0.4577829402135195,0.8628696688773296,0.2149930549756358,289.1140797550314
235.4506523192286,0.9311523354664637,0.8148811925163735,0.7240632845987076,519.5532047611318
10.641894302689801,0.20931430342068968,0.27634726193453707,1.2126123476010884,17.29280670191257
107.06259376596799,0.7152328299547713,0.9929366717118111,1.6756828072162973,331.7485432495521
131.50357512498326,0.9779985235617275,0.9369984322070727,0.28716563614800794,289.4531780100859
35.64500435323277,0.5496136372203109,0.43017462123828976,0.28220444811686374,65.13955550928976
81.04045638735313,0.6921838986439929,0.047209475688876235,1.2567562493234514,177.1842577430217
237.0415637376726,0.39322665960100844,0.3034966731891301,0.5854932648095559,387.2776522707733
4.387194294021911,0.7513373397254689,0.8361525305964268,1.2890041940359809,9.34296162587301
108.87564960008999,0.9088740565237291,0.9508704194988337,1.6411664058590616,255.92228984977626
202.315781901508,0.7030555670505292,0.8316719542598827,0.1537410219750901,311.92708912917084
78.07435242126958,0.9359287113809792,0.3967432366045961,1.6889882461555652,202.25075234116468
115.41174140985923,0.5886526519923097,0.05653649968633123,0.07517071270888276,190.34154346238236
234.74195611622122,0.5771374404509629,0.5175828440095407,1.797652370577626,515.4918866652606
114.23300233593108,0.30462738810915535,0.3763825088631574,1.9512362832000634,227.20429039106938
31.85565425908652,0.7096274911637859,0.12297238717808479,1.3349104049215652,56.54140521379886
12.887297254100659,0.8819525217561553,0.10585334638910548,1.9685106098883478,32.71815226368908
226.92726909936766,0.6463162261289312,0.1530368836560958,1.6439836842572078,557.4106019937814
64.16135447937823,0.23303922059858295,0.2058236733846397,0.08873100026762581,88.90274371023412
121.22330562220995,0.5441091147216865,0.7537864093654719,0.007621888404933719,205.90423697776865
22.22307297854748,0.755937416951415,0.38170347050070785,0.041596978844531174,36.54291766673093
101.96540137186992,0.9393633148727528,0.4369381301951787,0.9038139198387614,215.64197580513607
223.2602718604047,0.15659604952055395,0.598381334983118,1.2467652222353287,445.9776570476723
120.82791197460975,0.1274970909665606,0.9601334774320163,0.962943645401058,181.42673600908
233.08686885665753,0.412943530232906,0.7564690489003385,1.3542606516291242,448.7409535939975
62.49113511835722,0.12561116946261086,0.645712613881201,0.8992052682257572,117.276136470123
121.33858490909294,0.9804289125051184,0.743832133607818,0.08512760622077731,195.96529821398948
206.3576246383334,0.42430436728255916,0.7192925211185875,0.4523334097020413,330.84839864060626
107.85643891562164,0.5336105190679049,0.6902492609942767,1.9852484732094204,271.1218264611925
67.43722597006041,0.2270877812927713,0.4964071194998567,0.6917276753973298,105.27230812514404
205.38634953858266,0.44912612353692927,0.5668470801399786,0.6495314754894588,386.14165108530193
93.87852779498985,0.9846939348612198,0.4614914664489468,0.30558409803834863,201.32297072840197
127.60822820892606,0.4886871513669695,0.39495849704699804,1.9742874442379192,304.5237879728557
234.37823240642737,0.00882392580448621,0.27076807175625295,0.4609186431851975,336.871230942354
45.1627490940294,0.24252753025063056,0.3552132012623902,1.2936531345077067,73.89608716111952
72.68545249448447,0.9784548304785041,0.42852961730965433,0.0840949163043907,125.26530767948802
7.941169216726666,0.9890675134107325,0.5793794049844859,0.13294466012671036,17.801139878431957
94.34513152345762,0.21049308977170567,0.49987509720301393,1.433503394640037,210.91483951908936
48.44393162507386,0.6152640878438534,0.10794895427725915,1.2703363256934486,84.13571183158848
163.36836703019,0.07690833050541446,0.33997365545726044,1.3603247912413108,281.1785965559028
43.92648937442164,0.5774416424446291,0.37619346860163005,0.4619408142925441,73.50615517755892
162.1176542012058,0.12592070148643741,0.7069259651130924,1.9697779650444815,353.86684511702225
63.602365051341586,0.8186615236426579,0.3328920843554545,1.1167503243164911,150.19365774343956
85.57467127202735,0.9395749876022444,0.00795581558463787,1.939096344537377,251.73792339571511
84.0521261651122,0.17298680804948263,0.08433662333004166,0.3283411059507604,107.59911771170624
172.16204416418444,0.462712168594824,0.4969984179702299,0.8101990196825597,336.0085958745385
112.22896852163316,0.10204299847463416,0.1884955042723706,0.6713710379769235,167.58876315560627
87.03108627521759,0.339140007072975,0.4946224112792327,1.5101498534117248,172.74256156335647
204.70314120994823,0.06509775476052648,0.5742053720861224,1.4951428722101825,309.0356890535997
137.48217484106806,0.26454652801742706,0.9334379025693547,0.9730875866394066,269.3185321336854
51.712481696080474,0.9902236670893015,0.6555799243488198,0.03229600843467262,97.40958396962795
216.071861115412,0.04460326732140185,0.031040722633432716,0.350411418359889,267.65122565940453
82.56474590005692,0.8589683296186706,0.3807305182848445,0.1005313342193277,124.5094974291323
9.835560920188234,0.07745257775410486,0.7934569707815385,1.6940291384983577,23.001293547829075
118.95675364188148,0.5289969311173601,0.2605624559899281,0.5795431345955342,199.45776928313293
30.18316403859023,0.4521197924273457,0.924973071500241,0.23584527380134634,41.885373536632656
57.61271326992034,0.9315546600206449,0.5290107085636377,0.7083447305631823,101.19590131605243
179.43305400863494,0.19904986228508958,0.0924476918222058,0.1545786323327254,232.89258424539318
31.8150593036283,0.17968201537963513,0.24167054018028034,1.957714269797994,69.53607128401335
193.76314173279155,0.7487140885678323,0.9062991990886625,0.630015802695598,357.2587627761225
224.8892955073634,0.7257194731003539,0.9914597511748098,1.8661333977796066,585.866154361696
145.76443804770275,0.6991817704927987,0.8630158925673534,1.3654573817210511,345.86407142995404
170.63102648946762,0.026127116172380727,0.32067668465192123,1.1322139748479867,274.0961663251211
171.40399307282647,0.25995968672490866,0.7688190125100985,0.9509939942449135,276.5782020994552
238.27750576627156,0.8398951778542993,0.2222276435962557,1.3747602136067754,575.8007047642736
82.29841379728867,0.6008581214567726,0.38452228744812766,1.3725506670923369,185.28918034826023
39.504144022627244,0.6021949207321816,0.6971681286006974,0.021042121521528845,63.72159848253949
124.84055276197999,0.2959166054048117,0.9689013391845618,1.8155674910566784,249.89170192619173
128.21332945469413,0.2601730885569479,0.4391982767814071,0.7359268408753048,175.53951295589818
43.1100409469266,0.9465548880182547,0.4958364210333366,0.706546243085991,87.85540415643969
147.33970584909642,0.7277552788532122,0.22016852895105443,0.8131810877659884,302.5226348697193
3.8828736676993407,0.12686611780183754,0.4032227427493651,1.370565610617868,7.5954080434799796
222.67658238778606,0.9377069421437638,0.06301860769564438,0.752035472099374,461.77888842878076
63.86553953819216,0.5823701518180548,0.8585858956268387,0.7476621238544057,114.02042982435097
9.974669909450938,0.3333623669570881,0.023334589214200396,0.1269297592568872,11.722492578845102
26.425741233228262,0.3971394463995984,0.6835245845933516,0.8332833288538566,46.329358239723604
58.03962311297419,0.7254045103526182,0.273221701454167,0.29895695408750766,95.99760928073954
66.10052738114783,0.3762726516860836,0.4761094320331617,1.7111785081195607,154.2041543353604
8.357994879706016,0.578744799118607,0.2815584400997575,0.6690221663945732,13.749182257274335
67.40547752039814,0.7104994966484048,0.4000706680269044,1.9217347961233406,155.26696982676657
46.70954589018897,0.19537499730596453,0.5467778864190459,1.3690560051339642,103.69114284046536
91.1797121205672,0.9442414862425493,0.6408934114321947,1.5123030696546473,253.79372047650543
92.74767309675462,0.3561727714354098,0.9402861430991164,1.8955023628054914,190.5764461005268
81.69235387438954,0.4193747570769143,0.33220090177564787,0.4778695316333301,144.98025956803343
79.03777010560361,0.6985143678678206,0.5848575129737519,1.1345819393845344,145.24419798505545
21.990641019029667,0.6087850893877641,0.9017221472082442,0.0814516089891244,33.54574043562262
6.536584836715839,0.4401198369391792,0.29023180795034254,0.2015173759113884,9.041662763957957
48.906374887473746,0.6497420403007914,0.8650499811254809,0.7331738399375758,92.5878521503506
181.71753786627937,0.9028283075720446,0.9575550963898491,1.3650037012498806,458.02742221602716
237.79893884949374,0.8002836166454186,0.8474937056269137,1.663387204811069,581.9028950514116
222.8820189262303,0.8242590099547736,0.5698605013415969,0.5128084049469457,442.19929646004
121.26053565129558,0.25840840856731295,0.7221155399932949,1.4981544272752143,229.53019795696235
127.87181345881525,0.41940334929763756,0.4810658685510437,0.4485823148960999,207.0864453762452
75.8422857840843,0.5538191416540592,0.597255804449735,0.012111212232662094,112.59317176286459
185.85849555371868,0.04419081916148293,0.9744740669782722,0.1088260499114686,200.56534717185534
183.65922675986934,0.7697921803773246,0.25112055615554496,1.1711172456114427,399.03210337304955
202.70322964099546,0.3234634244150889,0.7925471225406441,0.9942950921886273,368.4406379772049
214.97334623865382,0.2825960780410143,0.5062331497548033,0.5408504558588645,303.070913843151
104.52664494995832,0.2592920093561464,0.17687325343187266,0.013095717205653168,120.73064038423152
184.16669856167383,0.2833792654200644,0.643535380704444,1.1360206985068024,320.21697827022945
193.63249554661292,0.33801483215783223,0.7924269065350766,1.6352132736593032,396.32773691647697
74.37607958821117,0.6048245580761592,0.5687558193233694,0.13708975584675698,136.19061806292314
223.05351743947293,0.5835653219000632,0.8374328009916592,1.4729489147876151,591.3707690289115
23.09478988219748,0.25571175360187537,0.36586861408698734,1.2690852039281355,30.29134969422044
238.62746840960625,0.2064242765732075,0.9137682989874425,0.9587095444022697,432.99696772787274
184.93672699904923,0.8263581900713568,0.6483200999863272,0.09668270995210437,343.87600194063566
22.838381825176377,0.09272333767636654,0.8031593249315631,1.8471428327845913,45.49539818780492
157.66700072114764,0.5128228412009275,0.27298512485830795,0.9548819778534854,312.23658163656796
8.685968917318307,0.5205608741892761,0.4461283119029167,0.7992139217624081,18.001469703855925
184.9597743918818,0.5741368068116216,0.9096174117401453,1.7229508041754698,369.00289582232807
191.91388973734374,0.8856501159071357,0.05089555050188155,1.6911564579674756,456.2239874167482
144.7772556154017,0.6239139400947676,0.4039817135631806,1.4545219060000476,369.2007952812566
205.71806386401863,0.9736337662480233,0.7803186580538358,1.658719965800017,454.1963162070869
23.9430456114589,0.8713530833487275,0.743814690178002,0.24865696196588116,42.88869435744796
66.58376016877476,0.21474025948721154,0.8516228307693663,1.5218311101606836,125.77791284710219
99.6955164214446,0.24118331022530115,0.7393903346787433,0.6560681659682557,174.64905439018682
10.668679702329538,0.3447741359151706,0.9470921491690063,1.7349895869365555,25.972471950042245
107.84775297329429,0.3915144150801313,0.49825955535004585,0.7404629319737184,183.83812804465705
64.01862273895955,0.5529951203076955,0.624289836853291,0.10860790424015088,97.66620904639757
94.56003539836983,0.23251263289633883,0.8477057585602266,0.8287604735407312,131.288987163989
102.3120803621574,0.22234518111376567,0.7016909498563472,1.5135540701527226,228.12401034674357
211.1191101703006,0.38138995736807957,0.10205671887366918,1.0018641219587947,349.7124525382114
65.24666244136955,0.672023113212752,0.36699645259479163,1.5272678236179367,140.86582532090299
214.55147932754716,0.6881256130961884,0.5525907983318721,0.07054748173221403,371.57330515888424
102.52004607267739,0.9761167400402896,0.7547175438615689,0.35432840720205805,201.749718494682
79.00994910620965,0.20241543392181405,0.5435675688185733,1.1272158620855879,150.9874187069446
120.85163581576748,0.3928591518569807,0.7775492413837919,0.7706275076952631,223.23952870863283
100.5495170839001,0.9646774979390604,0.837609476462908,1.3603514873403995,245.20736323743273
62.14066897670749,0.6900087426655521,0.26512827029518105,1.925108466240844,151.3666244011995
120.89169828865802,0.5922785248220191,0.6160981731621135,1.319723921401028,224.2689143410016
36.85651507238009,0.5396460514013469,0.557110377480783,0.8347257897651996,66.32191889069145
84.78722135400038,0.07551038013625655,0.2273172526548678,1.0847280368866814,148.31004529314066
136.0067575400947,0.8933738088159103,0.4898780892368314,1.825652963392341,308.27512142071924
99.51127453137113,0.6255052154151076,0.5485682845687174,1.3459784933244259,195.04363413649625
197.82701047166574,0.571667407928034,0.8173398752058646,1.6063589955090556,404.43613634362146
61.98486188767232,0.5395003433218426,0.4609893746422803,0.603036818203067,107.30643100879429
232.76029313002692,0.3919142073211117,0.08091598247594944,1.488642313676545,514.6740411449525
188.44092399389865,0.25466469136089276,0.48729595823220717,0.27886273867972355,274.025579142083
232.2385297263946,0.7553219853344842,0.8379509443764327,1.499551232810435,420.8802821518986
201.23370488185785,0.5095675177616621,0.5712554523275456,1.7631171856048489,477.3113402857928
34.53389024146842,0.03393953228922031,0.3188652277022179,1.8004649341068435,62.372536946255245
126.5871917070858,0.39909449977216327,0.9209709479842584,0.23318012210529537,203.55963783143756
41.20985582639068,0.9286036382228325,0.15565138462606176,1.6597641051474685,96.55241712635569
196.46545095422812,0.37389456154086287,0.32687765249330225,0.21987304553607334,251.5304926665019
140.40683472939938,0.4132330079255737,0.43713469062958,0.9567939065655258,247.83721911891675
63.59611078847893,0.6239611230550356,0.7379778879258764,1.3650430593723302,130.8582661504489
223.13895379571753,0.8016748038158823,0.835746792125761,0.9684982230234984,484.70097839898017
28.087059768765435,0.6684611177047122,0.058560476245199444,0.6798192044202944,44.82198667107781
135.5450456313797,0.8500547311229465,0.7920358204635946,1.3676423149917105,277.9565824654532
173.18921284268075,0.11397058704069829,0.7205284152506632,1.321757550213788,334.2961766420026
14.594224691117413,0.9245925533186489,0.8946523048118163,1.1657853103311342,37.07190051854572
143.68651995288576,0.903921932411386,0.9004429908255421,1.0568573295534638,338.2797529886506
195.90834110341103,0.5191485865855878,0.7775255586604485,1.4114797982446763,387.01878448095766
16.672791803123783,0.6247422377872011,0.19020268426368703,0.8060741134023031,27.837123441461618
123.18219158003718,0.21281305020140173,0.3138715066560507,0.13753649548467672,144.23984353573968
62.42444416662323,0.4479474379813889,0.936319698848498,1.0749090203824472,132.11839575754516
159.27040614309254,0.20270336091981234,0.5981732998538578,1.4469111044876732,276.26403152751516
28.923229415383357,0.021976678941019512,0.5387607343892877,0.5983198152321336,43.458540099789786
224.9238176455864,0.9809030681270525,0.9157094400439985,0.28150227627186464,461.5335780430284
214.78749532067826,0.2591465157102051,0.8741985740996646,1.8236823883242381,518.095566859637
45.04087356023235,0.5931083088978353,0.7274961533163808,1.7274993294923917,114.30090860008222
77.92217930544255,0.30025038353786304,0.8822523041595435,1.2368684385826383,156.9536984941684
141.23857642940382,0.3706216202104349,0.11383497719548397,1.5732143074081524,237.29597905744723
172.47592962390297,0.3977615585822748,0.7575439665999081,1.9376106295488433,414.82760200950105
106.51611563088184,0.3350467313247577,0.965640202196868,1.1385179614536816,205.14087883720936
37.931771609653524,0.6373997593399358,0.04897679228140439,0.4883633692006797,59.991665895004246
25.444282765787744,0.9609362704886061,0.22304565179063418,1.2776239810652426,64.75018479753027
239.94379819098535,0.428634650006233,0.7939683888654189,1.8291873522009077,530.4416938629051
109.5568330857152,0.9733267240542651,0.5200471644306524,1.38029640279696,243.5581158451399
209.47135392106532,0.6677972373447831,0.08661835454126132,0.05248078229880626,343.2984841301602
116.02905310867291,0.607136195021009,0.2679580291560212,1.8342652077250314,252.52604110067222
221.4046544317678,0.23710385179892302,0.32405959992264766,1.507350510507936,394.36329927908315
21.518372173786368,0.06292070589938081,0.32106272184594875,0.803662026794796,27.882110170361695
27.807596324624956,0.8519347702918288,0.8776727494688318,1.9749837786981317,66.38218681723393
223.14690895995173,0.573981063944269,0.6620364573580414,1.443358665671094,442.82983411049315
227.424584288226,0.4144138624248819,0.7349172783690119,1.6508821636713833,518.0135970027812
75.87482866795452,0.8119673220884834,0.013570088888551601,1.8863331184996737,162.11618580856958
85.5619904350323,0.3105803825773188,0.4275120029604318,0.07915692944213215,91.5724114966587
108.86183124292454,0.7836172559644873,0.3178206280655269,1.5488396880733573,253.8847291483203
100.17072237611615,0.327963835405797,0.8519254022401738,0.772692870715604,160.83017683630226
46.015829222323404,0.9208811864041636,0.9538696539198517,1.7381500257975495,117.26143781981574
215.6609044534802,0.26796687445680256,0.42334084958700524,1.7577917118664659,496.70517138722073
61.167170369001674,0.13755411757457114,0.9730606145712987,1.6572369410053853,123.84519905517371
169.41274206989755,0.6980967083494118,0.014359204043768115,1.558401171305587,420.71081617072974
16.583784817526006,0.16284725306477077,0.3257194042086058,1.5885656692498655,30.95409340225916
9.780943901058857,0.9493630502889856,0.7749311779299499,0.5931050014432151,21.78436819498416
157.0684481821725,0.655555112388866,0.360099630475033,0.8130564122527817,275.679884764571
81.69429788879586,0.23086066128452598,0.9209623303779163,0.23010978140612193,117.20415154764463
157.48252455644032,0.20881893428542875,0.2184648924981305,1.6611830437232282,274.52621647029156
23.018077919434873,0.9238750391204216,0.7956667273281107,1.2920129516493173,49.16273698651681
227.98940548984928,0.6078579128498909,0.20170225240252437,1.225433430233237,441.91435091204096
179.76921482089637,0.8937360066724167,0.19710491767283767,0.4921560782130956,286.49985814229694
210.36600230967892,0.11022520484582521,0.44574935838327434,1.23007216810318,364.4782868840378
33.18469769366036,0.9253921955791762,0.9449405883303325,0.9091034503623081,70.17462478489767
77.17855204984221,0.5200493119940883,0.5854549619023482,1.9905376133312336,184.76759718516692
88.7184273274194,0.6684219163313505,0.6350328948735802,1.7261365454748756,179.22484895309498
129.15284927427305,0.37287547154128065,0.0097326724686162,1.0519657638131144,237.3866105591419
71.60000227902572,0.059140322005826196,0.05661520463176517,1.6169111345973506,148.76899678672436
15.021062754362525,0.9579724413418291,0.06693402566102347,0.3290100017166766,30.760155750650963
88.84637218662424,0.994598329108482,0.8196421746612321,0.20280099825320308,199.39130186913334
61.464560853234076,0.36454684876044297,0.2368521217583356,1.261301599350728,114.01751631480562
92.92814930543996,0.9438679297519796,0.32883818463874226,1.4535716558777854,208.60810142000702
47.671810457496285,0.16772629096156422,0.6099527786289806,0.10611287863893581,63.32341827917105
63.22418170825414,0.15468444965857553,0.5839543176533192,0.40192670239564077,85.57354745498455
150.65508553352836,0.07311184000917148,0.41052949756844037,1.0745359538449475,199.71231739739463
93.46284338144659,0.39126940758415074,0.004300206034838494,0.1256331991776496,132.63276672428606
83.21932266409335,0.052302250181599175,0.4496025750508157,0.8481056725673994,121.62441913989768
128.37039903700833,0.39465718961289675,0.7388826157200231,0.9641595589166021,199.72393727249369
185.3605995321202,0.13839042864966822,0.2352393153254554,1.843619464276685,345.179326770378
91.23887554533576,0.7305277955729573,0.7083580102738181,0.6313529927917614,168.4751011332594
141.2109184671238,0.833362649336408,0.015152819817278229,0.3373369468700689,239.80747497292583
231.90552877567822,0.687815427796288,0.9080078043145318,0.01501651743794885,375.95023124240623
125.51423733127314,0.20049415243615587,0.9500392076557908,0.24321621208729693,201.31398102147003
218.39651957595188,0.7668481929079557,0.0024614834245593187,1.5017319976423156,413.74309227101384
190.58459350941425,0.24950019703327497,0.45781841380651234,0.8898437649322932,308.74403704878637
14.563124255210855,0.7594885969685274,0.41382194023866903,0.39745008547313043,23.205645042700368
103.26917971688701,0.5673975748963909,0.8418833559195065,1.8660553886441342,274.3384122275047
167.74725868452686,0.3667125162912097,0.5407215913232687,1.5750766368774485,323.70012027422877
236.81750303134388,0.08349237801605769,0.6113654699360509,0.22872938269969612,289.78704723333
110.28112173318226,0.8275095098070258,0.20250600308642241,0.537914709786699,221.34081773389187
22.722116263354096,0.9396529207982254,0.0770646679970809,1.6988829650525916,61.47811822178378
135.10119734373185,0.6659177800006375,0.6923310971826252,1.3848633355948403,337.9938778323227
30.81202821368849,0.9645415666934388,0.6206759919694284,1.8910904285247427,66.68195076748552
180.48893468691472,0.9341114190429911,0.832328733983278,0.15249887613928048,345.41569185587974
122.0886408920958,0.19460840080375363,0.8446834474420555,1.5508224458374602,247.81487944097103
173.76181272636012,0.7312123485982135,0.6310352739729366,0.15282283168712896,286.55984524730985
208.71215753740643,0.34930481943769454,0.5383613829502881,0.6733238713843654,341.82443360749147
151.13305011048513,0.487517360565626,0.9140082690118511,1.501337536350652,367.91109499965535
147.179219356137,0.15696543114884576,0.8012641358523173,1.4220199485052578,306.4358209172091
181.2195857577917,0.9747794280576525,0.8824249949675781,0.004235646280486671,354.3362491414219
202.26797284791382,0.7261373830764085,0.9958408982739928,0.4038858657012092,378.42647800127645
208.63838181334214,0.2669083096309681,0.40350578776651247,1.5571473531071225,498.41308751524844
9.225031866050552,0.3714716901680335,0.7169346622907508,0.25229502522944314,13.141829685352509
133.70757608307053,0.4224829268287844,0.6880678152315783,0.6527578119192008,189.69802232038467
52.29649969651357,0.7475337241438402,0.17414271333279996,0.367779013792646,85.66738826223731
206.55284084223712,0.9256972667695845,0.6365485996930432,0.22290907082129197,377.38849014656483
155.791245606205,0.32144013298457164,0.4280892758789038,1.673251490646023,359.0472141325444
101.14328372826894,0.47250008828041956,0.4506355901137111,0.12268348970367016,138.53495004976264
45.550962635063634,0.5932075728347012,0.18013798985405693,1.0720998966458481,90.81999965753685
81.69615840779845,0.3933439924003156,0.7447393461359687,1.3853410234184824,140.1695008837244
169.05475784238376,0.5041813233656852,0.6979409896782558,0.11518043730877658,281.9750736655561
49.44411107818749,0.105707629020102,0.5322901390021636,1.2668535412962292,86.35201419722911
22.91311540854027,0.16767438772016607,0.15671919122582145,0.6681310304822661,32.021464307445044
213.18288759549847,0.4011012572201449,0.5568647853571268,1.6670904475481902,545.9964041724711
183.52837872443797,0.9149390117705525,0.10013342214702037,1.5953192444358113,473.5002030125129
48.350885892622756,0.3493580457446336,0.3393720261422565,1.5878100744332926,86.7626058137862
70.508614651483,0.24979280860501363,0.3723578427927129,0.7973269683241169,110.75587776684335
233.31080742284712,0.7428622208492759,0.8834253925406446,1.6450963795008247,707.8669313777973
170.1101845788086,0.9491301660766093,0.41556207544438517,1.2599640080220513,460.2635214834157
146.72002000921103,0.45912361706354743,0.598469868625797,0.7573671306030485,279.9724683484414
74.17702225907922,0.008604955567183104,0.8747789879039839,0.16133991091083688,74.72776542804313
72.14047202788208,0.688149331475618,0.4257594387556296,0.13363782535747526,129.49884327243194
9.965906676310198,0.4150608016161449,0.883703520070732,0.5028032688767643,15.447025889283106
174.97140712301257,0.6736455366162152,0.13646131252663973,0.5991692890093347,343.1714042721436
10.840466401123846,0.27771651582920354,0.36484315715995985,1.8550565828942882,20.928369525171785
1.6633323976583292,0.002408143816962416,0.09472724906646457,1.99987610773802,3.3471992160272457
175.2140735427045,0.34449621874560377,0.5609296292812848,0.2873476949003606,238.4815404364369
227.75526483721552,0.7047923426129415,0.9572820604078024,1.8855364799254406,544.0761317530437
181.68247993069085,0.39311328300918924,0.6569518353212652,1.4130800233705005,387.8378451094721
113.4578256545387,0.21917413965322596,0.6260756173487486,0.9972163367330493,167.8241498214146
116.90783726982909,0.4640068641341015,0.2781586322431383,1.9093732786978086,319.79048798207197
104.95467322446073,0.7523485232983854,0.9311067586231218,1.4273863646426008,216.50014103851464
78.25215827292492,0.11943308679230602,0.47153478477569455,1.187309044238152,118.39616102862162
125.45055429750873,0.6917520336466478,0.26700205304581914,0.41905352803950247,224.76824217836514
103.76065423529705,0.6673440238039473,0.9876999804330076,0.48888790374157964,214.59631501325438
143.76120726976555,0.3707378796850713,0.423123933794739,1.823003472132491,297.341626537524
215.59975928001214,0.9703361913794945,0.37149898240954415,0.4300775623891715,364.03916083077337
238.80475544905258,0.8947052994803515,0.03496126729883442,0.06461202858931592,350.51402842952734
19.35901792695865,0.31616148080206985,0.17829497314468257,0.5324541957690916,25.65162223325861
92.63169170239127,0.031091093393843083,0.8091913550722803,0.9611114392244628,152.6220241526369
43.779133886150866,0.30830480674507665,0.48269510460215026,0.7639295214643163,70.90628016237193
84.83285350516532,0.20472194254104326,0.9548747269251936,1.8716059972201122,189.90707081196513
69.3497879423473,0.5472519140475928,0.0838858032235813,0.837148088881003,125.61270566732709
42.3016430246158,0.9187444211821546,0.6159434423984318,1.778105375329631,114.84706621196763
183.49621479439907,0.8703375100375215,0.7199841475433153,1.189325867978541,392.51209505176575
119.36115390760199,0.3058291556648267,0.6211831264646035,1.048249344823705,197.0345709303714
220.65931694102557,0.428597533555637,0.5298775601258555,0.32039126530878614,340.22800145613246
8.30589015765997,0.03654219907956646,0.5782983203387109,0.5420638275604452,11.331156642083235
16.541234145111588,0.5441635076491494,0.6895495913764201,1.7343335536380553,38.299554257619164
97.08402311181742,0.06336798005072886,0.8632635436375291,1.559914422965548,171.19958772251456
19.72641823676689,0.9386061662290996,0.3363446442846858,0.8948467288981625,43.5257318796651
63.423738341352625,0.8669338348522723,0.45965408044166767,1.81804430853658,137.88133734615943
236.65412346685136,0.214187626437503,0.6359095866171709,1.6383574061737074,450.4162877659679
50.54582599256507,0.6993686798620454,0.3142159523264475,0.22416866625800935,90.68065907961329
47.949199068195725,0.5680203824333331,0.17878286594669535,1.211860987604606,82.78405004020655
137.88694017657232,0.801357712516183,0.9661687567781331,1.597686413481618,367.77954472134945
119.77059064496103,0.4756521067515199,0.1947288887962373,1.6166882558683489,213.16850758592645
139.51497218008132,0.191771970665778,0.23273309540225073,0.1826823558202526,146.60171759433678
90.72809913094693,0.6398434001228317,0.6186861004825924,0.44922233906072284,133.4666103881221
198.50958519483981,0.080280326995945,0.07736830992150279,0.8260786336178354,288.7597441790583
33.69004207046985,0.5845879911684221,0.03404765381520658,0.5032621888823863,58.29158273251611
103.10003867903102,0.21270480546445758,0.0640136038053486,0.21787629339599057,145.2801219177574
165.69796270235884,0.6849364371235602,0.12326364578576832,1.2576008593219232,377.780011715436
208.4426274477545,0.8280431617281085,0.4291968621341872,1.0149469030754594,469.1999406881696
89.01239972244346,0.10952472928207246,0.8292606434644912,0.30997950859710777,110.98337312579307
136.47507098295378,0.40026855214859236,0.34197189309552734,1.1727639925541535,231.19210189535838
17.05901682923913,0.7335215877759967,0.4275314146474197,0.12402990681292847,29.62055862923147
41.29142160278303,0.1637030615188585,0.600251092835867,0.7660821185466218,73.53168135712072
17.058589910634417,0.5665236700357131,0.3021444256237612,1.585035927080774,32.67832080567697
174.827473633646,0.6718389818757231,0.43253787876798044,1.780099273130405,457.2149115828107
69.4903625089527,0.35479360723938225,0.3863116868643608,0.49046926559911475,85.39017959967595
173.83699700094513,0.8319822742026011,0.3418835416500199,1.7190175979784272,429.12135024006636
16.402387830864257,0.5106581850467138,0.3883931694820375,1.7835155602551906,35.78241766402715
207.08019819779395,0.62699483994051,0.01111771041206333,1.213764609207879,396.7258307416702
200.60948244760644,0.1408727967047787,0.8862606681215847,1.96435579524956,429.65152785901
21.798433960542692,0.023160174532669053,0.9773467974486908,0.4923516447856138,28.162321504952878
6.189683296496172,0.050748570824986294,0.8624961914161383,0.13794846420458717,8.084261209075892
13.981170709186888,0.9039201481982159,0.005742274054241658,1.6868863037671131,33.02245654394481
204.94442646864277,0.8826423842482511,0.7508855466946219,0.9818613183991085,482.0033332092851
56.71148562792903,0.8075914391618425,0.5731001725867135,0.6929077582036436,127.51129199870977
131.8114596270362,0.1996120912348608,0.09417491100775033,0.11046566298180216,159.70188713544724
102.58548666162359,0.5254586519495033,0.9328591348795976,0.12924895764209698,147.64928823571915
191.0283635317502,0.7961171005483734,0.7762171292226369,0.1814329013637852,294.37041997744063
117.59114320222561,0.6746691812557738,0.14529628644809367,0.36728504111130755,224.2199622177205
120.40827133837409,0.1155211936759376,0.964041429693496,1.940801848447112,295.627183929844
237.3875195102266,0.8955411998124237,0.12619875281064008,0.5628082841243001,480.2259647890681
36.45602884144707,0.16068239277796226,0.4546798785092835,1.634094600904529,70.47425033581341
199.45359332965057,0.17179569341333545,0.15897573265917297,0.038827560798884164,249.74211790834644
12.894064072130407,0.9010086291707082,0.15019079505790445,0.6436301221964016,27.728362730960306
114.8968803127265,0.4846169390945161,0.9678057383746101,1.8123848659720891,248.44770485969798
212.77719033195913,0.37289182595646686,0.5721227813923402,0.3700815657629748,322.65602068329
159.81874476218704,0.5536567422980565,0.2591749176930025,0.5680470408269522,236.2563182314043
164.60890133818884,0.9813973328321114,0.7763993708665334,1.653029763426097,409.7083214979231
63.56448910042829,0.11963045524104288,0.8752443993025074,0.2427833729041453,98.66432827204285
100.74866253106829,0.7569488487920653,0.9176039367877787,0.1063663815447684,190.30900056023634
88.2961647080226,0.3343258622441275,0.932984970966872,1.9319535099744884,201.76266974355207
125.38564883283962,0.11704927084762373,0.9055818297552952,0.809583517374352,146.89762807686913
111.20358926940852,0.42193335535293863,0.6389323959265706,1.3157425395562306,205.88380078109205
78.79215527453894,0.5487528777252709,0.3424666498070571,0.25423182280270296,122.00443923278576
73.66260666289523,0.2059616377281469,0.9255676774388821,0.4403547957337266,108.0099570023297
60.579267551401756,0.4052694590966025,0.12249652800038602,0.9199615163198478,103.28927262400957
87.92881562889964,0.6356760254722905,0.16879981505081754,1.3503064348575553,184.7359442129339
36.41098396520753,0.5764480197202222,0.43382754049569383,0.5864958222531829,59.17098533538707
209.36898032985593,0.7231605940548506,0.2836649422131816,1.7692675020800837,484.8021055841059
144.70759434410584,0.8364045329374012,0.6157328142238714,1.5622880072465082,336.0534062195086
32.54184892972838,0.4091403317693737,0.9053019229646232,1.1031157817170776,58.246987920161665
166.67931054305583,0.42296727546222745,0.4910313263724476,0.9184223668792952,350.7975440241714
203.5161190855146,0.49669213445515314,0.5538705934185323,1.239085085485018,383.78859342272375
57.389793456516,0.5663533783813035,0.42313372898109247,1.4633263328940904,93.47521113238383
36.568842343774705,0.10832267423789166,0.7075691599759386,0.2699005905814398,56.84556259367834
2.563833083533617,0.31263535419477406,0.10068877984621383,1.705282725121771,4.667237847267748
11.816456156128183,0.17189179537702426,0.04858988592656155,0.9788055673154903,20.10461891175009
183.05919791869104,0.3858527623441316,0.6413384744331628,1.8706879796191032,376.68299040825605
236.93112652398568,0.9733540725740365,0.5348785451541519,1.9110847922282306,648.3216314870026
11.248837233068246,0.5827309566809797,0.4073580290193777,0.0614336420361703,16.56526410212419
179.66299469963428,0.4293815199205463,0.333992641879172,0.7689619515377939,333.06469441383564
17.710988718909935,0.5659368952237088,0.05180744404312554,1.0524468264925306,32.07873299455797
142.3158115644282,0.6690765554271793,0.6805561624139979,1.0791909762547416,271.7024601771177
181.58003014156296,0.43495346329040097,0.4214675358207173,1.644786733694018,390.88363920788225
86.52945314562318,0.4477098042528872,0.4452680395196167,0.282207974857537,124.67597010064812
3.118865706003965,0.7014011293817086,0.8934448514118918,1.2449653793898456,5.479818994363367
143.0478498340395,0.06086258320570126,0.7375478825234788,1.8851939756905252,271.66416654436773
237.90308843953665,0.5400805682883442,0.2194431486932915,1.993382387608573,700.3453931372696
62.19937276981973,0.5473278122177014,0.6571664965217826,0.020171081959487136,75.44763703161121
45.88316088633819,0.7567522611283809,0.13225531850365768,1.9451345657968844,112.3513718181854
30.180251314466833,0.982644752336658,0.19406386785214313,0.2444200555605922,52.52316557024801
133.48372096606343,0.7957547867868081,0.7141492407324346,1.0739010754387244,336.38226632643506
143.34860129678546,0.503788612650468,0.12589041824989755,0.4927396185668793,200.2890325523839
190.24886550231136,0.16945317960717854,0.2801939513709779,1.2127820747880664,327.91620453011484
180.86104903211208,0.5882609716331706,0.8980602679835393,0.07405318340079536,304.85602395295547
214.26368800342337,0.8342988867126859,0.7383154782815458,0.4766653613455878,397.63255172986584
193.48256125298118,0.9324140636453325,0.9294595176410199,0.6011512663979446,365.1036302589679
59.72046639752695,0.8253103794941006,0.8818333419612034,1.8312143641593677,150.11554360275113
133.63263846774478,0.18896860636256352,0.3125794219753125,1.1672590936969245,220.70915776993016
71.7301642029124,0.7125758643493314,0.6323774344810366,1.4164194447194471,153.87805991490703
79.48359840258483,0.8801549474858433,0.3786956781217733,1.3520303666341407,195.3680611120798
223.70067643058414,0.6810169666269752,0.6971043316261096,0.7845766731983657,447.0912941296133
163.8140692635641,0.6857520409282152,0.34845702165091297,0.02804213712417125,262.9229262881773
233.91440397363985,0.5001622862510787,0.0013173718800592038,0.21404152653240183,343.53095793676414
100.3505525441393,0.6369762221255051,0.09393821517178547,0.9176169688074001,202.7944806317046
129.21629881827738,0.2943807192230211,0.7710123262227739,1.8825895577358005,318.03630290737067
117.164143069983,0.0888100867857452,0.08400524477226101,0.4975156148670823,147.57416381644342
26.195250276932597,0.8277149047454004,0.5994226832402424,1.3966374392369079,64.46068069497159
57.1901276891215,0.9431443073915157,0.8577785123591923,1.6531916862027138,125.00949984100043
126.86890836477347,0.8568223353769442,0.7411012368421127,1.81357056836552,246.34448667843864
16.636146079354994,0.333913553780803,0.4134387948195407,0.586972824015402,30.60578801157266
223.585132069479,0.0935301513079283,0.20860421529315298,1.8625663491215076,418.53871495105045
30.16056182543731,0.2801383876314065,0.9225374877418276,1.2159645210763588,58.60748158604776
47.91638876684925,0.8428353758099001,0.5663996817850598,1.0168135682355477,88.60525340245364
183.79443313330344,0.655814507633216,0.4054200592670558,1.5567852637217694,352.910519036326
23.715822758540632,0.9666942441029371,0.9420576990232783,0.4774252267229304,44.331140546940745
216.11660485789054,0.3426810184371034,0.21501774387191086,1.625160463081928,458.35796209920466
174.3053824880473,0.5514721202916424,0.4422818724536215,1.299925388883473,334.4110943587305
16.934695277571706,0.7900382216382279,0.10864570916350635,1.5987322576907004,36.86468825095955
166.19737117791385,0.23399194273181234,0.12488026089953819,1.7114443900989182,299.14469624411447
151.7750358500306,0.9640899746596657,0.3985962559968351,1.2346948860475633,381.9857864377287
181.8851891412105,0.5923976724918149,0.6996603559850991,0.07347021601693848,305.23337692434177
198.85338567119595,0.00789756331965319,0.3388939441541834,0.5954953202633309,252.44768459994657
172.54495987997063,0.025153275628012395,0.6895979726030022,1.7560394899231722,355.9217785655201
140.8892227173978,0.8822160164015952,0.8051904692523926,1.253913021921395,313.7119577798771
77.72996480033575,0.6452815277610775,0.8775779146533363,1.780112725241154,178.6361617361182
167.497042008268,0.7630725190638621,0.044719504053736925,0.7690570040985756,308.349525338001
229.69469451907167,0.784016000956908,0.7737316549730915,1.0094549116146492,514.1526724628762
141.21146643666538,0.42045977625077646,0.14714212222401812,1.7251848843418278,267.0148583374708
159.61059599000382,0.7986112461423018,0.6982622932993342,1.5240627155167257,390.6790911706015
105.19216610685227,0.9375324448125381,0.3716624656000017,0.7550022625745376,265.0441421841821
181.59093393346632,0.17217110776962163,0.7077932976948618,0.045260572082910455,232.9355350152419
239.44134046510328,0.7641363995420206,0.21382424450799686,1.7606791263154105,559.2861143781205
38.913243114222794,0.307792007615565,0.6449907189009952,1.572713692965639,78.09303157381441
48.976064441151074,0.32149300305385387,0.12551408706194056,0.8983216614329286,83.94663811163657
129.69534320012127,0.4127548510363862,0.16974554765680694,1.0924809742803723,194.81858005368682
115.78940764416714,0.8637195199080855,0.6144619251645597,0.40862403426810934,251.44899170661677
137.39096338935914,0.022056067310049166,0.3367714916503607,0.8242021796717371,218.13712260202726
12.253234429963394,0.43392620681026395,0.7037780731138085,0.3263908540229077,17.83270268834314
97.32421129114252,0.6800476495692706,0.6851594354026874,0.4211391471816719,171.3303613003404
140.1232937647018,0.11041545828252197,0.6216339902550784,1.692738986646855,257.4023394492087
140.65332863753858,0.7922535970174165,0.7305405412343178,0.7249447555563386,285.7677571954502
157.93148384352546,0.941902597897353,0.7939352406636638,1.6294466458527226,395.40714109987744
172.99173894613799,0.09093482107697859,0.911423282471824,0.9477997280955566,291.90466508251563
154.15055520013516,0.15294813783087813,0.08051582948176017,0.14155555181154367,162.86207351475812
189.7632357157697,0.9740972249462029,0.5715490147784498,0.7230543772124023,372.3439929806547
150.1301720069597,0.19785564078574158,0.7487768336204009,0.3165469092220299,235.24626383618335
129.23308517766048,0.07893967570320448,0.2169414566698773,1.3871528292526851,209.75257019808512
145.6840447186307,0.9521925363959002,0.26362114297694594,1.8227880936349388,266.4986419386036
24.735811337423097,0.8926227098094689,0.2669643443354208,1.5261511282266877,56.401484393855704
65.92099150376204,0.6557254727331311,0.5723329714745182,1.5568752172920917,182.44017728739263
126.81224746762243,0.5514309272875533,0.36617056846565976,1.7237330933875328,302.67237040613327
209.58043808870886,0.9192326963027704,0.6660947401215991,1.5533293015638296,476.8465722262143
163.13284773097433,0.6555200751114227,0.6102396819679363,1.1371465048133835,332.3482114280005
22.15273479401947,0.65839665931507,0.6571118331030485,1.4285525789200049,51.791182698949534
142.34985063143483,0.843685564201953,0.2523176168092264,0.8319095077919854,230.9642692745644
53.6062480390852,0.6532456772924209,0.7673713758229969,0.14157595179758697,79.72387506894033
176.29696606939913,0.5036768870376775,0.6640355507686939,1.4111595906895746,381.6602859914147
198.67208417584496,0.3897214978984479,0.13064961263145092,1.4433219281802863,443.73044976292346
142.63277728529863,0.5031338927912408,0.20017285240906635,0.4474451808580113,213.33441080412848
142.13134503553448,0.5224786490871944,0.3009651463064651,1.9078831276506112,370.2914720431379
81.59265064898996,0.3608318811182518,0.9360415078387312,0.10502286527898641,109.40675310793435
107.3768800681336,0.44811840898034605,0.32634986360423335,1.471918096555767,142.92810266837756
207.45395073877523,0.8018719328635212,0.019879082665319237,1.936956777254651,534.1263492870921
173.73521926663398,0.41651336867588784,0.1416257376588499,0.6182995553999608,288.32138578818814
124.98100149715442,0.02555976663542936,0.032171823650812836,1.8249308362167607,247.3809364269969
88.69165650648485,0.28301932177384914,0.4028392441432166,1.6528725064609384,189.77405058871113
12.565947320108767,0.23174186409169817,0.797153400969704,1.488218930542469,25.150424008980014
34.75027261766924,0.7935820118319684,0.45043578058900335,1.907583135615724,83.11472109650741
46.72953289467927,0.4492930584718088,0.8389941347931467,1.3081141496168038,92.84566140001796
89.9253586104526,0.28031054303513314,0.0475293213607374,0.9897613047314662,140.357402143958
226.62240347476776,0.8107048838416246,0.46972286414476394,1.3513620436041311,482.8756015738501
121.48423806867031,0.01921680455661201,0.7870753721294209,0.8236475851548748,151.69229664104247
56.744219100585845,0.1742508427312176,0.6747222176539506,0.6497743468257704,76.13219459637044
25.82715792203262,0.8269548193958,0.8528255371404669,0.16449125006305487,44.84125649592833
81.5241731424099,0.5506517276604026,0.2738347239095751,0.7560171568207914,110.53435928696416
195.8674872144781,0.7736497745794804,0.5008507962880486,1.6063901169713715,362.53215336199776
92.31059902181664,0.8381760147620776,0.6768785783422281,1.8908715765130948,224.62747897238702
185.51514054236802,0.9419634885885396,0.1684899561587876,1.950303435146085,461.5428439180191
192.7478417823875,0.06342459930333799,0.815806714677037,0.4130517419200299,256.52640580018266
27.041574342839642,0.799234743298472,0.3114700507909728,1.1428635239519072,43.06342237415845
146.2740107541147,0.7087661482198349,0.09330730391569475,1.1514963167350203,337.2307811673078
230.20350717738103,0.20702560067655917,0.7657012906819606,0.3520950891106738,282.0763354826872
96.81206893940116,0.9317022663401231,0.7050179797319802,1.1632564055388783,200.5365188599371
12.701109316223835,0.40420188030639204,0.8836797532844392,0.7255256806355752,19.403329036488103
221.63099431676193,0.8876105274548042,0.8920747454371241,1.8848128719323087,647.5115040964761
212.13807443660966,0.6051137046649254,0.2785257845815775,0.5104044004514328,369.8945615678356
125.55287660655593,0.5267479465409566,0.6413627752178199,1.6699223910166987,264.2565509362028
132.7646223223903,0.1595239338959794,0.999122996171992,1.7937112566254423,262.4810317820976
51.21199411488191,0.9143276242873128,0.24380654846107208,1.4717445110657315,119.92816002215655
196.75845595294064,0.5566619073622462,0.4728766685586181,0.4293545557789282,282.4867134258717
119.91470919491428,0.0060924054968174435,0.9101663646405085,0.5207381367329373,174.53663705280317
8.613731936642285,0.01828454107028321,0.10307964152659632,1.9422357309394842,15.504363929050918
164.08208206953498,0.7776326050180475,0.9282498975561949,0.15165813224228764,300.4754317142252
228.1438566177481,0.16193635337838963,0.48815559456177626,0.23417181440825208,310.635020244967
199.0815424378072,0.5987384356281452,0.8930407885720016,1.9571394687560464,455.17097375616737
66.88895458042428,0.6810819619339803,0.6213714108268801,1.55378954838144,119.80644222097335
13.271357841535085,0.27936559294849683,0.6714355470230783,1.4927677021204215,25.553514735334474
225.71416330289424,0.5693138084114124,0.7729857514279932,0.3204155222914007,319.09790296239095
224.9265226086885,0.2402587459890747,0.06713609198416803,0.9778776630528381,364.5933934685968
128.0134690712322,0.9463154273679505,0.6277683390396395,1.6815252049691236,309.9253398177221
154.33502009533265,0.860170156349167,0.9239372447718588,0.6577414024184454,293.62939474524035
111.29271454023858,0.28804279149746914,0.9561237239599569,0.385530264828821,148.49035612826023
101.0338054201527,0.5288144909503397,0.9683214440033527,0.021890635536266023,172.6874834205107
29.107900404923736,0.5006328571539057,0.645832879267937,1.245084969721522,55.62882471930305
23.672319157482498,0.960023257950074,0.633286848124865,0.587620620563589,58.557730275789176
56.2393491289469,0.394028780183854,0.5524650667772937,1.7273448537570812,120.37007024755309
200.87545876436735,0.5622275546215668,0.6075533591516893,0.5670361735190805,359.7273359375928
35.42683602619536,0.9287065948874371,0.6121179303831606,0.30315162436900667,65.80584444945066
54.79432713357322,0.16281105117655814,0.04240826852168866,1.9208950240086362,112.07750333421211
131.8930672076687,0.5504856032783381,0.08887128593342086,1.929554024509019,328.0318408740647
52.02392672974672,0.10567292036182963,0.6194165717642494,1.3700476567054802,103.79296712417704
39.58800098991001,0.6174989318185006,0.3142164300384853,1.8567714051925424,74.75451236877242
135.41423988666196,0.36568320338700466,0.30142548500990074,0.32366716249756555,211.3257396425521
88.65833840368941,0.9676360731796007,0.1934406393149698,0.9206817199405886,193.39926029705796
150.46514895879238,0.4154091811485263,0.8010699694340887,0.40831778192855617,241.2989978773332
218.97317902787796,0.13618763754170682,0.9643285037206298,0.9575665163900582,434.21109846375043
36.662854978698704,0.8339999609284041,0.6277580031966358,1.5823559974936112,101.99840790098659
219.2673615252288,0.8208666914229141,0.945419895606422,1.689855694000127,589.1894358540079
216.64634719778903,0.6948596195427844,0.8838841565103875,0.008328788535399978,330.76523848649384
199.06647620894873,0.748811801884228,0.21792697843303122,0.7790067933997247,329.0045745692761
151.6929771948074,0.26471521768940687,0.15352590117687137,1.9881373742249513,341.66719740680315
149.0251244629986,0.6420535004227813,0.21158678552861332,1.1786299236300701,336.16797893183883
153.59143205479214,0.03801987120539363,0.09620938386557487,0.5923918593959037,160.21665670536234
165.87368451666626,0.19689014389003456,0.5828791669869586,0.7779885200835257,291.1002265660911
4.4474870427796045,0.9322794475530867,0.2826500428375629,0.6451274932675857,8.439282202321097
229.9631727089756,0.7392352970826587,0.9129166947514298,0.8951968600608688,385.7041397538755
140.75210087100635,0.23067254098925782,0.6134077732272357,0.8889732671832711,244.673109669176
187.66106853687998,0.1113830895192881,0.35961055576873135,1.0137266103949272,326.19228042836215
90.85900045519648,0.9489194448685015,0.9846406319643816,0.9290120143846465,193.92644603379304
3.4691327328331316,0.11218766606013275,0.9531944958918703,1.0322273699129683,5.301866796787038
122.58145104040833,0.2570700480472482,0.7786152353092003,0.05597790065036601,191.29589847843803
121.97203357616499,0.18263399299945715,0.7916836754396348,0.1088537929544866,149.1223481920024
105.1589345505927,0.007463820411767963,0.9772701315244898,0.7422879464159555,177.76332908238535
81.86223447181739,0.314134774098044,0.6004562226399603,1.7698831284839363,146.5053714646185
60.33334803042843,0.9741788715987626,0.8800198493318545,1.5816646068031683,157.3198278016542
126.84699744207528,0.34190330580935646,0.06482772229999068,0.2203072838231277,175.64514413758252
90.37911445659184,0.5043048794677737,0.5540625194543223,0.9896619174866961,184.05321537262066
232.7986859904292,0.7459357839217814,0.5025163394683246,1.2091745419563127,567.0670043641085
41.91609021018008,0.5510801020792161,0.037723862220849,0.9623784856701794,69.23561282239136
77.05990344668733,0.7435915074123066,0.08695198532413306,1.3951332739581221,172.42569294361135
70.90353278643475,0.6616358681905152,0.02183892401687315,1.9945263161790423,142.72255203136734
130.6225477085117,0.6085630229990148,0.29401500448644635,0.1929482598743426,172.91316248510412
120.07762154530842,0.6496489072117452,0.053511229516276404,1.0310680629140043,214.48731693327449
154.6758414691134,0.799164362078251,0.42315968476080157,1.0247429259251066,331.15303972061434
228.0254240525228,0.7101913948011042,0.8127464113729175,1.1247575954613644,562.894336619018
68.81044997578124,0.7917749207051915,0.6138298084364827,0.3339349119659154,144.87720514366868
166.41879083657167,0.14559763828353134,0.6737899122966347,1.2767155819784382,287.388843452603
6.497128619741476,0.6776737327105403,0.03150668710963589,0.08868184517755262,9.950160140995788
63.342039219703075,0.7370219123255332,0.8395263602558672,1.4822469738636435,159.23025766301677
111.56087485518397,0.2999664324968345,0.14619037938299073,1.3263190512802243,218.3573201172182
7.9232518412317035,0.8745773278432823,0.30265087603248697,0.6608473368253263,14.957454390790772
148.4318358025965,0.3047116033027004,0.5167938949333865,1.9779787222000988,326.2198841264059
162.95539071220912,0.2438321193764973,0.9299934310131585,1.6575567653423564,333.889576610788
179.34224570371217,0.8670968154805112,0.9981491683734627,1.0790712700880465,391.39977709867213
124.21959390990143,0.2470198381164267,0.7826606836214098,1.9810208198712131,263.10123066890645
145.1447472623811,0.4155024624318001,0.7293142237274692,1.66018128745656,308.10265861171206
95.3576276811977,0.3679228300368189,0.5276823307120317,0.2759545602732294,133.41789384919974
10.380101285321727,0.8980618225582724,0.665627337999162,1.1821212083788541,20.570082325158833
24.438469457995875,0.45523573828796426,0.14442417542835373,1.161715273365899,48.969540602679686
157.37152384625065,0.6943089332962156,0.2691961205748493,1.3058903434389995,345.4573662520965
238.93549425079343,0.794038904643829,0.9846428634970845,1.8815131831548573,720.7978085021799
4.284875779609434,0.6279035807471762,0.9796150231455384,0.9840638266116857,9.007704521688538
134.04124748991867,0.9436944983249147,0.322972394662813,0.15476292736763053,223.65847967165354
180.36659631537262,0.8025075292560081,0.24104857257155932,0.958662721050699,337.5297958542663
198.51257130932396,0.40020662767486315,0.22951807481741848,1.5755887738302858,400.992471928498
131.0765738428223,0.9508118432576832,0.4848643835041996,0.7172175495871003,280.52708135151596
148.96987725409318,0.5245748332713341,0.2237665797911056,0.05420981184188367,204.27470465791305
167.36562439325553,0.022577322944895895,0.6484966325506943,0.6064864438132855,200.47922016370495
206.22241680157663,0.2600132796528968,0.07481981135393523,1.364299889405924,343.08285411538606
29.788344160075066,0.6217295870372666,0.10367722241922672,0.17201885617176305,44.76886431076465
222.3206360078298,0.15681490232443673,0.2769342749358006,0.7519296173784971,355.8151230071247
6.731168150601016,0.5840680448932036,0.7774432333784282,0.2662616700016709,9.395469196418173
200.76984035438718,0.3615980223075298,0.32328953904201196,0.9518571834623784,354.8009526789944
18.879332161047493,0.534385480058274,0.4708167822838516,0.28302698354417544,30.092568499213904
47.113456679378885,0.0018748478732528717,0.6566220460091815,0.21807395001942065,54.772336865398785
1.4326480582812606,0.8484213546686984,0.7885399219729738,1.3955975838570054,3.130594021101093
107.13898097588175,0.36192548777552835,0.30710902122465267,0.3160031772740215,142.19883215212934
80.57903479881544,0.14015843427795305,0.7309694111642221,0.30959158916765506,111.29346000436438
40.25530230114305,0.43791585700507996,0.2860674043513326,1.185038350932222,83.7331505597125
108.53609351253556,0.4861772934888341,0.6444662083666057,0.08718762313169703,178.81083294783312
96.86782651973803,0.6374027104961889,0.4508801407946915,0.06598525760038565,131.1336739227751
184.35481733134858,0.5245624403522797,0.9266278193506025,0.8628925378942132,343.01205652526335
214.40470830377276,0.04352358206706264,0.9820933862211272,0.7301909664491186,256.6949152338657
156.7898567982161,0.8715123220777647,0.7741231076902921,1.0892388043309909,348.06710321247573
30.29628810000247,0.4565089317869613,0.9154643356434318,1.9869692345804968,75.63272932240007
71.24609533300922,0.07698777253300892,0.1365042420241911,0.8694129920515836,120.84248274660182
219.239732091331,0.7728282365291851,0.6544639575479145,1.1521167549143827,385.10415448362994
21.751911075389454,0.6601544187830682,0.19836794157240822,1.838487252358053,44.4332559970576
97.94197353410294,0.6494377727692218,0.2769685049724483,0.9663582060427671,189.45256808878148
226.22985630641875,0.42691400173556104,0.5228232412156282,1.5622410511442755,393.38163304538824
228.18422953194184,0.4104970626209884,0.741987269043999,1.097305071885464,439.6626255349821
98.98316090320974,0.5363386363873428,0.7214940741954778,1.2744144956473087,215.7648967583465
160.34155469966197,0.05059441289910327,0.8694593419570432,1.8650048805543413,283.59834194549865
109.89057080578276,0.29895776421792086,0.5592748521265871,0.001407536635376072,144.26472696804348
180.95379919500385,0.9878941735623735,0.926342653389574,1.801879778503951,416.5834428328455
8.063728700973144,0.6621924891280758,0.8878885956869932,0.9953840393140776,18.69577729731138
35.02563716666535,0.4189341654173221,0.8490574894804904,1.2135287384831082,70.47018418983905
147.60061344869203,0.22236310294045303,0.22952010780434928,0.9001159439250228,219.78822240830425
56.196266855113734,0.7452093619002335,0.5314479931871966,0.5218372587046471,89.36142061702118
160.01952567496107,0.2602903097061914,0.736236597043577,0.13201438023384626,226.28130950310413
84.61789112698095,0.16237010384629535,0.9761025078445899,1.8902514189665394,204.88901708611544
212.85161117161323,0.15451490023428727,0.011647273737110275,1.2477524125494721,326.8634489332273
196.71262284161676,0.7292632791647324,0.3271145339450987,1.746941474923621,436.1257916408096
118.53465311647334,0.6428102542887174,0.3423502525858485,0.5816165661097596,190.86641209181852
185.60837335921843,0.06980609937123061,0.28853456978185676,0.5559978983975753,289.01326728317395
65.43752375330415,0.11504281536220251,0.8174242997629452,0.671568889414579,80.69889275512385
118.8752165464411,0.6338468673535771,0.04507143664340407,0.46207645787881546,218.41519379828546
47.79695142125512,0.571116101872159,0.35943475000846337,0.9959414267692632,86.65728632452743
206.68223736077803,0.6859990603718135,0.7116846082760352,1.8724830943224025,495.8954529608946
197.62469416813536,0.17803890836326197,0.4067397191069835,1.7521253432599637,377.4706606446337
216.5648455839558,0.7265879062171671,0.14406358369224936,0.9902009079239793,431.04584091721074
210.65573700321013,0.9360964673305497,0.6108524727590875,0.6975249316520498,396.8722896114578
230.323304763249,0.6010503145354412,0.5226102363936188,1.2233756055271165,518.3843504332268
55.18652747584627,0.19613001964278387,0.9818388361158688,1.2245162669580842,113.6367315826611
223.67191764547806,0.6795438552841065,0.7485262191212092,1.3675281780080297,442.03828474610924
137.30555932880344,0.3430816835460644,0.986175987845684,1.0712000516629097,275.738274965508
101.68757259839744,0.04928774638572142,0.1863526411160017,0.05351052041340498,106.85477840401323
134.7095480843056,0.30233869535249847,0.7615950092779024,0.1520930346945868,189.84460189329369
82.55326441774154,0.905585101950132,0.5516382196999167,1.9475499708096762,243.97961716247744
69.60844516714803,0.4111393201759752,0.7125094992012175,1.4924705902663746,134.1893618313795
58.29478394561814,0.8646653380310924,0.46755146250788937,1.8964937972044449,159.2156193155015
20.241503474981872,0.5086593435227916,0.21239081971291696,0.6790512020366066,35.44235567277695
119.42729286675139,0.5169779889596,0.045736663465124505,1.0698988366265882,213.81051635957076
213.11892133347604,0.005216321064894336,0.838288257326695,0.6439038381732987,319.0590026580817
151.42139664121513,0.6371040732889721,0.8148083485866593,1.8178700935645753,369.15287792420827
125.27366404500776,0.10781384503042024,0.16253973378633635,0.5754667663321866,150.44834719308736
103.1480039210945,0.4787484146820543,0.6451808995438405,1.3876226077429723,198.7935056534757
111.72418950296748,0.2603168556580989,0.7377337005321614,0.3501111497822653,146.02222333676426
50.621924743482246,0.39238296582931487,0.5576249953811906,0.21050290215334533,71.37863121132743
197.5931425877468,0.5370773556668008,0.3172289030961053,0.3112691286126825,346.6281088464177
48.01271970592597,0.014464114601972833,0.8809459021857939,1.058910533232308,83.54360311909639
172.13115023619147,0.2845835832716228,0.6424406375414307,1.6890820810183933,303.89602233106575
182.51641025332856,0.9896119342918649,0.7202175120138504,1.9985594503458117,474.3945166044811
138.18113556564236,0.057399125820559616,0.652114529502332,1.245366087655561,242.53192237681134
207.17086680168143,0.31939348815736834,0.7212886715850879,1.0672070636943327,404.59070830921405
70.20655941193068,0.32142147496464823,0.14506714493444406,1.5737651809303452,127.54926562622082
211.64732448766574,0.3793859209327626,0.9225943983113134,0.12748840510911763,272.6293715809943
175.19380507403335,0.6847809184423453,0.2858107979585016,1.6187944706918798,387.6118602839534
191.8005837489417,0.2477437986829646,0.8365512230299579,1.5167590819836543,404.2441985118544
159.66684043179174,0.4602693441360528,0.8933842040969141,1.059083052209909,316.4678698661398
203.19915256909766,0.6448635668524492,0.6512236066600412,0.04597395149280015,288.40449585080313
238.3471776208738,0.3223220583285886,0.5983007620887452,0.40439396104932834,420.02250683969856
101.12900365865096,0.9487725805032546,0.10904821117158103,0.7394251988086229,197.16259229106743
195.4328062484421,0.9796726349426813,0.4362212260796283,1.8824444518578913,510.4789899793707
178.82685240456905,0.11967356768751114,0.6116443846481417,1.2769776483800954,294.32225072356385
108.96240468802831,0.3438198844008101,0.08186927248277276,1.0201852264976534,205.4061897691507
222.50428543593662,0.2079720698064753,0.11146201147754398,0.9768528408116295,375.1485831573767
94.96501013263644,0.18678959555711516,0.9934812551072089,1.5599514632382991,196.12368574144156
135.9290869481589,0.4909798383382795,0.33223415096259457,0.6472604779292166,200.8836368332971
25.87319449933529,0.5638271081348789,0.3497324872911639,0.18904960757028655,43.47224383606241
54.57315897887076,0.4256520405975992,0.251529150599892,1.354086615579541,113.37398146250318
201.84673284283568,0.2725548730973607,0.646019769494277,0.6580320158078219,353.41107234036076
95.47437711750894,0.27862157425363965,0.4730758868067968,0.6511856739635131,149.4236243035503
94.88313941495434,0.9921281563407308,0.7904309573735042,0.9094304721882593,206.84164273650978
59.41245385665355,0.9236773739902505,0.5124948318557868,0.4854680434706973,111.47559977140246
118.24067506424032,0.07589884098935717,0.015415980283715713,1.8434050596142542,273.1911882172139
193.49316224347407,0.6565506519961256,0.48268739032679564,1.6939408443449955,416.48607381598185
214.89180620681063,0.4568776074848443,0.05518729059477456,1.9821766619461227,416.469392159267
17.29240647458204,0.688814097199162,0.8267863804814273,1.9290975918613251,41.028832503263
138.16956513200765,0.5969607055405535,0.11365808498470065,0.6289106904271018,221.25295313780364
112.41197161021412,0.8892524000824175,0.2169540149658158,0.7611959173615703,248.03521999435063
147.620503187943,0.06698831428882501,0.45996524279482887,1.3965159806001457,223.91418725021182
107.62252701453046,0.3495979120577055,0.1951840554004145,0.03169180510646363,129.68265234375315
95.97543459439292,0.9854941257755847,0.5392199601970316,1.9877777707775717,257.43288886693955
113.51543062686271,0.18228534899061677,0.4606984244467053,0.02168616413223301,154.9237924453572
139.8887913371612,0.12733343950664722,0.9525226109172888,1.0629718502046226,259.6493281088389
120.48547904211054,0.7289720060005754,0.08837356332461366,1.3374006242607408,292.80357370716894
113.57859601944476,0.7774351600174635,0.5767320482685504,1.8282926159102726,285.7602102781208
196.37155673496034,0.6722735476746602,0.7203996096439838,1.28827264155622,412.9042082339986
179.08269390146694,0.7761958287599253,0.12762700905585633,1.1939375994068022,401.4004258223608
82.26014935639567,0.6937215720931722,0.6364621277574015,0.6007185983006145,130.36764572790787
192.23821964491924,0.13577068228917677,0.8642390541698262,1.1818427899240727,282.98016736295585
204.94933522657777,0.6082218974785071,0.7875556434281561,1.4994030259845488,497.5696568326553
37.261383187118625,0.7768766825595325,0.935170690429058,1.0311833579103515,81.31694078041384
140.05244958451672,0.8655166063244678,0.7205856967409449,1.559270596574249,367.6015371696109
68.8322224670117,0.24623524268370767,0.39398682967231746,0.13922609374836958,81.45312543609779
177.53177110145006,0.12743076093853856,0.9204513845908109,0.670754901999189,310.5984961010097
57.689086381404636,0.7810904435825796,0.22535676761480072,1.9196278681280792,148.4803541982855
161.3011440394411,0.25654834503566537,0.5837022785250142,0.6468888261312558,251.31668801342553
61.60235512580332,0.03192947832088733,0.7656579450946693,1.2437106036311716,108.04250780632066
122.91893134147139,0.8252135636493042,0.8722811669954791,1.0397695153336335,274.88078949103584
227.70082906592802,0.50599113381086,0.9165421310939101,1.8732480266454294,486.51228461243693
91.82315546031606,0.32663313242842196,0.08497564948236314,0.32554375281210435,121.31647030142321
210.23936738818824,0.011429105231549164,0.7260591694541951,0.5987761990195184,305.72517033035274
236.87322719833276,0.035327444707947686,0.20410429344101544,1.7247546108617222,416.3741839089983
210.0267782888366,0.7926232705602947,0.7791194414868503,1.332405089546397,404.0223618162057
40.224914118740614,0.48970588496486445,0.7006897319336088,1.0860987213380995,80.05500586787997
196.80814357867155,0.14972204929646016,0.1813523586003103,0.7898007839823771,316.7736058191633
8.19978012658442,0.35850562724901813,0.8328301724195284,0.8226308660410202,15.91125623527016
94.69580114598423,0.1653051475375229,0.4617888040185616,1.8698453655290026,202.6647615388479
209.0406429096284,0.11288155318038662,0.5438561519010436,1.3421512090676238,401.46337862307985
165.4561549560008,0.2763078206741436,0.9714037535434668,1.8581967728302733,398.2478561547817
128.0913323474218,0.5495085474623974,0.6566255875192989,1.9443722175759863,303.4563707775992
93.39343400728761,0.2100066078122269,0.5885631450247774,1.0940160122063898,127.68499888975875
195.0451186796335,0.3436710812847671,0.016762772363767664,1.219777890462625,386.4233743017997
170.43923774559892,0.47793088395645966,0.19921483509393956,1.312729858142133,300.686311437351
112.68307404795377,0.4200297391831519,0.026565421049937754,1.6783380057597044,203.18334928690922
214.24999876171353,0.12862779912128963,0.3333124257161495,1.3181434252126023,331.0446315650695
55.572550267562455,0.03886563553588818,0.34450835302732385,0.22929484436486036,82.59387633938965
41.30876644349066,0.03545872694893892,0.530330070391844,1.8848602191083328,84.82081703661942
154.45150155789278,0.35017901802786733,0.6897684469925173,1.3218687169072671,269.3407034312497
233.29264507707398,0.7188020785373228,0.17934517189631316,1.7398345435790838,496.0837631763262
59.71794930697149,0.13125529872927066,0.6016544208097424,0.8494754915639362,94.1013626512446
60.29605575465144,0.7869801163644256,0.916976274528907,0.9494327157812348,133.73366516366522
33.90997408694449,0.7156743093138368,0.1850078561592079,1.3777127054450673,73.84328902096134
206.6049714880349,0.0039434908856111894,0.6590880302653639,1.5528079726640969,341.09650105380535
54.722210928514514,0.02674787298184511,0.045589141251907384,0.15691741996409947,61.88922073427456
121.01125715061063,0.19503321553805164,0.5311476342911242,0.8146856670520886,180.53303800551734
237.813958481528,0.05612091105058503,0.7415392571057796,1.539712760587678,489.3850964838348
3.4077457708294334,0.5313431052703059,0.034041781190143006,1.9844718602926217,7.69178900826698
133.7784186773352,0.039627261458415775,0.33366539114253435,0.02328490239250658,135.52425728446218
123.19322572783452,0.8026458379953977,0.8779569853919893,0.5296164548834699,252.5739953590055
193.88364665023207,0.4929620689458105,0.22547979580003863,0.9296971638076139,358.2134345716444
85.58992872289008,0.7279543666724776,0.7228745543956964,0.4458834035365584,147.06682853872744
98.77675545632046,0.7507025509358412,0.6122382739274947,0.0538443971153062,171.95441794909266
40.72114635342785,0.5067639396702327,0.1636876659594949,1.079086048210683,79.8332580477908
177.92524797677092,0.9253628762534661,0.7417075139818313,1.2987972180793292,462.28695514377955
188.43778375056152,0.9902407738553081,0.5320809930321977,0.8321241219962263,426.6235557087957
33.230865326529845,0.35921468601454587,0.11202580072628321,0.7397561593766786,51.59426935138832
94.73296922020306,0.12586414024923354,0.9493714032652699,1.97122112035897,168.43685387380157
214.35074638936257,0.3632381786478669,0.49196202914353415,0.9550570464403387,383.08327239769085
1.1483920453510246,0.2233538970142701,0.7450808348030031,1.596138906483377,2.3723878340125513
72.05279741412043,0.5310056670617501,0.21770026552573551,0.5743483443916042,118.97409080773113
133.43262727008516,0.37838760125240145,0.13718320940435214,1.6603765061436642,188.17680382205393
80.51547938855882,0.4804494142867909,0.7413067761299187,1.6473993783997938,188.04559652126574
65.65482280805182,0.7631875760760015,0.6738241785583821,0.5354042428860466,110.87829802264375
110.67897763431942,0.27402097454185215,0.2741076877038925,1.3117099042834108,214.9792879080906
43.97478439227165,0.5374747246397255,0.7462834355157155,1.3640299533747016,107.92389259581442
127.34524520979637,0.3351612493286884,0.5049922610185026,0.8852310578874354,211.8963924076028
169.7536731545176,0.7849608641206614,0.34859725664740626,1.5475601257548772,402.12651518580515
138.28314115452628,0.6395366324076963,0.7868918174796604,0.6137705223939784,254.37819899101927
22.79968474061815,0.008504730510610736,0.616782747542208,0.9685436782352315,37.25434023641796
202.7358630926548,0.6600513411052183,0.5072683659719965,1.9803034116595808,493.9504767726264
42.40719207825342,0.17016200806658233,0.7731070967509631,0.3573513433059987,56.72593198972952
183.67247414636532,0.7244737902030393,0.5448283598060093,0.29556544403449836,284.31801505954576
86.85534403081617,0.5673386668454581,0.9385344329335886,0.2843973747937938,167.6835059208923
187.9713428594365,0.4014826777231747,0.8180556927874774,1.9962185436691435,452.5720019426103
49.90236036558031,0.6940664292072585,0.35818757274019697,0.31982655318719044,89.69280941944717
45.20557383505543,0.8565932858687801,0.4649192505462585,0.3804784736638813,85.16658224628652
119.537690169087,0.7787437138620732,0.9573330686953884,1.3895731708148449,302.2641812041263
8.388175520257338,0.5453792765719075,0.8952043947939167,1.5189932496097827,16.79430949526333
54.458712638368844,0.7226943202595297,0.19118553763431145,1.054122610932326,108.64390606653808
173.9009343981514,0.4139145543927536,0.2743038328233488,1.9653382383352367,402.4364850731728
201.0533430541494,0.7890261215631287,0.36442051936197206,0.07781776064248747,366.3293250714286
19.8480946631056,0.8290518916228181,0.8798490361439039,1.2416417380975655,56.74649775884493
211.757611410426,0.13729383687639873,0.9274173118952642,1.2129386388032342,397.1372742814694
191.5053703707364,0.23803135959394628,0.8023402408025992,0.642489574572817,284.05260448651785
208.7893888218182,0.2699887373491584,0.2757084460602621,1.7988809401556953,374.01468224042253
167.77363882163215,0.16608171898209156,0.8870648066352316,1.1057634122101738,269.36036972748076
161.95965961690456,0.3925350068974207,0.032881125940698475,0.4926805363164295,221.55891756410608
126.25982938609488,0.19303321144961227,0.4228034808905181,0.17671703240148462,114.82593285773997
156.84254026566995,0.5955393109266095,0.3776286323317376,0.2142377870763521,226.89690993942196
220.62676466370192,0.10161544289761593,0.5352396059045738,1.794658492540039,465.78428093141315
24.575019339301665,0.2699191530267564,0.5606405572348289,0.5006175246768323,37.18109417623189
76.12559244413885,0.6655206459463567,0.22540448684345893,1.8140106032234857,169.779466128847
17.852966176211304,0.3985451231333492,0.2045557027857562,0.24023581759798351,20.99975658185445
226.7808386805972,0.4214627418534077,0.8035665917921552,1.9678705140199086,577.4210003669815
107.14107910685343,0.7979252529583892,0.07619679783984357,1.6666981417246187,257.0524800330294
162.24500072694713,0.9845115532909865,0.49328604386204544,0.23245748319402892,297.0639553099337
201.94825544878498,0.5650677832542129,0.19164640659767895,0.1721130056326814,232.93429392098105
237.844559414319,0.07906717146360775,0.3195672251209777,1.6068743648430333,414.34882873768055
39.24689864124765,0.10290297422363592,0.27729441917200814,0.15613251057935695,48.60903100046038
191.98326906951576,0.9685007220294161,0.7085222259472039,0.5243619713495196,381.5338826067859
213.03778410374835,0.6792349127484716,0.4560206032945494,1.6024996185335414,487.38694429087366
12.20565275578471,0.7524691183338194,0.2994418344461037,1.8151600246966486,30.777528261030458
181.10468916444484,0.6757637576855414,0.8313519979802051,1.5353041165173742,419.2670780066918
85.4567144265738,0.17961760169515328,0.08579514129080201,1.7797856415057403,175.9285982315524
155.83893155716848,0.448362160824762,0.7663606454736402,1.119776626074854,275.8657899911596
123.61454295130811,0.7980804376193656,0.24831275790029783,1.5592223240990164,245.76162850223028
62.70826937474954,0.8663629629420733,0.9180192226267826,0.688372656978848,133.90975990802067
32.88551619995466,0.23733551474637204,0.005559085369548855,1.5704281379920306,65.4100547401636
28.508862324865387,0.5959617908338206,0.5566633373593394,1.3594818148489742,62.95588399129815
25.245824421183762,0.15710190273845337,0.6222649840275938,1.1496601273181202,44.28760756828399
153.25071461223138,0.9582768731217516,0.5773003326469004,1.9846026413645,388.48609548019977
84.66289891018937,0.2522042889924876,0.8150152921990125,0.9395590497496824,149.8541955087222
52.38370845030645,0.7266351286038967,0.11216400808381122,1.2384944751411031,111.45025350160807
166.20647970306376,0.23111294422685436,0.4155560042925842,1.0198113737276944,292.1766321000869
165.0004710010688,0.6160539428785416,0.8637367730199736,0.5210226791519161,372.4294570982729
129.63080601950094,0.6592643070226565,0.888735288528991,0.6607309619334509,221.95072652286441
224.4223971393713,0.3284281034547527,0.4983444032387655,1.957571535911882,648.2828206750219
92.8067084302204,0.8188338654260512,0.5579668938700798,0.7842209160294138,161.11468741142812
200.68918161899566,0.8853708982474505,0.7639084404899006,1.35881253487349,484.4852396556264
18.495888199761016,0.855069930253995,0.7796103942986415,1.1341945273374285,35.93509355449459
177.6895470222218,0.3307982194647173,0.8880812995058609,1.7796105436190273,398.43818002654285
237.23315561274725,0.744340259012654,0.843857399183043,1.5153801561260096,603.8193376252657
203.26027280093214,0.5594907548692242,0.41442331286429435,0.1613028119997144,308.09667969279883
139.3297002747592,0.5926283244920116,0.6497533264716566,0.7108837428774879,278.57064076702414
150.61047240635497,0.47742508525846183,0.48323525786173405,1.4238270855156177,293.9439135251877
85.11284709014876,0.6002611479688716,0.11796146642013172,0.3227136160234012,105.33031262748254
163.23670977281589,0.13565415803574998,0.8216809200050627,1.0068783631195395,293.01561520652064
185.00969427192783,0.4088472331174553,0.6017635297005067,0.6355380966577353,308.068231363736
239.575721227726,0.177671761987946,0.058005203805912564,0.12950845958700596,270.10011106821054
118.4448686216037,0.28010553097142576,0.6768682790089725,1.994292175677248,250.03213839056465
15.182323752739425,0.12781453592213377,0.2831010358971018,1.8587291990182928,31.132589386433448
143.20797920007095,0.21249560522202005,0.06926520871668074,1.4950523086166518,239.8510921582573
29.006283920729377,0.7819292557877159,0.6065889146836446,0.4020516705066919,54.12125653713023
59.12122793168836,0.5498364621776702,0.7322086541292435,1.9770523871789403,157.3585686037469
79.24278875772407,0.023643118512234995,0.517284294321492,1.2615845659320426,160.189267102362
175.58165461904434,0.7885244838021156,0.005648273570092455,1.9321508757345882,477.1831356716612
44.52204566890088,0.9094683959294906,0.5768827369426034,0.08515781458373883,78.41890223765165
40.19783076874343,0.8804292757826376,0.006609075317959956,0.3469414346703419,71.31729765096136
11.268936078469178,0.8230168828733218,0.9264083012971179,1.354493770423159,25.002723814861174
209.64096475675447,0.9922164428009369,0.26730515772505203,1.814359422291347,501.6002462404636
166.59454913327653,0.586401955537933,0.8710066034970242,0.3515644255856205,307.2096471224343
10.067178515421546,0.9625876285149049,0.01210928861687055,0.6341964792502495,18.668733720749685
7.276007200328442,0.9488442325014275,0.09721651049217028,1.17635466301718,16.318751969833492
134.30249400577594,0.3132387305034393,0.451408304602657,1.9993220403124627,265.151832910294
68.16698910816729,0.8634337560558708,0.7586073790526691,1.59933017356616,187.37402284865732
143.41596092844694,0.7924726655587772,0.9425617005006367,1.8471255579657824,349.1957149140325
104.5877000755912,0.7757987774010856,0.5210948151684298,1.3500250691954852,255.773382800418
221.63335867330596,0.896280771291922,0.35546071366659615,1.7547425413333044,501.94064746489227
69.43025908324762,0.3841900099203077,0.04455453991718106,1.0140900646341133,110.00372844218163
163.155315741115,0.4000549658873819,0.5837094717387117,0.2483172698843843,272.9549395353857
13.446007632654506,0.6400523092036364,0.3800437644985337,1.4191148384629921,26.759430018274333
229.42859793824763,0.7378045378143421,0.9091334846750408,1.2029498447997915,422.6142764534606
235.39141356405034,0.8797371026576145,0.4800592228400007,0.9707001282297174,441.8724278990389
177.50837364943078,0.8758453206592819,0.7654469831297759,0.5499818310355462,376.67660253813017
111.91838693947577,0.7213396243862599,0.8482105282148957,1.568406024384715,280.28314432485973
53.188428718879095,0.9568927778215227,0.09827761167775428,1.640820162832975,116.83974425436163
195.09766348938754,0.17862861894624227,0.4408463077562448,0.7283712548701968,278.4049200468442
176.85680626671183,0.9503398471800862,0.893717431012312,1.8555331191891185,493.33817169939465
53.6579924748473,0.06419148203362157,0.42445529831969153,0.7394833887372203,88.09676824542656
108.56606295066513,0.5556218811919182,0.5651542769673854,0.21512498962556492,168.1642342492972
111.34034560712001,0.09019695700812225,0.8731039472988477,0.3330567350211582,160.4806868515422
198.42532671846385,0.5680009751981364,0.2325935866897927,0.9890309408178344,400.47232384254033
164.28080189801133,0.39010971245571946,0.8945816628234634,0.15972598670227378,296.7750363752763
154.5386266778432,0.08160943150238686,0.39702842118961534,1.4368250880266809,242.06863982155943
156.1336677039052,0.6481168050241883,0.5930333286590651,1.5901917105956846,326.877209312608
65.2775840121037,0.7311979996228418,0.3280394820658532,1.098936665390623,125.73060623445961
89.52484672917339,0.1741854136199813,0.52711905375959,1.7866969059604183,195.0408881403489
11.436117362091121,0.6944367193087689,0.04928580302250252,1.9085729334925037,25.85352259124061
188.97240202700365,0.1790475491477329,0.06525997523876337,0.8951621754213162,298.3409316941557
104.20307253317041,0.1373964493152765,0.4147227619375855,0.1782543364462037,131.2262223300646
105.45808652247386,0.14736326652474574,0.3349519234335785,0.4625282192841471,143.8925128362593
59.2628254516036,0.5990784689543349,0.6157918102751082,1.3152320874269818,125.3151786119653
50.657833909533224,0.7787908081266032,0.03791016704380623,0.8115687660996043,104.94703732566828
141.2833521317825,0.5968937014738136,0.16766866973689132,1.3700187882992887,259.5640223500057
56.196447141280345,0.8093514530182451,0.20959189412579216,1.3334703723055779,119.79636668115833
15.878019949928726,0.5914773410703692,0.44049176852980043,1.2107362732234275,28.0164778851562
184.31802612742516,0.7973212473484868,0.24683476237895274,0.3156651337979679,321.33274909070866
90.66442954032465,0.9765225011333006,0.13766268580773067,0.5718305921142455,170.39136243301198
91.56642234388342,0.3909598079682246,0.5975736737824379,0.7557232530916245,172.48572064826953
103.80072842303203,0.1499421769268947,0.7438719778032219,1.6488359798631784,204.73487295698155
195.70323520623847,0.13539681170495765,0.6852680667972217,1.3644456735269326,341.3730317282081
77.3404365775862,0.597477596656598,0.2761800952275212,1.2898685320054981,152.2612724392304
182.04967259625172,0.547103065855342,0.854444836366964,1.3442746894219455,451.25221522188866
225.5209893667006,0.18423537854203076,0.6118221794274022,1.0064041629027924,319.9140460257798
158.77793292398945,0.8821049626676735,0.6146667010074238,0.07926343093612687,255.912602226453
103.8876189418974,0.9567483684541884,0.21284845171645728,0.40224137499792345,191.96744935156866
179.5956386936262,0.2532156431033017,0.24221288733615354,0.28060431160080257,224.41046835761796
110.16642005545683,0.20688293090106702,0.47475021743810475,0.1279933287874213,147.64633599094452
99.75533143039972,0.21392185230754723,0.2378210310405845,0.6389532959665969,145.7511263312776
126.30531767565763,0.38742152969135946,0.6880777364853765,1.5754603833926968,270.0406014852827
76.59449918682586,0.8532271752989463,0.30855451225575825,0.23026360728760875,132.8109528180592
25.467926799060287,0.5959606099411179,0.15191615396134917,0.2228450341638437,38.18630884355633
99.85705532351656,0.06755343173266992,0.15161385377347247,0.24852803838303483,102.88557092662683
30.163723030467814,0.4729790851720672,0.12722777871116064,0.5396433825128824,48.288482293938266
98.80073291652948,0.09033168302809258,0.4397500789663744,0.4044142760952474,107.4074897415726
133.88562623062134,0.4062141140084401,0.00304003634762251,0.027922232947187764,159.50220350328982
223.4053278987524,0.403520142303317,0.5423722883025308,0.5530046271687092,376.98954913072834
9.17524828535021,0.6483526657096457,0.2983029229195504,1.9925889293122343,24.350719290870696
149.33928835721562,0.549453966963101,0.5524788309602147,0.6729728857118578,324.4832362249862
110.12757720269352,0.874754782339086,0.9354254134415833,0.42251806394764535,203.1381874296033
5.352540204891331,0.016275182665472343,0.8690476101834836,0.9914278589843437,7.887462553444373
60.26678813732353,0.7739988220946491,0.5764298399384555,0.45873692849895376,114.98862704914039
28.877217938974976,0.022658340955841738,0.4180703126387251,1.119290402641426,54.62619413817326
52.42219790268101,0.304289828476366,0.6983626710825065,0.8013116928016599,101.8149703887783
66.2595733088899,0.8796631381795634,0.9231393326245212,1.7936826365588985,151.1821463788356
96.61286732403602,0.6904141716771217,0.4895470679395497,1.855838524426501,225.94716308094695
127.20493474058922,0.1719966783661433,0.09930772408531863,1.426122516053293,244.49613202709236
0.7371035453694712,0.49078454411194294,0.7660882004239901,0.43138849548047276,1.328907605825468
39.26771187058342,0.7219041809779858,0.010479153894384141,0.9477970957468966,78.92599257718568
22.909149353307768,0.9373433213395294,0.7646384796406737,0.6108463340814949,44.23897501597442
132.1467791234271,0.6343211992182037,0.08491660388656996,1.596554938219746,300.1252051761352
79.31343146110412,0.024675411432927286,0.10661657436628691,0.05834821830740644,92.01437115615666
131.84125778031498,0.49970185969628356,0.7817068700115261,1.3249833886896571,246.48991122326032
53.62668087083534,0.15296163917082772,0.6895217048954053,0.6464536522882551,92.01800968645148
6.302930303976575,0.04777955047492133,0.5619031293366379,0.9620091648967635,10.843279652445824
225.9573728542241,0.5985106346815843,0.8205851927101936,0.6459899425781319,382.28468181993384
26.439795024764067,0.7769219025104245,0.8513685107437633,0.7295800545167281,57.38215930195138
30.882670136831177,0.0360605554964043,0.4575122556562867,1.3487252775856942,57.194129955193986
35.59796494917865,0.7835892709655194,0.9962986870545374,1.1909886668595007,85.9320671711857
235.51572749638882,0.7063878798115087,0.3575799396391073,0.48817849138967295,475.2518864059253
148.42962752071406,0.7519868881683613,0.17150776662079825,0.08727525629525457,231.15032212421434
146.66444343307222,0.24472837271570047,0.8459764431198916,1.7120436197061408,315.44352438634166
236.81421926368785,0.3935954554934291,0.41557027955933024,0.9846133632470606,309.2036688642896
21.681085241279817,0.11975082720721897,0.8744996512286143,1.2374604484983667,43.19029020631383
233.89296376387824,0.2388909502344665,0.061166344490404034,0.9769985449279155,413.91516295233555
49.3611485996928,0.3027896714774301,0.11105211150664163,1.23788041386612,99.43254698516516
149.7256251031075,0.31943663953678614,0.04027266122396245,1.253944943597146,241.43374794711335
101.1100138900186,0.1750398880968118,0.6020109603024101,0.030081073508808176,136.9587580938192
92.45645932778419,0.18871179807114336,0.8318641811164996,1.066518233199217,178.51956069248388
223.53277717083128,0.9014703997921601,0.40266078360867175,1.0042159378081328,441.0227627067412
36.240040961441416,0.7838936148156058,0.09069544967102372,0.19163503257811287,64.59145686337463
239.29802815276034,0.34447770349143736,0.37346882743095344,1.4917637219926114,491.3499240765852
91.30045213142587,0.9476435394809607,0.3480461323397299,0.4717187390875486,143.32479027438578
155.8815894813088,0.2389227127923239,0.6434719247641147,0.10905069550796931,217.82278141129208
232.31366219026475,0.4068204534500507,0.6521516287963338,1.6063179481668186,451.4301482975426
14.295451565764461,0.8135253114345706,0.10302371725135306,1.7302635026245508,27.67799836458721
221.52601492058315,0.44288637020362664,0.4201767775255274,0.4813895126300527,362.87147356577793
136.49082679236523,0.23462532290814597,0.6425145268187654,1.3750910339007156,255.8687698562171
169.2030525150998,0.36853546762148837,0.25886120919003475,0.009901348124993659,249.02876714974272
36.22961204078043,0.5007210723746816,0.4070802865284776,1.4422999167646096,75.53838442476432
128.2462896840322,0.6206443836603374,0.6136949316450189,0.9296408868812873,267.0920812698268
161.80653467669586,0.4056064995815233,0.4028707012449019,1.584966212936599,348.4780286974964
109.7712301193498,0.43130433111997424,0.030860971565567885,0.7860679453318535,198.36022867469882
37.61895015640059,0.2639436128014252,0.22261599542950583,0.7021514550415633,52.372898703860756
58.9665184829956,0.5353472984174117,0.7760809144655237,1.6815697502749416,134.9705748501997
205.1270734429429,0.21945623376954637,0.24850407875003067,0.0772933958303319,247.1697429849751
8.755802783446686,0.8675262181080758,0.8177114460646141,0.37432997375283383,17.532534134481022
170.27246778657457,0.7473670702663014,0.4669078257018239,0.8242577377751714,338.90944428315805
239.8539137452292,0.4102789884141841,0.472921137197278,1.1926763227828807,425.1529914271526
2.2921775675706044,0.7472278470328477,0.7705162153313778,0.010225026234080614,3.6077572230768036
39.07044103537561,0.006995941809373019,0.3832935130158951,1.1502953893347492,72.41622008007438
161.9575600639057,0.34448922264239656,0.23848059215237094,0.756985079267601,216.23324954302709
14.867804883190908,0.44030114814678856,0.10503237671743315,1.2600040873999268,29.808518840170887
141.7547011334782,0.4697985075456973,0.6719098761687681,1.8139476791784588,357.36284697458746
164.31802480287294,0.7487314777103389,0.46994253979288336,0.8817440232532001,342.1048644966031
141.3610503733198,0.9628074275617138,0.8094068807001268,1.109157286599143,384.2452938095486
87.96173637354559,0.37999713044280303,0.45767470857430637,0.9255798369857144,167.98449195261333
167.49910988880004,0.3505998495278747,0.4148106751148408,0.23704400642321355,245.1110493403232
142.83351550931002,0.6105152265803961,0.2988520840747373,1.5862259754942407,294.7240495850829
50.22910271649378,0.2812536141915789,0.1994278729403578,1.7703914411475825,105.30737974667039
135.3709626886338,0.14135033381518924,0.8304369446484646,1.6229331625669592,285.1023340494861
211.71677850477315,0.9615408704921987,0.09521137094676635,1.89519314870415,528.4132956258466
160.20657192286276,0.8095299568090221,0.9021277233516458,0.9360570355937687,312.89646580919305
113.49406602082638,0.9584995530241278,0.026909151237350493,1.3046435110054777,221.11228110611577
77.51939263723355,0.21783287868391665,0.5222523352322085,0.3366832099762156,109.5211113743477
21.0697471602987,0.017809214969670584,0.058328562151084284,1.953616242360522,34.12802555316281
59.08819829578737,0.4372615757381064,0.7796071213096329,1.1611080997479388,109.62257204756587
3.179227364307015,0.9336089629915812,0.21149652405911334,0.5233262162017591,4.524500261807697
236.79690724722897,0.1383253388717589,0.5659225762365355,1.610748556737765,491.6547678787202
53.78449938483322,0.11718552283459838,0.9164461025909444,1.17298223441713,106.12330522795625
195.66278827314676,0.06895278424584206,0.6492589356124262,1.8993499639376485,397.64791801139694
40.89044919229238,0.7650179989319748,0.17831996497391545,1.5399547580972899,107.51535187409091
68.42247533053495,0.7859265338335389,0.7966777687549007,1.7545296464223938,189.74003736439272
100.67741795519383,0.695376055663464,0.4414796068083493,1.09330001775067,213.48926472770648
78.19515656191442,0.05329184512233609,0.013176738342756678,1.0346168506908942,116.16497525569666
191.70501965598672,0.7232883358152038,0.48676497010783504,1.514652942421343,414.29496528391076
229.86757121969384,0.4486288084616872,0.8124846772633403,0.21002795099071037,372.05512459546765
210.13302883437822,0.15789442193660497,0.42995763083361305,0.10806318296712525,254.5342037138917
37.28189913398769,0.2951260104846021,0.7584280504799924,1.9674044921427143,87.05478742659749
186.51693798565503,0.5011468399329609,0.7055258845344052,1.8325910574135515,451.2150702586616
35.93328573647839,0.32965147226968106,0.45691231733828475,1.9113218824898135,75.715068531284
219.2547750216233,0.9697492267415924,0.3232825850254474,0.12472812699279157,424.44049668633664
124.53191887262453,0.4747417417071993,0.7265400015621563,0.5386028238200977,204.6426097348499
81.06327058958126,0.37215051025214363,0.3689184177383654,1.803084758388036,172.19576683512244
38.107606611539175,0.6731654289680367,0.17008710672865168,0.17895915375226523,53.2483349244901
3.3282766188716044,0.6505450568559148,0.3208630615279794,0.9028690242167956,6.110176719023884
59.8833045027819,0.002439280405267419,0.8768391929280482,0.6825827062235501,106.77765773036606
219.4078051558742,0.618473698300743,0.2833891121373856,1.7597009570012059,448.196849759464
191.44429504919847,0.2437689747690337,0.2349605348447361,1.0361522646742949,333.1089366249766
232.7655930062973,0.3752336415879216,0.13342007073056217,0.5807483644138076,339.77980515898463
24.632384308568845,0.7063488907348443,0.05517784456772401,1.0486023515760172,37.22512666676414
142.32680906960783,0.5573862210106958,0.9766923541996315,0.22489241122433623,246.35912125307675
62.087538530371,0.3686551441550969,0.5367768272606105,1.4624054651129281,116.9368315064285
130.53453853249158,0.16741035183712405,0.7296444606206975,1.2366751089198205,242.0080685780127
77.2489450924475,0.5054821872477532,0.7729734468687052,1.2014175621218703,170.49656550275452
68.38999928328413,0.3193660235072032,0.3523169947204725,0.8756887060168186,116.54524741086067
137.9359498348911,0.9129278084080751,0.798905910161221,0.5884883061879815,285.2173576017539
44.404699767754906,0.5343466402890507,0.9614842444200488,0.13076130546904285,64.03899048372814
112.85745815482198,0.8659639941704125,0.7417618502405342,1.8940650082561075,307.97369153263014
156.36953747804634,0.3901810284835113,0.711733126662779,0.833107843117803,269.4728330931416
31.19960652728157,0.8274371637879605,0.43223378658202005,0.9918434078977718,51.47612576268134
223.37732787501852,0.05653690217207863,0.8413201258087948,0.7515335095862028,369.1635021027103
121.62106551926288,0.29811902556801495,0.08883737512334966,1.9757547013473555,284.18643306770684
196.77694926629997,0.07817593304469939,0.7496837122419485,1.592344021237399,429.77423232381415
157.11035063374467,0.03165018071487391,0.36199354214285717,0.19152044956273828,224.0892902921564
170.54522542279966,0.9188622453231189,0.5659739157977913,1.2163501294145256,412.7650394487329
172.0133603677847,0.7168687443996798,0.8929637698970272,0.9692691473048745,373.07891859641046
210.08642534622268,0.6251100644684706,0.6050195599544752,1.5867040704392814,519.4542939898575
147.45850169373833,0.532492809411833,0.02558153036246613,1.9946320243137066,302.12557989810637
67.13300783727281,0.569554036216842,0.7226048455230962,1.488613481204824,121.33027520504218
24.33255946627699,0.6386903813864535,0.9290245062036393,1.7298576416099867,54.704373185184934
145.69702335830888,0.8265797947401032,0.6420119453105593,1.0052710047116302,345.8989846706594
16.391496503054164,0.5968885557955282,0.8614200774595737,0.7471959807219271,28.767615636196957
58.28978167964248,0.7485807631108824,0.8252957553419343,1.2865593630107286,135.06747728478177
15.039370712157854,0.2809780518297349,0.8612922829839624,1.4988368274721946,31.99627085061307
131.9585775670728,0.9767617378164721,0.3441004026922748,0.45506786640806096,257.0636932410058
38.900980923816896,0.03189720843702892,0.47416352710868115,1.0067749597195634,52.902676577885536
146.69255300431684,0.38657659527731547,0.8480335050297315,0.22758197358173038,228.5404834537945
189.9121988417526,0.8820495515037039,0.9103985749314552,0.4327056265584688,351.42885192699737
197.34043262486102,0.18052296268619017,0.14684149925974643,1.7637177802864608,447.44264877569435
74.63567019896178,0.14133809293365796,0.18153237959148394,0.28946396526145257,104.30039202275995
131.97461058033178,0.3654307668999135,0.34682960005493435,1.622696503604424,257.58125950531144
135.34107704068296,0.4281947005168275,0.770297828179358,0.7451914865060809,279.03665326854207
113.75648012592289,0.9333940606617277,0.8749811572578948,1.3270427510875984,277.854188169668
157.39977699623117,0.836119534708821,0.5802401414033453,1.8206527432848103,323.4228648257904
50.81586615573629,0.46408963769051415,0.11326817539323097,1.5617973601655164,102.08905788417066
235.02875588103723,0.972975100881603,0.303748229967166,1.6518822395969137,664.638413137315
23.990118588278317,0.6422784041590643,0.8570230064776316,0.522298140206686,39.79127127644045
199.09846331814705,0.8736587319818913,0.3475549782700149,0.7233492072540999,386.76824947751925
142.78598887480948,0.24605698048682545,0.1028072430893957,1.4655840410793177,226.74722079799017
59.14271195289496,0.4889640742999828,0.30206846611307825,1.5544691732425715,107.80948541043861
179.0891626581418,0.029717213356433292,0.8067063522998084,1.5801045352017569,307.8726878123906
20.73317451465873,0.008880193266448844,0.49347953301914227,1.4802159628085765,32.024215726885636
185.97307135048356,0.7054532209394645,0.17157277554994133,0.4632452224850898,296.2387418173096
141.80146072720174,0.11829362246560071,0.31263237257993803,0.578173280311856,231.92268185065643
27.024701255938183,0.5478082371108176,0.9535812796736063,1.8840820151281115,63.96713406359938
19.54158236062267,0.69600748221002,0.43195748809862644,1.1077207634906547,42.75668841328225
180.32530185803276,0.03223458622963926,0.4415992548060931,1.5089008025547463,355.9052511221979
70.658149607669,0.448741399145682,0.15306960204421327,1.198391359118843,116.7630488962259
213.48779325874762,0.6841519369858398,0.3045543046142848,1.8490037304936358,456.37226970466963
183.01648853672717,0.88973098785485,0.8146861329400464,1.7375636361926337,493.9346460690085
167.716563609893,0.29923010060165645,0.7861989744032633,0.5227495827112478,246.81015284609003
67.2261496057115,0.9742165296843303,0.4354987989430482,1.7694189439117776,180.3890266947823
170.29221230567748,0.8445414996596974,0.8936522621571245,0.6000787175606261,393.7034382018602
227.58137044130274,0.6506350720818543,0.38025891706282233,0.8819609028613233,367.18668486548796
22.428580331751256,0.3919255072461312,0.864329579821934,1.702467156237806,47.07212887621837
78.61595275985407,0.7111103761994986,0.03156555058470267,0.6480381506780142,135.58378066643064
56.704007578051794,0.8161932690703534,0.34723029022971075,0.581543836374999,99.63435485544908
94.68340718895968,0.3032998748865573,0.8550684780198353,1.33731369879184,173.66075938803402
178.28867083752016,0.9928300649070293,0.9013095614743282,1.999352724827952,458.92447184035507
114.08109825138008,0.908619369754639,0.7564240412203824,0.2621139621828963,210.12561936598397
137.189980165799,0.48550144034292264,0.6698658168957007,1.402121293039406,288.2621880057517
75.740095694763,0.7228299157753952,0.8155049094622993,1.0539107758104367,173.46283882518722
34.33877946736058,0.5240088946187819,0.7075581882221293,0.8212349806174069,62.939768173634626
64.43060892058598,0.7609305521970262,0.25422095446517834,1.4997174994156321,158.688711922587
206.39343214745588,0.8269822038779814,0.466236900694864,1.1096726588192183,411.8176398836938
144.77886243574181,0.023222555157042524,0.6607049978861596,1.595622296082792,235.92482931568844
91.02828723073748,0.07913202970064925,0.5878027571183043,1.4877078894981663,161.21466282840268
189.68248262567323,0.336467415876727,0.8850976071230604,1.9702379678692563,449.4272021112745
15.937555072950648,0.9176136326323495,0.47384464038782836,1.6217316970600923,41.74083031769881
61.30691555741137,0.3982735831433897,0.1779873780232063,0.13359959485719375,94.92260687378409
55.60970539673276,0.8875122152019242,0.21458203741288162,1.5591585910882508,132.59423719578368
236.4948126392892,0.46243391263175293,0.8460565588592908,1.2994064404159018,518.1700877648475
169.61061048306607,0.2888529203115734,0.008720954223112032,0.1795807004538903,244.91585747529663
148.45973176505873,0.9006451830624952,0.8691303619968337,1.2109784570361875,313.04289031035626
1.693899188026259,0.5606707689186775,0.05558808560398476,1.501607201135079,3.3997957922565085
44.64224550052084,0.3604842950300413,0.3916584680894054,0.3943890264887777,84.50855745262024
152.71213966705224,0.0444070036278168,0.800176227445629,0.8698232959471535,259.34844805734616
91.44277869235894,0.11093313244822389,0.407615376822399,1.0849725764878158,157.02086107895067
221.86515189113507,0.1393103276415305,0.8223481870540525,0.8263054371916794,389.22532744566587
183.65145048445103,0.3648362904106063,0.10029883452578314,1.7520096059025485,325.1810621051573
107.64848543658672,0.607332955744344,0.5115422264351864,0.3378064108471257,165.00912201468884
180.00883712041576,0.30759011442192985,0.5824740179990092,1.5431111051137099,323.44031763590436
234.10933555638007,0.0655276337648002,0.8908685972372411,1.556182385076132,464.21592397131303
110.90490751600221,0.2648087373173338,0.09362140633919336,0.8960599217853185,170.06796825202795
154.38495014930373,0.40868165089961017,0.3386006852829976,1.0789559838019593,282.43289943380495
220.52017530718018,0.9922699286723291,0.6593480948968385,0.307124898625905,406.3554478028377
60.0575815576635,0.39298690475093867,0.9799300818600778,0.390315144241308,80.83935018836716
212.83062032307367,0.08919541874744397,0.8482743239578568,1.0633296242042354,391.3214095296796
23.861957272129345,0.5811148144739334,0.8464950616958895,0.44936156586698317,34.05196799682758
155.80333685574132,0.9196400726262897,0.5171825294247882,1.612930769257179,349.12863245385165
187.98973813586036,0.7866956988617501,0.5642991220864982,1.2324361667640487,353.87014760013386
147.69818951095604,0.8362183091872366,0.8585800940806521,0.11315735680880668,235.59925614637646
119.18058559453405,0.9282317961023304,0.8696255862567596,0.7157533366766167,253.13940500815897
148.35463043220182,0.636543503385538,0.8022745654721117,1.7168518627364888,388.48121632976415
36.82345825267698,0.9949227306534987,0.8185712751845756,0.5548880960672411,63.509974738789076
52.12918512408729,0.03328156987965081,0.8796298590008821,1.4394357774983457,89.968243082576
65.1408928775439,0.8348396761435622,0.1137819310919298,0.18760027599207318,88.5514518756373
143.66815208089412,0.8570106695222617,0.2926393769049709,1.8610673078987494,330.30100282073744
106.33530716194439,0.916700390761965,0.9761135339536076,0.8986913626675874,233.04555217376907
59.05196427535857,0.47816945763584906,0.5447761599639952,0.9831312711834987,117.7074762164485
211.93283504862694,0.7877559236206,0.176463860041692,1.1396602624583392,343.52987904635427
90.05428075022701,0.1950803991211798,0.5030556331995272,0.72686467920025,146.74082812388292
107.32459675555893,0.6031302251782144,0.6457841753035913,1.4505706024035232,209.373319741574
98.6234078334842,0.3586451523634614,0.8282219839376573,0.02916713141262184,120.875455712343
44.07533778878226,0.5961736506619755,0.8121767260234679,0.3244085352897552,74.53246966422972
175.72467019554088,0.6755605071583003,0.049241493332416675,0.37764183522025396,302.1381279098865
107.90575381339148,0.34706866674617887,0.4535249869724083,1.2706803678655934,200.72191276683867
4.393577819306068,0.21623829930287197,0.020569056187008106,1.7812016291509236,7.614496139266884
231.38128171517138,0.32168790885933474,0.8881561236662507,0.12727948296266645,326.6730447051992
195.87538497710156,0.6639572451074426,0.17390607551862491,1.7049171999449035,405.14215208460917
173.79246530498688,0.6768742336728105,0.6248746951676385,1.63902719150506,422.02577864242704
208.6475029891877,0.7413169360240989,0.5706183712804003,0.15325132432395994,382.1053733472034
217.6803372385293,0.126536608572706,0.6255294346428657,0.28645684755783773,317.29998545894796
81.32878467907305,0.8185173902544616,0.563416622831408,0.7000906484609717,158.15554196761465
146.8246034807993,0.6881478015409555,0.7155886773666076,0.2293392287101903,274.24393072259295
146.30947030473982,0.030505076690639177,0.6261099660231666,1.516572270200967,238.43749495140295
64.51827068013797,0.3355978494350508,0.09030024677081427,1.0081386275289757,128.32765826653974
53.6575642215726,0.4667112559064771,0.3667679510074402,0.8215292165730406,83.73472266528967
27.780787529155788,0.3606174903868148,0.5465934359346518,1.4498952505195828,43.955135809549134
158.40574992199043,0.11741688820841312,0.32519742589817713,0.5857907461285328,251.77223593383238
187.53009835187177,0.20734628450500703,0.7603308848068839,1.7430628302293212,358.184056252593
182.7482385943224,0.02456139491013254,0.31789771505499187,1.3079334773616167,307.2282467420029
76.24795283580136,0.09307716135256283,0.8286841743030395,0.6930106240904503,104.05396312556367
49.65973418641593,0.26630011772454476,0.14673372098148374,1.0797453806430597,103.4785967069913
109.14059573988195,0.8199702656357306,0.7693925649858748,0.5188969521887834,245.78753213254114
131.46182372760228,0.5266375099372003,0.1834654407851889,1.9699614815233362,343.3288035458466
220.6213671484691,0.424497890691106,0.5280152804121624,0.8712086532847569,392.3944793666754
210.02014544863596,0.662162943958549,0.32052437296392267,1.7935483053707517,529.3110076305653
219.89597034678772,0.5415105603250052,0.6373344359770395,1.9560409145493465,513.340452834222
204.13784124006713,0.13151392675562623,0.21274040984159737,1.0715849199477991,364.63407710841375
231.51719846249654,0.22262336382418957,0.7954097333518926,1.4599911401940306,431.78341020236576
111.98724932198925,0.22252236099060763,0.5735838663664402,1.1444935738824167,228.70879860231676
11.8699026352261,0.5999525126123422,0.9572731540926742,0.18313526556144355,18.622571547538296
20.513106699560538,0.46162436618934644,0.7117703289157948,1.9048361052347083,45.251556285117154
93.97113595447618,0.3875850625608537,0.607395539503251,0.9132729020305292,158.7693489400889
62.216058359882844,0.556639172881788,0.8291586904463413,1.788126247123059,146.84778067674534
41.20077163097562,0.9701157857825572,0.21968256776177664,1.3112106918771236,89.50555947872591
228.79230399482134,0.3141934560558768,0.6327424608644573,0.21038178206823788,338.98559374583635
47.30299142434408,0.5201954336335173,0.39040384959485164,0.8341059419326262,80.31818385347567
230.27133571949784,0.48037001564411563,0.7437909791464383,0.39169630939163946,403.13203593407644
182.7209022569291,0.7166430317458448,0.02446940949126586,0.3397197289751197,341.6043896692996
154.00648847399103,0.7302902679829161,0.4277120965269141,1.4301774873667883,340.7055220230408
162.40654094140612,0.7290707214130405,0.6517019018329192,0.06003997464292321,321.10935367118714
79.8881005163602,0.2015195799387448,0.46063933644216026,1.9322811377879585,185.207945811828
155.31927561495857,0.44909313636118775,0.23797159571375093,0.8998467518921687,327.98156952222024
45.21276232836304,0.8111746910291375,0.46434925167943586,0.9795153621174637,92.19210402880836
225.0804510923671,0.38153017054064375,0.8497445254895262,0.5988577919423093,313.51427516397024
72.77950492056215,0.9842551172899289,0.20683901729813214,0.17123214562485622,118.64451007851167
61.61716969430335,0.36478674179219917,0.3671721636296432,1.1764853567230096,106.0989394954948
170.82349016750072,0.4976668273419682,0.9903355215001276,0.6895089970108559,280.03649721874984
157.71946797685055,0.47452559480254686,0.9128171688904493,1.2481452320888338,250.40743739220224
108.5860909432216,0.4336638024692425,0.03396834212665567,1.1115396156147075,214.06822266735907
151.97087320844332,0.8456313683196216,0.5303319676020144,0.4338216936187893,227.6574069382838
38.69859068672505,0.15527523754801353,0.06541302684788353,0.923307844815257,64.63215511258707
161.76212962276824,0.567664706413983,0.9239049236577108,0.6161260187791706,357.28105375358194
65.31126149924893,0.6186015773554236,0.4415449126850308,0.47944816245232924,102.22601325866519
65.84421641401153,0.8512213080693708,0.41843700392800165,1.5394087185938043,158.77114486421092
39.34209441903641,0.6092001599261084,0.27294603183931065,0.023813183998416587,54.99207995805567
80.10432384116143,0.9600203477877807,0.5688189803921538,0.5377657172502499,170.71805051398044
79.83462894456308,0.8721677122609289,0.14499872299339278,1.0621713673439754,145.58843389796866
109.27587330269348,0.3487399483527315,0.7989550005355471,0.9522919768609157,193.99906654853262
46.1054713675907,0.8599064452908345,0.49121034484658366,1.8803306538391236,127.85382857664762
46.72530491002453,0.9584778140934557,0.5664628913141605,1.687314962514488,115.51078949259144
130.2463879133432,0.2571971809245863,0.8408047476545205,1.5032052543765153,217.51925657105895
31.3661384185788,0.6102088066644085,0.185148773884949,1.0281562665407187,66.73560686802936
165.49083341332602,0.28180391234213553,0.1751830733421157,0.8578134647682647,230.57372755042883
226.57533664409186,0.6495672790822176,0.42080167286984616,0.07313913715759113,349.58962643035204
102.71755138861859,0.0936428045470219,0.7861282411946006,1.6433364992776378,211.08604877061532
216.31472249958708,0.7341880218690575,0.05854555352014612,0.8614258083242241,410.5391217583727
24.046823574644534,0.41981982859534284,0.7951702038987456,0.6419347834453122,51.399792534958145
10.788351756466874,0.5873071786764368,0.5007565935918098,1.2132687598885632,23.366812915108877
173.26784616456467,0.02586240252349814,0.5617634499482246,1.5082756377994855,305.00282550042556
182.7646667290684,0.6954414552103283,0.5643859382791732,1.0461026410654717,392.2813343717971
202.41244871129743,0.4959913541352434,0.05616738895772022,0.29916635095078337,303.1998738487034
14.10783397679555,0.625251007687842,0.2497707977181448,1.8432929414080896,32.32067711564049
186.5692396621609,0.31566797237617406,0.7552974515146977,0.22569897985275933,275.7257348182436
90.68102650478134,0.1458201734214144,0.41226811948928366,1.9391432629934875,177.09844805778008
73.14936302738657,0.435428941996142,0.5605169822518542,0.8849542038613285,133.13868439364433
41.93922916171961,0.9439791212863633,0.9448686220265471,1.8932463884525492,104.94852639446611
239.04577334705522,0.22779402665380533,0.04627176831736124,1.829299519475852,383.4802499055194
15.747429641867837,0.6758390120352517,0.44968036567381975,0.8125345309805272,33.08387459488328
198.56841949861587,0.04984354403454139,0.3612741328478981,1.600050581050801,340.48190724695564
153.65891729998134,0.7180997852669284,0.10644942619474118,0.17954506365353118,244.14441891046562
176.55176640071718,0.23843718680149306,0.950794348759798,0.1654685385436001,228.47284228117624
170.95625022127024,0.45151706022933247,0.9614595897485434,0.7119132074427124,283.1758898575926
206.09505917502722,0.36775310059477406,0.3114881541894069,1.219570200286337,340.5377322165883
44.518200730537934,0.11284034331735548,0.9467166106890788,0.01864213963896999,61.029317012189246
0.6974957319071478,0.3455819525117757,0.0351736067242856,1.0303502500195028,1.3226119068282474
143.84757312586225,0.3501249582931856,0.980895990336202,1.95129380749708,329.14389878103793
85.24914411793849,0.5221056390297516,0.8359320164086644,1.7168908572003916,182.52028167546675
30.147065802554476,0.9723515329399873,0.2143302208112139,0.4649412395044983,47.07653802674351
45.0802316079652,0.47001752251063034,0.5995471539345885,1.0561375238601498,91.91517497058993
79.95396033398389,0.9144261556326339,0.7982993623693029,0.34281753823335603,141.06367256301067
17.320892327365424,0.4615576585625554,0.319298964007779,0.5265202947259977,24.531269771114765
14.13071190976398,0.10754330087493946,0.3537517920928296,1.8460016769545493,27.83788930262273
219.88828803237038,0.23015289527594018,0.6289727755929266,1.9955562695220277,459.262290902828
75.24860847021024,0.40751767605760025,0.14709405093343786,0.48512197623569353,96.35527701026642
235.7442520449236,0.32536877297018474,0.1182106097224086,0.42413574601573534,289.27360333675205
231.46589849513077,0.8658292875324917,0.24980527811942432,0.7677186486831482,467.3208331707019
34.645822117343755,0.6786456021965513,0.7412597453470313,0.8917128447040901,63.965353369076034
171.72437054363772,0.5783084519186734,0.3665992264115566,0.17849733526177625,274.7391305160253
144.39277094593308,0.49122955123669054,0.5073582216517943,0.295417327874788,226.1449969168788
165.9099740086843,0.39727061828906685,0.19545055680753265,0.8496545348472222,307.14806466537425
23.537744503466712,0.6121924398320113,0.1941056673495719,0.4708411361329663,35.49200400726687
45.66013883297665,0.124607165444381,0.65045125923481,1.6898695389567948,91.50727250826894
18.854959417486118,0.16253318821690566,0.10837525186845376,1.503093124285625,36.13617321587617
145.19014214948854,0.30311635339669996,0.6678407272164062,1.0726768617614537,244.9685916753213
236.7885626658573,0.1711846164610744,0.4007018523489062,0.8652586381368028,414.39065134155646
161.44029676907698,0.6770987190248167,0.6712709136176256,1.6619756064279825,310.6299285648506
170.72738763775214,0.024768321406245297,0.38172947701548865,0.33199068714791236,193.16171804097252
236.30811744961582,0.1601774916667501,0.8460521836494983,1.774775717734865,402.8904118982638
162.88376722414517,0.9026081094988033,0.055556169215654205,0.0981547667371292,247.60252625008607
10.123486644518644,0.9975431482220869,0.8932973118121769,1.8467889235776584,26.31537079880133
208.14784140515513,0.48759047782809306,0.26866117723809524,0.2776201047289757,335.97849227521544
87.84045054572171,0.4953700730217583,0.04254220996548164,1.6241980880743376,178.18779129604238
1.54508735277433,0.7733987622374382,0.5624044218821825,0.03609015678856076,2.35428227837452
121.98258552581653,0.036189577620575064,0.22435423038109636,1.6301563408168462,185.29252976013487
224.91509270986515,0.4270214819009781,0.4592031231841197,1.1681415462797702,372.6627586777749
62.13069958319848,0.09982788181495983,0.8023142060621036,0.03806850185099253,78.56304349193259
118.21740494615516,0.40092638265648595,0.7915467607481518,1.5484195190484933,270.1224356016529
42.11956462388259,0.9838218411288748,0.6003856162834147,0.20311460209497056,74.20886635168381
14.317394864112403,0.7536332808033611,0.9778719086576473,1.0798108518057963,34.53897944535991
19.79051473779061,0.985045875685218,0.4637510952459968,0.6640078808743188,36.22519554528171
174.61911197774464,0.7460486256706017,0.03938839035481334,1.5183365225959773,365.00977109757446
207.4458357427447,0.6081100718065884,0.8194251498104737,1.7064431433453007,464.6636165498037
34.82007200097162,0.7542208329272434,0.22129387005686074,0.9285534020057771,78.20044546492768
69.55229699060726,0.6590916729709847,0.1762388089970245,1.5158804271139168,150.99193537235868
47.20955750093614,0.4640660299019084,0.07000992196649158,1.8332498648740994,82.82846603444224
6.9319585738794895,0.29254633400521,0.32789994363863884,1.3784010749486295,14.192251633419732
133.04681308793258,0.5201780593343549,0.3261589670541879,0.6439809721883036,265.8212593842048
168.1313597479666,0.2584934739014305,0.30277153196645235,0.9266241591114022,268.76731007958807
155.66665667197438,0.4866763464421453,0.5931929397686775,0.45999548026793335,230.99029999176577
93.4388245788883,0.14613540592108598,0.7515421693281058,0.9168166792184183,166.77112591257384
133.4249539026073,0.5653950989700408,0.9377667186473392,0.4917809581149959,280.57221547310564
23.03678393937581,0.24528369081210477,0.09405007868014759,1.6144994497149177,47.556959993883034
37.45574063408292,0.29360810394156966,0.15038183248814696,1.219834854527617,55.437510539453186
223.66481138293952,0.4990281417823884,0.5898425105245673,1.266491971438933,481.19974657503536
182.8811056028653,0.16252625302158075,0.09813559387726034,0.22052657694169486,232.61736689402875
221.49601345012758,0.9623798836359191,0.3707642846192629,0.0029206150973037914,339.3147705213043
220.04492813759845,0.44694431539287616,0.6245522305460369,1.5783732697951056,524.9291282369331
156.0295317973039,0.35227922962675107,0.7805450320388616,1.0846128314565513,302.53838069804726
222.81315622286357,0.02919660509258093,0.2175992874580316,1.8631067496829699,478.1417362790615
100.30063268824993,0.8432543631122329,0.6679855640970118,1.0744784779792171,192.92349176733524
1.3660906259933543,0.6258339153063843,0.6458696658472133,0.4293570486292766,2.4380617437630363
15.485782245155171,0.41640515484129725,0.8596161262583144,1.3969531705126732,28.961024371211277
26.722214505345242,0.24553279933847572,0.3137474957639904,1.4019659606255117,50.57709641091618
23.33715203729503,0.7451374186753852,0.7500918648881766,0.13106520832110102,44.95349597074891
84.7327226086381,0.9454745757416672,0.7519998644414946,1.3873017946420942,172.4771471740806
168.45435830269116,0.3808097056520202,0.23919454199125745,0.4250564450488401,215.45150180042384
189.86038918081854,0.13487606837923127,0.6211578377584276,0.5090412315717183,297.1391796743576
141.8560792055376,0.10919474727273737,0.6751620876684642,0.06282939251156128,172.93034979069657
35.5714638063966,0.0063619723338859124,0.2744284126222738,1.2547444455457333,64.30244240032108
179.62243371448798,0.7439554407717219,0.4517999953646392,1.4634587869310156,367.1402857838846
85.47505963345495,0.9813953859016705,0.435777727256493,0.46098332630100636,165.2777789986982
3.611907006895201,0.9928177527535682,0.7735095683710361,1.5850778643061525,9.642825309720209
67.70097461759347,0.7841972543429255,0.000691255913743638,1.524062572281316,151.7743501859035
79.6788327167642,0.16218377829604358,0.5010266114566932,0.8195324163389013,102.35250463556173
66.18180568473565,0.9777094559131215,0.1843408135638115,0.13645032441122806,146.81980185885828
194.94290168842676,0.3278134430019509,0.6468419680554339,0.5603706549453558,314.8834643103835
182.50237222378462,0.33361960949254366,0.6803688629709497,0.3308582978581964,235.19514778049864
167.08471128382763,0.6873369528924389,0.5011265086935832,1.9176364742543635,413.5870071236588
33.79171630368754,0.049049187074451384,0.5420295417844102,1.6354885283592253,65.74078985827562
193.97622137465453,0.8257697299075593,0.3150581890551687,0.1567529428484209,354.8578624619012
162.68364281836602,0.997297276487744,0.3133226793003714,1.026920058485513,385.1771061287081
47.163625912293355,0.7750697780899174,0.7451170598503605,0.5337726591514595,86.68446534186658
155.71849630242318,0.7816764912073332,0.13173136742631975,0.06423595301441765,201.1791515776749
116.30103802038161,0.390313670566551,0.771503314693293,0.6446025417783405,204.7220045141785
105.7243398145659,0.06592138901565692,0.6550131816019255,0.25517058762798617,112.71008136569118
27.353497651637124,0.7926674342344233,0.8844746846554981,0.44546404195993095,57.51740507492313
124.63387406491711,0.5971580869048005,0.2601446921997975,0.6530809238570385,199.6860550108807
24.433668248881094,0.9093386891220844,0.506179051816204,0.8177809002956735,53.27424960014907
39.83868624739686,0.11596290016683253,0.03898951152923191,0.936884906386624,55.985502078082675
32.24484226880567,0.3051230630941083,0.9125065750547853,1.0403945427327788,56.127915310814366
229.00893283726683,0.36065615372338644,0.6753914606791583,0.7400015288866253,355.81439354288364
68.72509336131166,0.6832797085446914,0.6228752490714417,0.9966991819184541,147.64359105088823
85.57143550124385,0.787745163103155,0.7326892009866032,0.8357169188372406,162.11332975935903
77.63830520790064,0.9610204085844203,0.2843288567593645,1.928877955193908,212.6776852736398
215.63098162016544,0.29540715832415443,0.6038602687522343,0.13528174119107095,276.1253870850948
135.3303357647058,0.4936364085642473,0.8009219104052452,1.1719026808970987,263.39050550147033
220.63879579452816,0.02896093008129841,0.09029444470406423,0.38729434276115793,267.7807325712783
72.33201494578098,0.2529878781088879,0.9588168892902992,0.7508757065092249,123.01412957109645
28.002904526451772,0.37400350811964034,0.8918868025013179,1.0929316197738281,48.17288683762156
133.71431942743982,0.5938062065254482,0.9630188339062141,1.5196188948453766,321.0507890906809
83.25610953370919,0.47084549359917405,0.8083485090316044,1.955462223577352,188.84544462984363
192.55668662103423,0.36447505977699735,0.2943110924393203,0.987243326308074,352.0830691340283
211.12190643434224,0.6240779665293416,0.5815554676346544,0.5139582319420564,367.09571641345843
113.68135586224369,0.8286156771170003,0.12016242223839868,1.5831504362673527,273.5090888669866
233.14048626847924,0.24168113298478922,0.7541667316660561,0.44314489969474646,333.59492908116107
132.9466150194852,0.3428758792604123,0.15363966599281376,1.0156813444355373,209.09189400724213
65.38543421602184,0.7049236496870199,0.866823934924232,1.693422595299126,162.0056107308656
117.60963592495375,0.7779405987585303,0.24055695251281128,0.8075970179215382,213.8095681725227
9.43581503050116,0.8253968717346473,0.16041190728292753,1.1139555332669497,22.345368435035248
193.05827788300468,0.20933121889702866,0.07090436369097253,0.23910003814749037,244.20397944368415
24.793694679633816,0.5392669612444156,0.7113651280508115,0.11193554694585539,32.700905486489994
74.4452629964697,0.9000110985252844,0.18620377690502332,1.9725649414664403,175.64986992875416
135.89331300768393,0.39195045509149173,0.1976678120617199,0.35779138421588685,177.52010484994068
10.79254259243228,0.4298830902215557,0.1696966038627783,0.6710980739104968,19.26376171925673
19.496397353956855,0.9848229439006858,0.3057951224684943,1.0093697743483672,45.147004461976465
167.21986764831658,0.11305264603250542,0.9412114341283937,0.7489432163948171,262.5824037217506
17.69061378805411,0.705601989461636,0.4866216779243221,0.19467812004833718,29.74202075076655
114.76134646624668,0.8501841270408919,0.26087793930576675,0.39382824779660597,202.12015490101103
81.61760420426971,0.1507935166340174,0.17039075970445883,0.9868953358066186,139.41201844048885
55.125018205561744,0.7144532360072374,0.018901419705438016,0.8776031516241789,108.02013391494273
45.71254603834787,0.46973822201044224,0.36499264706834744,1.596387687551158,102.19753296502908
183.33700484895277,0.8528908846746432,0.11006147422608215,0.6235759145065907,333.529561813491
228.39435525949267,0.9074523168359061,0.02701199566916257,1.8806302404536028,522.2983030933892
34.07304825769795,0.8724849031545734,0.10297970593583294,0.565620714300344,66.87055461865386
230.3436519922034,0.06438513757901276,0.31852151639240633,0.6625973155426095,371.8046022331757
142.94561958228735,0.7568552768149742,0.7508637014382885,1.8986266584993339,393.95085908989375
154.17766708450006,0.9215275749858294,0.0669862511685263,1.6809667553229368,422.74604998453054
170.52736756514835,0.621348440670931,0.6786739237565822,0.6339359317666029,313.88255241515026
169.13647423992214,0.6008760604784902,0.6205425288012464,0.7905693822023376,283.77661999544245
196.84476041047233,0.045005387398110996,0.8819902054667879,1.6845205506381322,349.31341145116977
116.29074199777354,0.8560330222059385,0.18398700847205907,0.17217886842768304,220.60314407287146
128.2393817097709,0.04640356082916153,0.7942677056789741,0.5893526221142011,150.10785744684586
78.0565670899881,0.31350960638467396,0.8648652170480753,1.063112195725081,165.04360996031616
25.709193711056535,0.9258630652872155,0.9764841316517369,1.657808353784599,59.76937751577174
159.68132572682947,0.9497451427295122,0.8085493580191582,1.1292333480397454,432.39076666053376
8.549587620107095,0.9919005404759226,0.1237682008191836,0.9795576944947642,17.893714419791525
66.5145947344667,0.4764022856128862,0.9471290101634308,1.9242351373063284,167.3220714877644
23.068052534841012,0.17742954638101083,0.8149920528037838,0.2328207883018496,39.04924377037373
46.179154178790974,0.48794448682908387,0.21232518445467696,1.5601318513639444,91.8741566253706
153.4760536389227,0.10231292508304923,0.16519740054629517,0.2540697150506539,179.34776118603102
151.0201529340779,0.8725361089699698,0.9364141504003813,1.4656548794078639,336.59621070711876
101.34265166247305,0.5605372332665048,0.15569862610587848,1.0861792371254433,171.5431715548078
22.096188369233133,0.4045058991667553,0.7771033854090867,0.5292924215411547,35.063672908560555
104.29305299202831,0.0795307024808044,0.40525925426315823,1.0866741744835116,158.95443776835157
84.98239681006127,0.40524067681663045,0.7238052654927587,1.7588321741059176,162.48328179498696
173.04996710899997,0.8661916083901089,0.09185138016664873,0.9443673441135514,339.58143171457954
139.1768726636729,0.7034059324772127,0.7250582877384693,0.013157131725579418,231.7747354191778
118.23000127721126,0.08245551751096658,0.5119113773190804,0.11321121613250096,128.80845445776447
117.13220871204635,0.15990719972617584,0.9003783853388477,1.265273954892583,211.4898561615265
231.9281044988703,0.3923084907075046,0.18839841724395645,1.355863123841505,502.39175053634574
181.6324660979764,0.10137508268591866,0.10935607797500146,0.8035497755254508,225.54107161043842
119.52660473020062,0.934041191993271,0.19622029848486577,0.48556077427936617,265.39952165134923
115.27381578691013,0.6522920446308759,0.07857536724937997,1.4319331764713474,223.87762246836422
6.841744762538746,0.09482300130394505,0.9801505408617438,0.6083223490798986,10.551201459346728
226.2309685650937,0.7880574623804607,0.1228566259112791,0.14802317167527246,408.5168268322271
76.94216623827545,0.3684059285719429,0.20085094559469385,0.8192210790075058,146.5574581227112
61.79741011043813,0.24487064455322083,0.8096857472763892,1.0782771903171022,115.82307255109843
239.85843763034728,0.5699849419396911,0.2467543957017866,1.9312575946652262,509.7828452074369
172.6261763253336,0.013372133120541307,0.2222933401905378,1.1844434256673477,251.66939604493808
11.843623705179471,0.465397660104255,0.6723097804076843,0.4166402922598016,17.983316677348082
15.32157174762556,0.8438049930951695,0.3987652304398289,1.664387169978777,43.158303352412055
6.60762456846739,0.9280575959855684,0.8354791538003123,0.5829639836100802,12.810313901410868
144.10872643333215,0.34255470441643976,0.6382693456625962,1.9185563671495507,327.4332624521781
17.639697764837457,0.6424365881650443,0.2882147170844769,0.6506245333487954,27.84087672482504
224.0465114643609,0.22682343836883356,0.5979232756196964,1.8190359109152707,410.8665578532419
224.88911633543137,0.5602130709847091,0.8664616215478925,1.7579079363518315,521.1265143754061
131.2799489861651,0.254027726153189,0.3644829605524619,1.7279854950994125,255.08999310693585
148.1850240693302,0.5713565086274529,0.7364707215242334,0.07877056071849409,222.373236155389
70.40870916529732,0.17172211729323095,0.41583298037715377,1.6997399368955808,117.07093051173953
15.821423906781462,0.9412325567607434,0.5430733977784997,1.4426002379034335,37.04413728914395
177.1217766234398,0.8869174764072917,0.7337000277982368,0.6685965527990321,411.054643018021
24.87774430538968,0.33691824944883986,0.06052737130984387,0.9801968531114549,38.02412451464376
20.991055023905158,0.7766628889249426,0.45494952234169117,1.2798300803544167,49.47022252979025
75.0379346544116,0.09550413073219455,0.09521351599261951,1.8870739565117143,94.5726930818988
3.4855255311727533,0.7403609087054239,0.7250055444720932,1.5601689754734729,7.41777017741187
104.45152997363768,0.28245912961270414,0.607806265185139,0.8570014845903493,141.84159446443934
169.98957796417838,0.1356417686758623,0.3269296603892784,1.2908414128691528,330.034071294357
192.4230690755544,0.6781912179036137,0.07628151339283551,0.37174175088760975,339.5040142722064
145.23159925984166,0.46980681781938927,0.9258024620299178,0.8478847914657976,241.35261418080597
203.32637164578207,0.5301396017304439,0.315003720547662,1.5826026666049662,442.1535796531399
97.85727780222292,0.5205297841379208,0.27537677739674027,1.2131794289915834,211.98182594560276
203.78091437198415,0.05944798210601954,0.10100497091758365,1.5664982953423812,407.7348513671783
121.80035786436184,0.05138024909267702,0.5773532090965804,1.0196334709444461,186.52327631405018
53.91715265559173,0.6011675039480969,0.2656534553896135,0.7602868685896598,74.80321992849963
226.6228823751816,0.6238646423554166,0.8428530822117779,1.4850807561758925,459.03388827240195
66.3555242839894,0.047174556515114596,0.6827667836268154,0.1875097169599207,88.43764908782181
6.7752554629764505,0.37843933188781775,0.003914905809406677,1.9572136684593575,17.439255427430282
58.62043328772895,0.6128512795604274,0.5656746116660285,1.8967475480080682,137.22601564609366
88.32167092115394,0.6566806557530763,0.23183467681972914,1.7607372124057286,187.56942217629887
84.64824914777874,0.8282757592765515,0.015367120027799941,1.7685561976992912,245.2873766619497
126.15786851173542,0.42073228359688086,0.6193671629874459,1.0221122410028518,242.19367618413037
212.00888824760366,0.5482577811469688,0.20491436020542675,0.9958914409077433,342.4625548806608
70.51500539277295,0.5785603756088172,0.8996358099532292,1.6401643429665071,158.58883988775662
125.22456060622093,0.312045283300319,0.5733807409533367,0.5665130244016108,215.0173849333439
81.9632794083908,0.0538254024416116,0.20918510972003623,1.6998275588119705,149.55270264205436
197.3146477198815,0.0042259262051046464,0.9791274396872415,0.4017604238075674,289.61798669987877
38.245562432590575,0.8361254161185249,0.5464415666111155,1.7582145421558621,78.11783208508429
25.29070926025901,0.20023182252238636,0.16547217212637522,1.0821704395713039,35.678019821628006
120.96736315040562,0.6302546641591356,0.517242170169074,1.6864220553168074,253.4822302826521
161.41707679083532,0.5770474786439196,0.9593490582230992,0.9862855671379835,312.40512241855885
191.02828566123858,0.39963307674051896,0.42421023084221876,1.2168643721230197,371.85843569733294
141.71515227082327,0.8334933087006338,0.425345511894738,1.8535722603481513,369.67843139508005
185.83701783590064,0.698401595693379,0.46112672222479856,0.836424504616198,443.2603063723724
94.55405902534125,0.022741463439172938,0.2801035511544888,0.4405727760812932,110.64193724596458
8.371807028819319,0.7766940733566847,0.16178361304365152,0.18196067692677742,13.102869631001328
28.305784242422792,0.5069988180017623,0.5789277033684264,1.1799581273124309,51.66123452593884
9.774062994344584,0.34701928908284685,0.8942001967175515,1.222170240680024,20.97043018271513
79.28200428912,0.7268846565116779,0.7357297419014195,1.2414102186823242,190.980500949206
119.17017623384942,0.6860656296462694,0.0961874076375514,0.07433224151621065,170.37820105401542
85.83803733583699,0.31058823786894907,0.400848976055428,0.05483097381079638,134.50729473678913
134.76357427840094,0.9830388714978814,0.0052958799055020656,1.790834040105854,306.23958348873606
115.60589106402266,0.6487084867117533,0.3079403858870764,1.39100396645073,268.1637697535818
162.8673010464137,0.6057797124538936,0.6693765926140859,0.22663441597327694,301.5185796312962
160.23743817343578,0.06988036348177207,0.2902342834910102,0.14927358748252595,161.23661448878937
76.67636323252873,0.27931878034473745,0.8405583190951664,0.32371402818286277,119.9167429116228
83.41836205898142,0.44697400232644147,0.4773842135407116,1.6138379601218131,127.60480277603399
140.64290328309215,0.6306257043096763,0.6691681628399424,1.4461720554872197,332.04470156381865
143.34557605985663,0.5127636307303778,0.8838652232814834,1.2773063779828755,263.6781983974696
75.87062931609339,0.7630329334713912,0.6828103086494227,1.2815815742138827,176.03366644060108
79.61113364321433,0.2625677124679019,0.8973262042854727,1.7177477331634858,180.24856099364297
166.72378065808223,0.7021569952824843,0.8080653559253039,0.6669174767262567,352.6230104397617
155.55489207881865,0.8165970468911625,0.5670642453943905,0.6444600415607677,325.73866481467087
32.844667720806044,0.7650499755829533,0.2972331000174744,0.85085365934389,63.86569530497284
106.12953018225673,0.7708465845880335,0.2981424046513561,1.9793520241856268,249.65716168047172
214.30310585118636,0.8885070572621654,0.8753310898583561,1.109797885205004,475.2977042852218
9.195209427021814,0.0841785424804895,0.05388422973850182,1.093802270093759,12.716114994503846
205.31176518296917,0.697191571374103,0.9414368480968239,1.6191875728018763,472.5238082071937
39.5811686168624,0.968678201116461,0.3270598001921776,0.35612899882718807,71.04925508632817
121.98604747458096,0.5736506498745382,0.7388710598134054,0.8108020163670471,210.21564909283512
102.12857472706125,0.2173163119843926,0.33002975263744827,1.2827248123844757,149.95769678590045
2.925976293279388,0.9987538057742129,0.9533013892331607,1.9760335368406865,6.916860824426729
219.73756643296687,0.17467729282147892,0.03647403015672579,0.30893919339615783,189.52118411488036
109.4545919465662,0.3355576973748593,0.35331887664031647,0.9040535604535243,179.12764481739492
229.04725228416729,0.1720621884171678,0.8674610470272441,1.8111636042097794,494.30668156461223
69.17516428452268,0.46451286875006825,0.2740565391369737,1.4510621367908947,101.45163492539503
207.97304773312538,0.4188760096109583,0.2756194765932758,1.2275604743898254,399.02752489643086
221.4123029719535,0.4912408965105728,0.8987518160686162,0.5142167260326989,374.5202363162578
133.86136372080196,0.9279834000554296,0.8305822531725856,0.3744214683841871,226.90937219806162
49.04133019431834,0.4783243858342251,0.10577119529638923,0.7484245870632691,78.21454637883345
164.61675998931995,0.5146263262136441,0.5801799098693466,0.5102158127173162,303.53143339395837
131.9802469338057,0.8866821059184681,0.22339518833992555,1.61695179771936,279.2457975916203
226.7148549717039,0.8177579940148323,0.215138271764858,1.4414068555863842,507.02440802985336
105.70565880361279,0.23972203122544422,0.6154039869035625,1.6703962417686753,220.73696368211822
64.80901860973736,0.012925955228850206,0.12386616416501262,0.3421646214089993,70.46472500576203
33.61973685783865,0.6294995922020511,0.469779001002976,0.6199387167394241,65.60704462096544
167.82273970045972,0.84484982383752,0.25582173426288,1.5371029259493616,399.2923983095082
233.79925374584946,0.5528501126104001,0.8539224725773574,0.32709683312226634,378.38740462026357
7.288333051849935,0.21117692001284516,0.554494232368132,0.291210114244435,12.327762131192141
177.83666246936136,0.7413550906753068,0.21510883126161517,0.7661177610755612,365.3183057887994
222.49982183304016,0.6695392826112699,0.9264656527218054,0.3728737759023357,327.3746577282867
18.410177447450167,0.5650325374085529,0.8228965304067517,0.1578053160784083,28.069423065090525
26.88572580291889,0.8633361740209837,0.26529223036591365,0.6255490491099849,63.36204144486959
166.22372507870523,0.7842423529390328,0.9610509078041118,1.7511990300796614,370.36477850213294
155.6872285270413,0.6679520914227803,0.2677389171420461,0.11306585727922203,240.28954807229815
16.984165968240845,0.6647586690232183,0.2926431220469764,1.1322102414463147,38.040388008295366
200.34424914020198,0.6622026342982749,0.3859633543047778,1.1260077678284794,428.2366385487765
125.86001155885172,0.525164744916564,0.16480522045456747,1.0616811215840845,251.220116099851
217.7737709141187,0.463921644643847,0.6870161387127679,1.011017446030085,439.6524746435692
210.7788159977527,0.7096004594987196,0.5573373258277937,0.0344729395198593,333.2578459250209
195.0956106875147,0.6104944814702311,0.8944624815519232,0.09490237869271922,287.5159866843503
124.0577856505389,0.4899805623005431,0.2408752256465332,1.0224140253113134,235.85149934906119
60.784698698989025,0.1266613539110416,0.17023088659919938,1.9366185454261189,115.76572214086086
121.68113318671625,0.7019287886531655,0.3586233926795297,0.8159515610114987,218.67386814985548
24.644324983526325,0.6459985705779654,0.1461086835080887,0.944653524986875,52.9534238721572
158.29365255938555,0.3422484259735036,0.9461510281666101,1.964126230673211,346.6452037034306
32.587544005347326,0.35632316621507676,0.7174466968694084,1.5582268108714536,78.65813605029518
122.92592451892318,0.24672238413525227,0.7961916546491633,1.5402196942353126,251.75887906246842
13.524482812952858,0.9619152563650188,0.7480436233720882,1.0094708940795436,29.46872419026015
72.23324142077769,0.8602013628687226,0.24281917477268689,1.7958253063966816,142.4983374832331
56.08327033041419,0.5610490294122168,0.14065663802023654,1.162352610786131,130.03464766974727
148.99755447944509,0.40165314655851425,0.4294335830094489,1.3133946518087114,287.3042986241887
188.93541752939083,0.7368252636964233,0.8290191217744813,1.5751110405844098,341.2717236064365
14.224057612456011,0.5277281761259972,0.3305153286007685,0.8131697602101289,27.638994798796972
204.14294259471453,0.975851033915114,0.00956294222831433,1.9065405690863664,506.57052156839546
206.65386294162778,0.05512261392215456,0.6600607021214705,1.9760144656981586,383.0326145027549
82.47344329198145,0.034285734053475125,0.2000630708531641,1.1742756641106742,143.0480404943556
158.33147379989214,0.5686110179733733,0.54283516239164,0.44411077451644476,196.68625165380143
96.92582109297616,0.20327922268890675,0.014880050025618874,1.5498040346508772,164.908006967312
37.428716284416744,0.6043041635501925,0.5088498556215773,0.6442772069598948,64.42200685704245
127.11464924586492,0.7814230285471774,0.39360848576720964,1.1542070031777405,289.43636561479406
21.1831420431324,0.13810976118487284,0.8804119869827003,0.1734070409166364,34.38868006378237
210.8940812173391,0.44060822418952794,0.72181379944403,1.6147814100603013,440.878327781389
221.86739737860125,0.6886670834493552,0.03602815490289557,1.9181739177413544,537.7798722559868
197.27634631423115,0.8338635706729712,0.7895223966388268,0.18844304926729438,444.87669016322315
135.22548492105688,0.49634409003635727,0.7912274543756607,1.4631981208937272,287.28513747516007
134.04486257454647,0.2061535869060216,0.6634095483331148,1.7216777271294932,284.59429192866764
236.31346669592267,0.585799255585633,0.9292967359036619,0.21901243883100574,340.96640039601516
59.8724547145683,0.45451706872499953,0.8032535276661361,0.49359293912697844,119.01322487805487
18.68963363429719,0.7719254270044859,0.21889866460195428,0.7837424961101054,32.87153851041207
135.08485120248207,0.555576064202948,0.3815458850243225,1.6735206634135726,302.7944606699021
79.24415067551975,0.2794228449704308,0.3499232224363732,0.9868625310060948,137.0343553763743
77.7001360875266,0.7543929197211882,0.5049078164394036,0.27392660508327427,133.57055440005314
2.1969423237025563,0.5177470129619597,0.9537136201976354,0.5127421180741776,3.654423539631168
143.29933858672996,0.1775465522783275,0.6155983684478118,0.9347556817401352,241.6880780328164
63.73607169500957,0.5630723231419945,0.3129390594201288,0.0785284923104399,109.23254019223296
45.4921222921471,0.9483200598458729,0.9415177383854386,1.261994137938441,131.50225597486812
10.18344756862439,0.7055162609377361,0.7002714728296972,0.05064379282945075,16.08242600274769
87.7645975659089,0.2988033614579789,0.2660805234820034,1.561742688545376,163.02140016273955
211.01304493655655,0.7108731752928581,0.9065127688022294,1.4677018750109532,443.3059028388586
81.13265841957067,0.2826063110021789,0.34421289780276565,1.7308799839452975,208.3786514543804
163.1382733236427,0.5426888375412618,0.5162112755844842,0.31542548100631596,262.33632139944336
181.6929977347568,0.5265957637875528,0.4792228456897505,1.2051704219149542,398.0230209943924
79.0801438010528,0.24739087891180367,0.923630873299187,1.5620551671735146,171.71488849698474
197.28295603538388,0.347881199879818,0.2656633594009844,1.0314975611807455,418.6269239365454
166.20517849023432,0.9421814547860456,0.3333067468663127,0.26160865402566946,290.16022106298203
134.4385137738779,0.2505985364154336,0.66016018333731,0.19785123335425547,163.88047361292135
0.7376951401256254,0.8010270436309859,0.8866157029136872,1.2117948158825116,1.9470720697643744
8.904238438512547,0.66737058001214,0.11488409066885352,0.995215216547823,18.46876505793171
237.81236966340217,0.5326291325257645,0.20988351890545454,1.8591202734643009,552.1798603885516
187.85699967910247,0.13751486946516345,0.9480344824842295,1.6676815420465418,435.66595609151756
225.0468794761208,0.2045707527063778,0.7772971044044306,1.4474983833076294,455.27812068335913
216.6016175778676,0.17897762359040392,0.346069767487883,1.9647935210946847,516.9461582318677
5.396094462688826,0.5867942589737524,0.3576348080796282,1.389221367046399,11.450554834204457
190.1474259049622,0.9733831967184781,0.46953387066633545,0.18472546739821327,373.2067712953006
108.54940569067152,0.8772392627749948,0.6737994997526939,0.1551259550147861,201.2515978826456
189.59918985815705,0.025251882929577252,0.561041104651366,1.6317383868198758,339.6576862686257
2.1084303071307415,0.2737266244623465,0.7761199524984544,0.7214071672061422,3.3914665089319658
69.52373263753513,0.15725745893702214,0.0541667917801415,1.8485675731246904,129.8326038749447
180.44204430201688,0.9756778418979017,0.8190407425151698,0.23649487010294945,349.72657469864276
190.42847887008074,0.23561023459781505,0.058051351752465674,0.3975740238704828,243.99839828287097
148.92164699090245,0.20131318503879392,0.8809739250217695,1.5463349986200403,308.53853073511243
72.65085737238017,0.6208752935822592,0.04325443534749884,1.6949488834560789,164.2968932959739
74.83184061344316,0.5561865835747865,0.12783243137880262,1.7343926885716627,165.33525393837698
232.03996929226682,0.22585148378123487,0.18018437181704794,0.19827853050294375,300.88335960488365
105.69131692659198,0.6703648645372422,0.2230507821396488,0.7636046049769385,181.41865677239764
107.58656928339897,0.09700721129468914,0.40176207259025354,1.292772706206366,179.52980112007168
132.78369368264754,0.019369066030892168,0.6554820068772782,1.8375912333631266,216.50012773455651
98.5758096790211,0.08241479070634683,0.892603381907778,0.4780300620835314,139.21055296600122
132.8648397210807,0.3648682259757726,0.5245028101364752,1.2006857669607665,224.18963018690394
104.04433375283011,0.9750163278748174,0.5324897408472081,0.28703859089701345,195.32622161477906
198.4982232447237,0.5472469988093639,0.3193050979496842,1.4945574228442324,384.43403321425086
218.217719241689,0.7547261030154672,0.8006804243058488,0.25504891333910873,303.47715568486217
223.7404072257791,0.32149575223155935,0.11048622811819742,1.999964976884478,583.5941798356733
135.64894129613808,0.7193390654833292,0.3011031806581871,0.18453379937487968,212.65266411312166
106.39457951274663,0.9661811981223575,0.09698141373914315,1.3706743120761007,275.52393252879835
169.4049940806452,0.35776089028205327,0.21418081882621387,1.5540776683297655,316.2100636647828
201.27850011536964,0.999059434735025,0.5865979115557839,0.5159795669132856,467.89424850419874
135.33424697489733,0.6384099510316661,0.12596038798091225,0.5096573386324803,199.61785431448217
168.14545472643158,0.7485914124647238,0.10061779526352166,1.1922941032000403,349.26501698906173
180.06017949773891,0.25216723884814995,0.8259108114395968,1.2609491697599482,301.53766995544385
162.49630952379016,0.6430907691772416,0.11829912809413734,1.4410519523315954,427.48768632225057
179.19898659716964,0.5110062514623874,0.6080533499121532,1.1605879753638515,343.1511115569957
50.470557147161614,0.956402645477436,0.3520111828941702,0.3489335479408642,100.67101708718232
119.8607040117205,0.9046750477895155,0.8963671217762462,1.8482869493085488,323.31384037341
141.39031882791838,0.3966725989250772,0.7075500368082185,0.3332231514268924,216.50104010732665
1.0934644402570277,0.9468697515382334,0.05943023151306037,1.1304770367437662,2.455269748360917
205.50302086087683,0.8848125527500097,0.8954681105093145,1.840005689322564,598.5994192382113
146.60086977255645,0.5903838503691392,0.4138988945360358,1.8259391829026501,356.5728690394586
31.42815144171968,0.08211790878954028,0.29822744898409836,0.3358129496212976,40.18444454026903
196.0175188819106,0.16079024065953773,0.6727820215628657,0.4772053914619132,296.99748862490435
172.23514346251045,0.07687424467380022,0.7179739212327281,1.2037011541190341,353.1547568005381
182.11274065954106,0.10799311464906103,0.30325077687086066,0.6743286661562942,249.25743789693547
94.39416961591456,0.9769523743930777,0.35165654599704543,1.4617664789565659,181.17220167629375
205.0815003534506,0.2121672992161523,0.15633050950669047,1.0448086418681353,298.7629976976335
99.65960592070076,0.690854582340663,0.5934435648091743,0.532180111888378,160.63621376226246
137.13694213046912,0.6365282576827697,0.9569090533316218,0.8220758352246855,244.59056260246948
0.6538317361197572,0.6311448648530038,0.41662446234339334,1.382222142156478,1.2610931276526103
154.947110965348,0.2067039995960298,0.9962061815944345,1.57028271838147,312.30118723555574
172.50310221464085,0.5793465943846096,0.17641460449583923,0.7391219802891345,307.7470273136011
136.32269303456576,0.6255383495849516,0.7960994590417848,0.20997076672913217,229.47234508521822
119.42583668194604,0.5704053166451111,0.9281082536142568,0.7065540144718936,205.4422118893986
194.47978545395415,0.18616246727567864,0.6880543526632508,1.2609414391770075,387.4818085561752
163.68876576107542,0.7230605970747089,0.10932628931086574,1.5196643216928039,374.7952123555893
67.0987325129455,0.07324316191651103,0.3265413538384552,1.759318477271968,147.4980210961207
230.19806447015662,0.5912000118196219,0.0856658131772916,1.9238837645170794,565.660367918153
169.8904930097841,0.4362593324013133,0.6017481209158007,1.0587283489885266,306.31384708404676
237.1113734745257,0.25028659313307366,0.9981488091589312,1.7604148863017561,572.1975079946917
233.11708524639397,0.8073889890261388,0.37475461323525905,0.5241560352512653,437.8274437440764
220.5788786130165,0.1758925666721839,0.1629450425262613,1.1193034288507298,392.3660562290416
181.41148412346118,0.932981759897951,0.26864019466702516,1.0787698517289495,416.23577958732227
146.4583337550237,0.884565028321187,0.5708019692101889,1.5373882823549962,342.7239706557292
41.73487395206035,0.36058754716208297,0.5689617868342696,1.5462456990045026,85.7065863644838
130.63266447298997,0.3051529308585933,0.22982083293630606,0.5706859166459175,192.9268445841623
183.8076771134414,0.13748668341890213,0.750704740537825,1.7717228681395496,339.9196721156892
125.2452895099835,0.9163278159339558,0.08801229149336043,1.7829859666637349,237.47919301598776
208.44327125315505,0.627531858823272,0.6230402827640222,1.8964830515125164,460.40706637216186
26.762587856411734,0.031783582143403155,0.42569894895038185,0.9152886549783406,41.193575203382004
91.73521335764786,0.5109994145616105,0.12717501984324675,1.9748286482931934,228.17191513473625
121.67847825318091,0.0857989478293869,0.6343847520956541,1.5698226615285964,246.48855177388023
104.04190836065138,0.5737506849528418,0.6730494181949296,1.3063747644269579,210.5539050930401
26.506478203261963,0.5089617183208125,0.4400202956311914,0.8645159406083611,44.443227034425306
37.27002642368901,0.08284604550272201,0.7979928194654149,1.684862441616501,71.57705439066093
201.10934163888916,0.8158605931167728,0.5093165844104856,1.5282751099497307,419.21482302776866
116.51003007874752,0.26231717716627767,0.28575445209854233,1.1711165304809708,160.6668080242977
12.16902120727827,0.541484364166699,0.9536012779381571,1.9942917740134776,24.90947526733488
4.449656525147154,0.6390388766305344,0.9440440377498708,0.49892273118812636,9.160159256345237
113.89735877764122,0.9623045335751665,0.09562139471834497,1.2835081825732269,299.85294174248014
39.868704858904266,0.49381169287984594,0.9460812825483834,0.6422543311033477,76.32902567066469
169.37766406681362,0.9173157722879235,0.7754823807383165,0.9156864806830494,361.69082345407435
190.97996927539643,0.35485734134769886,0.10664416255723463,0.6778929882877192,255.59037251705715
55.177061675476786,0.8574372016499949,0.5193252718522146,0.669110410507155,105.96538702130199
142.3263782991865,0.23582622695141675,0.034951310077598996,0.75365221694715,226.35864195347082
37.48949211474995,0.7074797624354178,0.5888570705608768,0.11335915293999843,65.64592128086646
73.2080450568557,0.08861199375499651,0.9331876418681869,0.07972216669591292,98.70906989560686
213.3665208564533,0.9860503566836593,0.36820973748545804,1.4498445243486107,564.3662048086632
130.81149291001344,0.953936399862368,0.508625174051158,0.6218171059271154,311.1160394725359
212.67034248703592,0.4422136385173777,0.22756032590267605,0.04242922164694707,274.9649736343508
54.44684910099192,0.5239352179902536,0.5409462399288926,0.1629623131534741,105.36647868487901
79.54083020805551,0.5977748623180221,0.802574668743364,0.3916984824720786,108.4950641887988
113.29303716040768,0.27503755968967003,0.21525827393722985,0.09642451250010664,131.734165673859
115.47917800909302,0.6744714352051626,0.5534867619645172,1.8922944087994875,281.46408971971823
239.43668814049624,0.698561946604516,0.3546432771179143,1.1367217603186475,512.5972166413193
27.909653893585656,0.5250764923252756,0.7478720780737579,0.7880487395638691,50.161728417732434
204.54562602658098,0.1477406924852177,0.702038661957203,1.0654244677053772,330.84600828149667
207.3518484415379,0.9191859438916,0.6987896561140851,0.22564020171823107,461.7138686496792
132.99107225330008,0.11504508234561528,0.3778031337243949,1.403691160021767,223.15899315499925
82.89690179806732,0.6291721687105114,0.599279302970478,1.9391809884652362,177.88746092098154
124.85465197704694,0.10308859660975511,0.6510851836864724,0.2613142711583021,190.01692783862185
70.54601530117203,0.1461007091329226,0.6808139723697292,0.3052002451815754,103.6955678430516
191.88623390136553,0.020538314028828997,0.5752563540375724,1.2573267696708734,358.2324878056406
119.83785851112407,0.36336408385675956,0.866804746823225,0.30385985470564325,186.81477577014272
222.23920184114942,0.6395825644220379,0.2487985792700026,0.2521055764995317,301.6641879506817
149.6345769732725,0.521544219732872,0.05580678936137651,1.3409676351402797,294.6314199766324
123.67948028096667,0.6745391512484857,0.9625034538737999,1.2373149347691001,227.60125350344111
170.80111027764772,0.6750188608709529,0.060733726623868556,0.43547402161329196,287.89092274764687
121.1919449810411,0.14017374399423865,0.9029556557919547,1.6463578976538524,257.51199118490246
217.1292709254576,0.05733740342171556,0.6122849369542235,0.21050169064119117,298.7255128109232
44.67480763239849,0.6253581404346699,0.9187403853145995,0.6651497985050763,82.82200282758295
233.61700975714442,0.6532243049752426,0.564953930562639,1.4777352876072563,550.213590834846
195.0196371683605,0.5567037351417045,0.8210087254928071,1.2278024204248255,365.810731147416
206.64564016663627,0.24576246632407073,0.7212902632345336,1.2001419063070637,414.63460748029445
116.15642585287154,0.8107652169822539,0.5251121336606707,1.3725482578942856,277.63864252129855
201.00977106635457,0.07568601549625709,0.36332358995361924,1.2929254496774978,313.70671548575746
73.97239301674064,0.6323117893213593,0.0028590206883423175,1.7485414795805678,171.2426726960281
182.98658876611995,0.12041153587937214,0.25090527456937695,1.137534695139991,331.8508384903309
34.137812934170924,0.6544477164332296,0.9517668084739433,0.8025689647231524,67.36287927765781
74.03893387302084,0.41772578782349645,0.2754618478649913,1.532178654391696,136.61753739370903
107.25297287465601,0.7181030554376714,0.7518524426622003,0.5184793889898132,200.35302988768908
77.69557249534954,0.05219220247693468,0.5084976145313359,1.5191840715037002,148.3232175549119
93.19059919199198,0.555082988480368,0.3085143846547993,0.5599679578730756,142.56746413501332
196.91508637569567,0.14487789888007963,0.9910934489623805,0.9607615169019945,301.893650077654
61.97387616804913,0.6823816316104737,0.046974377524794164,1.4783866364812224,138.06040352536274
178.99484073102005,0.11995563131168241,0.5820771064740238,1.255318495643081,338.57313847790164
18.154040552240616,0.07358332295192582,0.4615182160097113,0.1713780905919957,26.6450142921271
183.89451624985705,0.7131227981836126,0.07652640970206159,0.8931193537719635,368.58201875014754
190.18956665773064,0.06353193456828232,0.21409620581535505,1.6237111199364826,302.70542222052376
96.70685673284444,0.22453081793151608,0.6942419736778913,1.9935299447424337,252.42631991816893
173.53343864860918,0.8247351971256721,0.1083286297934335,0.9335959634678679,379.019332712784
219.67564769695124,0.8096883078082263,0.8010251105497124,0.1718514451102111,306.9595401079831
192.27075716630918,0.854125757780776,0.6250609939521135,0.7323714207898753,344.4500182351824
94.0119392400719,0.3260998895887137,0.1008575948836069,0.9798459952920904,149.37633397416835
116.46913667007543,0.5280480287502093,0.28681462876324737,0.14685705659473536,184.41547700654766
187.1561319762004,0.773347352606152,0.13717786234686447,1.7285179665137897,328.7750643704997
70.57640426886509,0.13698551501108047,0.797601295557767,1.0775822098142505,119.77260485247022
193.0299163039752,0.7243908792157182,0.532959625125667,0.8322311948827334,403.9952344430469
79.07303864334541,0.09748634939465461,0.0028299367165864897,0.7943690092219935,80.53726500812631
193.5347444813364,0.9132506086268677,0.5429036472281525,0.05661707368908009,357.07503088392684
21.28870618249824,0.6373101825116259,0.482803684264951,1.0377512428005917,45.5316743496285
11.133152610086338,0.49330531268975586,0.6430764029925051,0.9511521633023434,18.99949344555013
239.44326964507243,0.4847292546671642,0.034844055486996095,0.6917705140816335,345.84038349143674
208.734981014708,0.1813620478449104,0.03542579193304729,1.3173545838116736,327.5071816145722
211.94197708015582,0.3459173724546537,0.34936810509535676,0.8220644903360981,257.44977135451626
228.3315474517849,0.7271236653171491,0.6885380961614872,1.1435280076774295,466.3194885210472
105.47675610476983,0.5409436208543885,0.6665580925886957,1.7700848495807402,244.48872051579727
69.19711534589645,0.5293062041002629,0.2782635792102547,0.7277734018361277,104.60592121490524
31.640986306787767,0.1952458945455794,0.2160675445628959,0.7958476793770972,52.905859559654004
120.53958748246225,0.690362311953684,0.6831255973810627,1.7318079425336887,286.2966297218708
53.20157275414758,0.3920339010613503,0.027112736133802606,0.7161878604756973,86.35260761422454
224.56443018906708,0.18275333843853414,0.5567833316944547,0.8787257981373686,347.9709920453057
1.4587574050455934,0.9437847515963292,0.42409864204412706,1.6016244447165229,3.777659051732624
34.79561868947762,0.5067987468656051,0.23908681793521014,1.1837338047828596,74.84552407474021
59.53096681348072,0.5280366475123655,0.5202980893324648,1.8677716975405283,130.04941383085117
48.15013242657022,0.9813719102148061,0.21716765662280302,0.9413258803444577,108.84045012455944
54.57393556084062,0.3664061371704934,0.5643216055492423,0.9580528167603162,104.10422090587707
157.62340141215225,0.9430206845624496,0.14897383622634341,0.08585674143295807,275.61244086930185
78.93914275599924,0.69492536113548,0.4056929120913563,0.3946063273236333,156.91395179237367
147.7983394658579,0.6330956327447999,0.5104263353048053,1.079998632103582,272.66743396567654
213.71677510828675,0.2344183019424806,0.03170102804382746,0.3742212739423063,271.54003120967377
144.81234534340564,0.05175567238779011,0.6107172404696143,0.9071667913645969,207.25936059863332
166.84060351308835,0.4377838382851388,0.7503152934975034,0.5666343602551291,299.6480527414557
88.03803992401507,0.010170961995725092,0.9560735628110393,0.04162666142114535,102.54740158907532
38.75736299563884,0.07100251077038344,0.2031263524644097,0.9502188550778317,54.463124428965784
77.27988295675252,0.595326755694373,0.2086953672495787,1.2925399645075697,180.82150405608814
231.44569436463388,0.7244718330730274,0.30483082422883734,0.6764673929269323,500.2374405123051
149.42382657652632,0.16794833192427694,0.8907640374569055,1.5530539230584262,284.45500262007647
66.96391310444663,0.7325004126737739,0.4068571636928723,0.292107861589197,97.16283256956999
108.49420648532387,0.9497258265947518,0.3017938130759549,0.182583470844204,225.73654758946932
200.60537246472316,0.7431760807261967,0.741180781879376,1.8696829880921255,516.264366635264
160.59223518403277,0.7847152195750329,0.03799017757764245,1.8433130954140229,392.6660116566393
134.7763553546358,0.7007125802683718,0.5488145113083064,0.8130884970104777,261.5067338185609
212.49650895380495,0.2247374404547512,0.4501899910762607,0.839863776095805,313.7717199780732
161.54927754592129,0.36088994215583603,0.6248582107426558,1.702071159594663,327.24364571221247
154.43377052446735,0.9492669627698173,0.7310996734904125,1.0610422360919194,367.0824452077615
45.949468861978964,0.6612105789701187,0.32498838554527143,0.23422757653439663,69.95163679880278
25.980089581471663,0.7890247339340722,0.6364171860232425,0.22974688543600297,46.91350448674577
231.65153703524706,0.9686946188446773,0.5243287029609947,0.26226147661939136,427.2836546835796
143.92657963903446,0.23143692051266573,0.1339678103902766,1.5615304086711128,241.62885920372645
100.05617649056977,0.3216866673265535,0.8817262080096606,1.203792531186886,222.03174019503646
141.5704866079971,0.6448016528344996,0.7545901678308551,0.5995323822181433,273.6744740789642
15.303964676675834,0.024357473784007322,0.9216541342290288,0.3241468408064989,20.989277972237506
197.39948210003357,0.5712190773337057,0.7204045914639995,0.2469270412679978,335.88634999397
52.386605767658466,0.8086883795144988,0.2448065604710764,1.4827750175686232,96.17648746038945
193.18876851314832,0.6104433738241252,0.43052622513598937,1.7717251392182112,417.1970491898936
128.48363716163476,0.29539328389611086,0.386868425444869,1.0621567733424382,189.3747808351135
66.73899727082821,0.7241040833360617,0.03582193263215616,1.5454201943701984,146.80199838395714
7.735282603975875,0.14603162467994557,0.4105481529788867,0.566256809983285,11.371119015776214
195.89208860072208,0.8947734692785168,0.34556945399778305,1.17132758690817,431.27327078452464
42.76220388189895,0.1009150310404554,0.003923786200879853,0.8760776956902852,69.81670447573613
12.90732519574969,0.8634911337624348,0.847123259091292,0.17538838436058457,19.673983063668295
181.53271653279845,0.4978094277362325,0.1438744250078532,0.9747335489495159,298.6556766193681
84.33535175832843,0.4286470034878018,0.500952167385264,1.6935734979979151,187.15645874021578
93.74549433920018,0.5006617605754313,0.7846778231340452,0.10356503565198993,145.60712646608124
59.6726871537322,0.2002063030929212,0.6044813690998091,0.9542119539423111,86.45844730935882
206.27324564790686,0.4576855795588136,0.1693512253826509,1.7465261521220703,488.2182301876765
71.71042150251444,0.8497198158986585,0.6182111256651116,1.580143858953287,196.5671215482572
50.84112045537021,0.800955242218799,0.7575968944487361,0.9868999593332988,111.36814202247945
74.56530945750939,0.16304853449132928,0.8547645161441797,0.34268927852737474,89.52752441345638
49.154323252591574,0.6734209781290618,0.3186537597375312,1.697052392582999,112.80095852598168
76.57842538284719,0.8568372649654253,0.03392140053601933,0.30626916470924326,134.6830013754756
20.363225376927442,0.8197675886188093,0.607948206442907,0.5536414263942036,37.46836523359319
38.467941974110275,0.4256324432971814,0.22576851014390664,0.24855038290446863,62.38300629120634
100.38416557337742,0.04809284034611583,0.7808950739445915,0.9180182288558014,157.2572362218187
211.1323119137754,0.9311694229737492,0.6798817093661244,1.2583958559453017,586.2471865142151
14.22113383998746,0.39588511584806196,0.7731868546759277,1.6542366219714832,32.830389508015486
51.43559226902734,0.36097663725634377,0.9675312003214016,0.9226752167637127,96.40836077688881
218.04878929221232,0.759514944478813,0.5845473951485413,1.9414405431703794,588.7604915912851
213.65851446130122,0.26397221549202254,0.9043135504101099,1.1917139749104366,460.86175943824
163.22847457437794,0.834747923167292,0.6418933824740444,1.2088200705501515,391.7607239311246
58.09341620580949,0.07605156081931563,0.18174434619868407,0.350576059252671,71.48417455525244
101.04462937286068,0.7407112007162109,0.7993081795089588,0.3802320690401928,169.54190688449012
51.08742816789263,0.9657894904415316,0.6936986242137152,1.1532523141670006,103.02778166876236
31.29694793548618,0.9957687968741735,0.977939777674916,1.441758807510865,58.484838487105144
91.50961548607701,0.9238043600641663,0.24343198894074403,0.4094133752955942,170.24317532010488
138.40927441434886,0.8707624054063094,0.3331255162839325,0.968035355385187,274.27916759320425
86.70387577382085,0.2788802244577302,0.8214910266023719,0.7124001226163277,138.25788870326056
146.79247983659974,0.9666483626297641,0.06288959803358041,0.8775275121635815,329.3807443647035
71.45300912334366,0.9278965938143529,0.6331997646149408,0.4442618760307071,135.44217907366036
83.33120139870927,0.5343725070251866,0.5354760527328751,0.28144572806469514,155.66113254884368
189.866325198884,0.4020776543936796,0.16882187226755685,0.6410020581077416,282.83032986495243
210.856378049079,0.10926725355818823,0.16512170926024317,1.737833333678308,358.44799675409115
77.62716252668697,0.5906340778251248,0.8101976212539794,1.6104515190175324,152.99715691372072
137.37803442219365,0.7005459485221976,0.015445155437674774,0.20330826742542496,228.27049245264936
67.1198669921982,0.403996583181529,0.746841440309942,0.1756170245607216,110.4808309390283
13.273646688928892,0.40602956063053186,0.7326672270044869,0.9859024576380884,22.964990058478847
177.21679493581772,0.5733113907143038,0.6496799763686545,0.5547644042789555,275.4280005536778
41.455334235058004,0.0277840959071618,0.40951766308126614,1.6468515900225202,87.60895328703582
102.45814943738665,0.957865896386749,0.028320683524207024,0.9723623591588022,180.91301258627004
117.14739566430805,0.2899057070967094,0.8017766682930172,1.70541548090373,270.8871229995424
44.68094441089587,0.1408908617688801,0.1257072038064413,0.21639763728475425,51.043780397222335
23.146006483883404,0.005488396134590401,0.28078748415970567,1.9401541534568911,46.37779068101139
83.84911701372141,0.8568915413857133,0.9467829267912032,1.5342026841548921,224.56209495827508
228.57247485830126,0.8632073757996691,0.3018610265161712,1.4637531261320718,544.554382875471
147.82497380222694,0.09530660451771011,0.25513915039492163,1.8804323224633908,280.3314097540338
91.84774970249515,0.152241302888801,0.9733705553784043,0.9406054804503472,177.67162707755466
9.819141575424474,0.44790223125776796,0.08593220209566887,0.2977778281237027,14.55444556018245
144.2654508931641,0.1857041730663156,0.16069038791734747,0.9938014916821523,315.2029116742281
22.595705004021735,0.7358211368367569,0.43831751488178516,1.6304476788211177,42.93752175009332
130.43930501588255,0.058039745705722345,0.7876731278415507,1.7190859179312685,210.9435052688008
180.59214673108244,0.5497093323858661,0.8843589389432764,0.9770914112556657,388.39641494198185
101.94869091660132,0.3827915651139041,0.7556357226827659,1.4646044403485874,207.7114171089744
72.20905300855759,0.46494648369225156,0.9761750316028538,0.4939054004783756,132.49944894460708
11.848523999314864,0.42475711769560176,0.016846142606958603,0.4610940838197539,15.679502818786023
6.434301101202433,0.15315918253465366,0.6195065549914396,1.1725191047661363,11.24786801094084
103.49136343010233,0.22028148530856229,0.11634620188493383,0.8435023375151993,167.0658486589084
212.0611923333608,0.06480769891042659,0.9103627406048701,0.3221048188441944,270.90510492039476
58.953035520969095,0.11528557529907124,0.9353072073593923,1.5227249856567584,116.32765784214139
137.9862936347462,0.9778948224189149,0.3030282177037976,1.064294895451924,258.55588701160156
164.39124381330294,0.27978681167725195,0.8277085351829984,1.0407846148331157,307.45085786892224
15.068753266576064,0.3070255393395642,0.6302755753872982,0.3786190393593596,25.58390674692224
37.167540004908815,0.12710633043212105,0.10048878448505816,0.4822812725318544,42.91564329133129
79.84079202398631,0.7551642044967515,0.6027681593284442,1.3854157687653337,154.43477086591503
160.98731520858263,0.924142810187282,0.9760570393576685,1.703806165002697,458.1222793557452
105.6489093786292,0.789750537066651,0.3080940490057231,0.3544242936286275,158.5690722062093
176.33971883826976,0.6126158294341718,0.0011407761460023869,1.6246914423883636,407.0845024753361
208.28968880477962,0.8132329156105762,0.976791677203179,1.5761903337854992,505.5334600779237
182.13016024535102,0.4042302329328584,0.41398341745050315,1.6298236371506556,361.377098800828
238.14320615152317,0.8594973550806875,0.43093276784338286,1.163487627783662,589.7740811274542
181.1694759612301,0.798518849638182,0.7126121170937385,0.7036840373815025,388.8350338781892
204.5969172042844,0.001724644256319019,0.6043853871444242,1.5420418432380865,379.3810233050134
199.85174285236772,0.487794134917517,0.301986612311989,0.9598908431440731,282.8238377554796
175.39865006607116,0.2646165760792262,0.0999778786559673,0.4437281628105052,261.1079978120537
192.5315350890858,0.08623291636769548,0.8273625199471958,0.8047735203144029,269.4108452568108
224.35663307424474,0.8461960427477748,0.48337717634640254,0.9154336825606981,449.5253805089479
114.31216715704707,0.007949684301122306,0.6724742936467212,1.0106903055833987,180.8627491048275
153.3697422270542,0.7301635020553603,0.8605047001191455,1.7951271508175697,444.7306225714026
123.82806331667906,0.9881921209971861,0.017722379285222356,0.8223300251525367,243.26281535116655
204.3233584325015,0.4820197667062357,0.8593852769426914,0.5696216340820393,302.19401060514315
103.81062488772601,0.37124052994143464,0.751795259756768,1.9246959153826024,267.03683697752024
196.82456168916354,0.6058329544747134,0.9468217499864638,0.48389638186218153,376.1900382469087
191.94542072618475,0.8046978276476722,0.23359080526878373,0.022232581484184166,325.4014755020521
230.87172127777743,0.24025199377527884,0.32242233719791746,1.6996420362424507,524.9105044238283
60.116507472151795,0.2507014291535362,0.6614787426125196,1.908891541536315,150.89040934642287
170.45387261767598,0.6071780140868468,0.9257929886612333,1.3642638949458374,337.7125500245422
181.78221968657294,0.9398798208543053,0.9926693614493907,0.8152993083842417,337.4826750625149
224.73869902671743,0.29843997575876346,0.416737650585681,1.087509370388607,428.46790630308334
217.7031291242997,0.3767546632290131,0.5392296757207439,1.6640031421933126,443.2169776300988
137.85944387917337,0.9933333014602895,0.17055100761373154,1.7706806598931906,335.0933603601036
139.20718801442317,0.1762221652065158,0.6939753672385983,0.20505177342183956,164.59256904802015
40.56624920281294,0.07696816837530407,0.8373704228929144,1.7359934344820078,85.09495274703735
234.0035672304932,0.5897552388806061,0.7986493124444201,1.234699632432633,506.9605343042071
61.57668231747073,0.024266988421632996,0.3458430447561033,0.06455710427199346,67.11003489178114
174.07432431908447,0.1804332312748227,0.9632640157139396,0.21697140514079383,208.1166182190113
191.09290365087236,0.622209180690468,0.12034658703803136,0.09106842742737653,314.2467430523516
106.17111335442576,0.659512400691333,0.4939700150961598,1.897117145170884,258.20131006832224
51.080895946959394,0.5104252496476197,0.5545971301931053,0.8530358053333691,103.1022517033543
45.756012020614975,0.3837480462293833,0.5365138570536546,1.4312312617157017,71.90786502786462
205.63079221593122,0.5761975844218483,0.757890779678944,0.0034346826958222554,312.7827047146901
122.8261785762693,0.6433857530332387,0.6096072324772517,1.586343933151081,255.61006278289972
22.087807198164874,0.8034820462916507,0.07712943329417465,0.9640707746266328,43.66979067703416
172.22616372671183,0.7927508282098474,0.17985165343674625,1.8472053395253571,448.3536943947416
60.41596714680459,0.6648007655149478,0.5322390206551036,1.0417949825103807,125.09729013279292
210.39654280483558,0.8942325832284657,0.6945476010634188,1.5776002984480992,509.2792561105897
74.64244275417907,0.8380252535954188,0.5141745322105782,1.258933382720633,164.7063418323227
48.46486380658928,0.1332460082179402,0.35550778344046474,1.0410769452792357,66.22949224369323
20.823597231406772,0.9566794413234834,0.051134561745864504,1.8964883777370032,47.04533536795545
123.01170722471657,0.8917423023179204,0.7858808993351112,0.9911984442507493,296.4739582021698
108.45165228247981,0.3209271795079598,0.49719423989808864,1.7847767299483537,216.36336447942648
180.43925863245272,0.020184418607039456,0.5387891305470927,0.07215526026973795,229.67623245213542
111.7723196327322,0.6039759467582875,0.46895814026791616,1.3148376904982364,250.32785568721948
82.84392455738687,0.43841757686638805,0.26534541574574666,1.8233231584682907,194.06537413077265
63.1663522940901,0.7495666625861319,0.2763734647440481,1.7985506589725477,153.14211515662345
67.11614554005807,0.5245997645086226,0.06350078724999064,0.9701072610107009,114.83356167920525
222.71957248776144,0.07649043525094679,0.7075990162019328,0.9441943319393609,351.3980075937574
40.03632520003105,0.24468742025477586,0.27187287313352193,1.621026869246479,82.53557877635497
237.16825368143745,0.8825237561265296,0.2985613481742777,0.6700317702124077,360.23177001725793
78.79720951853783,0.0376896957150501,0.9935001210028401,1.8743228503130889,181.3396804389957
21.669461382490642,0.736669669398287,0.3858125558241988,0.5013682411085187,36.51696900040366
60.06134619869366,0.2919435079514323,0.5106972077540088,0.14879565462623945,80.3026286755863
14.490243903331178,0.45263980304249707,0.3864731007611816,1.5438479052257126,29.596694933431884
189.71212971475785,0.5310054319116085,0.2901911132443754,0.8094485110244991,332.8732083900313
123.25642255359476,0.25008135730720105,0.005850738246765408,0.7115547371266802,158.8635701242938
81.20829521859882,0.6519604429976628,0.854886347775255,0.6418199095591719,153.87281630125906
159.0608803092592,0.6934422180978762,0.4731536754400616,1.9608844683720779,407.5200989033461
151.53984296510168,0.0850594796707751,0.719890303709417,1.1433533061464316,204.87403789003912
225.59936537000786,0.3739270758514206,0.9586566916295705,1.9838288851975818,453.019098510209
230.7218937612369,0.7443773012062915,0.0028313399537372996,0.687161976686939,450.89015184778435
163.52376427186456,0.7216375598411319,0.6750396068442571,0.8279384773206215,343.8066291762165
196.36691457497835,0.5446033439052391,0.11864070403393867,0.42352539621733576,316.6838356849933
190.28581153027525,0.7776747798680141,0.4579650576825216,0.8607282326790071,350.2226950299498
118.167196081626,0.10764489303984326,0.846782080891449,0.12401068580723096,161.84935359997564
169.21775998400335,0.11821126784453007,0.07149584898446826,0.0011157038659741492,162.29123212545863
19.243032340215063,0.6574893002963448,0.9896134848786343,0.9061469522107071,38.209257924308396
182.0460494144985,0.6933338678951289,0.5808358281183631,1.4920478491856477,352.39203259942843
230.85900522257205,0.8145268553210703,0.3949934589171552,0.8741303329241081,452.85264653464736
20.851453373614355,0.18103687777325705,0.019510265335404342,1.03601079832684,29.68887045666739
200.74973040974916,0.5167716594311051,0.5868230781613851,0.8912317911310434,397.85556042899015
223.94871638250046,0.6608312971355824,0.49489046400750536,1.0536085598425835,465.604284864306
54.67223910759387,0.22369957382901506,0.21531700217248884,1.5512080954993543,97.03291219429296
126.1922794324043,0.5169278655939907,0.4904475335875007,1.6075725812368906,300.5715789349391
222.72204499838574,0.638445024390596,0.012789264022986413,1.6761160874249412,437.3983732903833
230.4741280832508,0.21444951147768032,0.9994776140287939,0.42485981613923274,346.8993793586406
31.12783105237977,0.3755634102501414,0.3321144411656285,0.9156889126878338,50.130006685761344
84.08651202053042,0.216338810135708,0.4802221480611898,1.6620113924071427,178.39636231429685
167.70564155563017,0.9029429044285987,0.7847781680504067,1.8837580397545903,459.78281100881225
53.563260602930306,0.23679888192999177,0.7127783435934174,1.0859667648082283,107.20517768690836
78.28256555795815,0.12083462598579697,0.888559040702101,0.9859999560034167,132.77839570757266
6.07820887112404,0.035155311527143684,0.9413257368665511,1.52918954229492,8.04690997791764
37.268442583022136,0.04495347241135017,0.18917783096636642,1.9833886272050816,69.74891659108224
135.17791391304965,0.19158623496681693,0.3903998462257746,0.8518643967026491,246.72162041356597
156.91507087985178,0.6082085113069523,0.6868169919623913,0.330199356469667,253.1601449044012
155.91438354745296,0.017649874511122654,0.04502427543041465,1.6686136021738909,223.10758198852324
186.9173327513829,0.28674392475714716,0.7169449061792978,1.4208504169599603,381.8071469673287
99.95989859044056,0.05816689132329933,0.004883440001247741,0.2901515439905624,123.00381733029647
66.00102653975675,0.40365877029916764,0.9140884762675338,0.6470185934761032,105.14850827481042
4.231577660184734,0.04857673782985761,0.7181694497416029,1.1064467844600272,6.845918333628333
49.98784333954666,0.607541776620828,0.5654991724649827,1.4629311206537525,98.59691212682436
75.31688102238792,0.6884242655190153,0.42890097230122515,1.5612931671101293,176.51638749292292
43.18054212707149,0.7313375496437635,0.9880247685464114,0.31146273965982796,77.87707867907739
5.324600923436241,0.22434339864625508,0.7365117333594722,0.4335013411342923,6.931018878948996
38.208702275313385,0.8685001619617433,0.8072929575138921,1.488245028850091,90.8326729786503
160.03084307943357,0.6902881673309265,0.8253849902347975,0.2322247455481714,252.37100037400276
151.2857072451867,0.05665021929982039,0.021874933287801657,0.9963204778491239,258.1950092085892
224.59623163583117,0.4407667087014271,0.05468438506225981,1.09198430878334,437.40204039430023
191.66130578965556,0.7677564933724812,0.19836498572011663,0.678709094251231,348.37606179577676
136.4775899834653,0.31089392672022975,0.6552175960870651,1.5926724282537625,280.22033705312265
33.444745224624114,0.3815587739072648,0.6239491961994138,0.11083162149158077,51.94506852428443
135.5952006325751,0.6296038272965429,0.32516355480357684,1.5548889895615932,288.7964085727823
15.252017088946294,0.0554808801158978,0.9729987631744599,1.2920654966299772,29.414791249288573
103.69693292989925,0.9669350405079173,0.0931066421281248,1.014435151346796,250.14544726768133
93.9669416328533,0.17448101060972787,0.7767201227715763,1.7447453949572036,182.13597097770563
102.96140734242452,0.026671999646260325,0.4808771196852435,0.40449287606722595,154.19469332932206
67.51830745555154,0.005322982040420254,0.41883419997252813,1.601548070248698,137.96733767535386
164.75639220590577,0.3995543749993957,0.025564993194898467,0.3755490815230931,242.01647864404586
201.9061999180577,0.8842533654753777,0.7277996416202209,1.9808921944460018,501.10667925690325
184.55981972745514,0.819762079217929,0.7715755107669744,0.06552953977962139,321.389690262837
150.84662694191584,0.912045798249695,0.318957496788679,1.1063945183561013,316.11387971287127
129.43357944025666,0.533782319328899,0.5169628705958457,0.3360336284426184,189.63041424959067
7.944661111923274,0.4487462338751643,0.6064421232348624,0.8159501329467433,14.79398885597892
173.64269268671512,0.3858609761067945,0.3676452428636199,0.2958933403491226,226.03289063744973
131.02341402905014,0.04641807579130586,0.6155820061593616,0.38765090358108023,166.51572938400574
65.3424816340009,0.9095212563051536,0.4341270594167477,0.12196101745297638,108.99831144078654
79.01816830539927,0.4961760922847275,0.8780698554954017,0.016007090547701885,101.5107679708775
224.57782535950307,0.45506743105151015,0.7185132266906143,1.438611772213332,496.0856641978729
150.03475770557588,0.5151674870141173,0.11049998314356813,0.9069210654923412,258.45144401760854
114.48102810047803,0.7941545181142005,0.799603183658746,0.09118437035624449,220.04584577362928
149.21075666016364,0.22447108598256393,0.3375056313950089,1.877939637767743,298.65038241695015
99.59128683406485,0.7099006789949233,0.9355684220320085,1.3312202909250648,212.9522066717871
113.10865443212238,0.7107697408540329,0.6033712797780534,0.528546264066988,186.04706424914195
70.02906698148706,0.8495527822581829,0.02757796064079643,0.8773902942401972,137.2301831209526
105.84486549169885,0.008683598463870013,0.7343627051010597,0.978533365811266,167.78746366910428
164.69933966887956,0.17039554323513206,0.1307343689710464,1.1398556295417284,291.42064931847233
10.066091058209375,0.4710468520447555,0.8772674829572786,1.7149005553391243,22.656535447322227
190.9090640474291,0.8505403874614784,0.9483303075574022,1.1798005654683044,520.5186282919615
68.27360003628442,0.965116861627984,0.6952558530293419,1.9574522980897264,187.98879098374763
163.97307052708368,0.5948686146794013,0.5328727767159439,1.4536181785934519,315.7877750223379
154.43271286587438,0.21213397542302015,0.6020630078329801,1.9770343965416182,294.51317685955144
156.80441776934262,0.18458469582464565,0.4288551711959323,1.1014983025529612,279.64206852873656
146.1468754432648,0.6394439539862674,0.08358278201459013,1.356898376926179,267.9482639795738
230.2048902176536,0.2100691470594046,0.9288434988343165,1.4757971441292932,479.95456102106994
122.2484269655461,0.5530874239208862,0.32918653475444226,1.509494069137994,279.45265914261216
175.89042816592666,0.8348119291439021,0.31284777370040295,0.04885925667258184,311.3279070027381
169.45511483068134,0.38981964846209005,0.1913247758328236,0.25494864147031593,217.01107035229964
57.08608475816012,0.3784721897419292,0.9924082488344622,0.4554447720581787,101.59910936709068
68.35174848524474,0.036140336891073765,0.9425644372802915,0.5429889817528362,101.42510857643285
102.05209500859381,0.2540845784245549,0.3494323698537579,1.8107363785906452,195.80767676988197
67.00865434593861,0.6981914596192744,0.2600053809449093,1.445206446944871,141.83598817324608
88.33497219372535,0.36039124513219645,0.8053695296823601,0.28656322106873766,139.5031351383422
94.13506703582928,0.15829891728992196,0.4226100501961395,0.8527100661621598,137.20546511722213
145.12556234473337,0.10576773376032711,0.9677880500881427,0.48624309025816514,218.54239031804647
53.16366523504726,0.09505337815070891,0.9012167296093352,1.6597272931416194,119.92616694536183
193.12790187746663,0.6591334331178952,0.7594513422601925,1.8355939720391112,506.3187948052222
105.28995744677535,0.6126214787935487,0.08992429011436687,0.32858027362717834,165.83797527417724
169.6454647481376,0.5185210056020849,0.7021277365555003,0.833141563955021,319.16734924578157
20.00547425717588,0.5003264481591394,0.9872543868608756,1.905673970506326,44.68148769376376
113.05671189278587,0.15313685268787158,0.37329253298376674,1.3141788853831782,188.63134813277676
7.2585779564701305,0.5006042247600873,0.8815690030493142,1.7361937366858682,13.91564980433434
162.38044303982775,0.05993777660037991,0.4081418393461933,0.7153874620083085,238.75890213265
82.81856344079816,0.9258584586026879,0.9713240007093817,0.4194047324731396,173.87883433038084
227.84604897834595,0.05802755400260684,0.6535913715875568,1.3826074579580683,402.13574863160017
78.12774939703993,0.4235301948939185,0.09650048291379276,0.27485266975493805,100.94798540822067
135.53151257524559,0.000571056403172232,0.4790457387946232,1.6798037934525205,251.3696691190875
62.14432437886022,0.7861504387832445,0.04972875339771776,1.5096743137108233,155.01261665060468
149.016974632888,0.16617018853563004,0.3950757236861081,0.6098132700536067,236.05264393755516
112.35664285690969,0.9249160178216781,0.9153812141410812,0.9974230394379364,248.11452311780795
89.26546863059907,0.04397774786056452,0.23220219448136248,1.5983877992387499,192.46314715867703
49.28359910470308,0.8207873345644269,0.9505677780817237,1.8698206395448511,159.34055755959392
27.209361881163545,0.6566378128155882,0.09992304463514046,0.7043209917744553,45.634352135499796
29.211052582623246,0.24973571888589052,0.6648115470741713,1.5799836367705289,56.78577267029146
239.77008419258,0.20241960923059488,0.9656855561505012,0.3889341621885667,379.57005303134076
99.2484190823077,0.35767793337702236,0.6541535737332509,1.8070802783731281,195.11334919407938
0.9621650356648004,0.8284028831753549,0.8990039537552831,1.372500020399913,2.4195843793622243
228.72644535493043,0.8619565483354555,0.9910304746457977,0.30547864014029646,433.4730302873954
5.28519185304013,0.17528537952432577,0.6418434360424641,1.4796578432198617,10.389368440385326
100.75137707031081,0.3534480396843307,0.782263847290607,1.4481153425365614,192.015555702466
172.3358818399721,0.23749138390225388,0.031985193779737076,1.4845949138341767,290.2458441498039
219.5465190270369,0.1226428476378979,0.4273103785190441,0.6897548348493616,258.1320318230661
171.2362667979882,0.646449387528928,0.2882653535049121,1.4796004998536716,420.4417846988206
111.53836829855283,0.3458710232355353,0.8241853339971567,1.6531401136201143,258.3668698330891
233.87886833669276,0.2253840447763341,0.6775780125813058,0.6942578190821644,394.63074850582063
9.916992236468268,0.8659977735019763,0.6144142223801891,0.4159153331620875,19.09483625866881
236.8606825078529,0.7483179309035665,0.9315586878189176,1.7757598429858377,447.17184145280737
203.92927663417112,0.7737611486963425,0.08886780508144232,1.2413881299623368,391.85406392371954
222.978739101763,0.03919589118328015,0.9538412722145726,0.9207743380898994,350.1322143418231
61.517995571360025,0.9151304492310662,0.10076470716922103,1.759487811879974,131.9380179316899
34.61870831208261,0.5747383779742352,0.3470175468825175,0.2720112871562954,44.81466435617108
159.36400940976168,0.5038028046845188,0.6302736647971824,1.6211692117219503,312.0850542770837
124.04833539767574,0.010585346027781162,0.3414762038674761,0.9816425517666068,188.24413599471333
125.79872659827888,0.8976622104341047,0.6825362782943656,0.0850485230360627,220.55372303630242
221.94629324673062,0.5438904704860006,0.7754186191955664,1.9452253713570757,573.3756824074642
149.0093771434563,0.8251534623405353,0.8285058299413393,1.5561334854976847,428.8433372081363
74.99978850754928,0.6555109607382937,0.17934370090399987,0.4295116477091545,132.36769958829333
96.31594026208131,0.7966936135108804,0.1820766961888466,1.8473911600025332,225.3923613561417
32.47225250449837,0.6929317485578024,0.0523140279289096,1.8706911173115603,88.19471200350151
46.559212646027596,0.9209639023358267,0.49085183890682627,1.6009312001930363,94.35521047052433
34.83234181518447,0.2254841863395497,0.13753361884598403,0.2543408662841502,35.47610925415844
194.5647762201194,0.20210010473290718,0.3185969913871113,0.37276266646674583,240.51623319981852
169.31719557932246,0.712541561945122,0.8404343192832971,1.508065869808498,419.78800034757506
127.51763171779902,0.501394800583469,0.9486589427176836,1.8276115409259837,300.70966522212046
90.1610961538032,0.59916117033487,0.8220759473470115,0.4300362757888403,138.454819377641
160.60438253268194,0.708542469191227,0.0006483831624555236,0.9216556704472001,279.29969578160086
195.19083077313473,0.5474281970000026,0.568024241338772,0.30958791936490515,273.0864677242889
211.5553551533743,0.7876934476661962,0.16666012956693788,0.9560156856613884,365.43130882153696
131.51038665541688,0.31886735593585247,0.37574691120675774,1.2850582600694485,281.51277822424197
196.86248667581836,0.8589904435996921,0.4279189441451754,0.03710977681871985,320.56539207716224
122.95777584234045,0.10767635292560074,0.9429407578120377,1.2858543833885936,263.1451336959299
114.14995636049986,0.6340039769611868,0.6337387318906241,1.279499855371468,218.5827693394783
207.770929421493,0.8901325075267976,0.2676550519801758,0.9100169737312724,443.85648070486764
93.03655773538702,0.25269412790170465,0.6427948406334395,1.7908045251884261,198.46386955393427
95.32108663024819,0.32683467492391294,0.9518654775539227,0.2696380350401091,156.0899638947616
73.52626719573742,0.3054417784927389,0.05915912409208668,0.10262366090744668,94.65195273293408
124.7290639265607,0.5642637117750338,0.8159876678426242,0.9916623199493118,268.5371168961963
130.99158306862583,0.4128718155651485,0.21689755571413916,1.0660690401642192,247.07398473681943
158.68044430185444,0.10795928499490237,0.153107952063957,0.5333783724873702,189.11027324089494
103.60530327124214,0.89128722175646,0.8988669186734501,1.9232554133073727,289.84484289741266
52.672031406122045,0.20467662915867413,0.001849456997897292,0.5074544799662992,70.98546210556658
208.10867394812325,0.5340800109885296,0.7410857403728923,0.5403236574662558,330.8533486183295
83.36720770350445,0.5948048959372615,0.08722840988938807,1.6219729096424134,190.0924803524962
221.54494905172183,0.0407518436475417,0.6179952950406163,1.84564735165753,476.24558110639686
50.16112325983615,0.09571232765433724,0.6208969013905683,1.0722794920097192,79.07387663771564
134.6337655585772,0.9716897104295517,0.8627760494914616,0.0381079738931287,234.37086896783316
129.0193149003038,0.6645123401493824,0.8226064972295486,0.7108697651117206,211.12146408581438
198.96115957851538,0.03356517704642692,0.6851643430860379,0.44787965723165146,219.5837804248877
33.754907126823724,0.7941992206529987,0.380547590420932,1.0220360946693108,67.34444472424896
218.429952913732,0.5085428092774855,0.16640574704757016,1.3651435785375594,465.52600004317947
127.7770472352108,0.07519957207847561,0.6356829260992847,0.7848725708160247,182.6649341769405
140.87319744749075,0.6807520980477912,0.4969697987079126,1.0747199614518466,324.48011703864273
122.68482724481521,0.4993518058684685,0.07794226228138745,1.519720628824463,243.0394655841827
9.127965187285819,0.20491980111092323,0.9555618904688526,0.49229401694633257,13.655824729800207
119.55321350268025,0.8777022720888196,0.3144195199118123,0.39193579652752053,209.3778690283281
63.620144211139234,0.29137985830025415,0.0021407649923053107,1.6112698936543632,133.7813499504068
82.57381920049063,0.2845566354533078,0.9016903038374416,0.07404724768167026,103.06875267280972
155.95983300532,0.27277358179227873,0.5770508798706664,0.3011931674211301,218.10031447527726
119.69846250904837,0.7674557770890512,0.7330606735503175,0.024713490924541004,185.7773101754719
22.825761933856775,0.7061186703805321,0.15266624029538478,1.1107695869118135,42.792800887890785
17.99338530544126,0.9031456854703575,0.40460567402604186,1.200171463614737,39.723720695071655
44.9650181003602,0.22933921958427972,0.6450612298137465,1.0620613887390076,77.49071811459014
46.21699260404757,0.7863645955428084,0.25096470816317695,0.8285380586205604,98.53630220633919
146.1880312946419,0.573045576528096,0.7014989451841578,1.0580582468369282,288.39212814469647
43.0865641389075,0.30867960965266783,0.23361492267387574,0.38787560303192525,64.45292808393141
211.67180187430756,0.03545413240775064,0.20912782713987277,1.6524854496723138,388.5187182229137
50.73767821691245,0.8189475498511101,0.01162465026038284,1.9615460074125517,139.85370174818223
22.32598117961864,0.24107137151335634,0.28190674535330673,1.081245765292109,36.676590083109595
210.24117091813542,0.6317430362149195,0.24673679202981835,0.7487110766367788,365.4587411818713
71.23095447037755,0.5488679360598125,0.7643565566803482,1.5835654331183424,168.91560967232274
102.38871984517972,0.004449538646783879,0.5697099061679207,0.38614386216839036,126.83725077381663
230.18681897097994,0.9943436299397624,0.1778244837320565,0.6415471321916706,475.3502863305882
226.67642798828683,0.8143293558001288,0.5681274709488372,1.8799611668706526,692.9026389947908
171.72259497894782,0.48647127063668205,0.22544359057477092,0.3725883452358716,236.15538509467726
17.010878939946853,0.6803413702423831,0.4255022800541953,0.22423115567316443,31.772978991083168
142.6049600360297,0.4765942365907726,0.8882080617195464,1.0927073912890468,265.9356486283438
237.38416544262074,0.7445862712787308,0.7192562195164937,1.1748346733655166,576.5277998009033
227.28643670754332,0.13432854581889409,0.651100016701223,1.1943002080218401,423.08283296185107
25.887596958526316,0.4463509952340303,0.28148344932213887,0.32895645808182605,40.85590625140227
95.33416909014329,0.33553717707286,0.1245816648965784,1.4422894545771334,177.4196357956466
76.07105064373002,0.45965524349403486,0.7529489842999344,0.48456225586547386,122.54799703857567
31.56988160372488,0.4504726528603642,0.5678903845477898,1.8962051018937982,65.85443827089307
166.90419554407825,0.14309394977919432,0.6227601698242372,0.45591435469742336,235.5275980052575
66.0866832642767,0.9764885707090291,0.9751133193791509,0.03462295820183381,118.44315830369301
83.09535984850882,0.01549214278812805,0.3483209201672045,1.1356903866348322,134.12275324609192
22.1409509699896,0.010072944817398843,0.8007475292041538,0.4056957462134241,25.355156393959994
119.76323032749042,0.3734413185336578,0.5589568408722299,1.2571476506948258,229.15360355848068
38.381203344667526,0.6203763493468175,0.23525994592694244,0.45842672114189553,71.40665511005467
103.98565644728764,0.17965322681492824,0.05288833198659171,0.8561687283796038,172.0203528719886
34.83046219374071,0.533194003904161,0.6160108919889606,0.35902880157602546,56.520960454177505
228.9470486430599,0.7227719679634789,0.29761613637757334,0.857622714154828,549.1400592739575
35.22331670071566,0.09406060904015112,0.6954783464808746,0.27304067744679217,43.45173237678957
125.49197334722666,0.9844224080159334,0.700727161738402,0.6759461154516893,257.53946201305644
47.6766681638975,0.3367006477392943,0.4554604678193276,0.39786323363560605,60.321398618109555
18.788651931689913,0.642415413787249,0.5363971168395979,1.6322037455662166,40.54311543876466
48.95291421268251,0.1107198581865757,0.6265468576679076,1.458708167189021,106.24403218585451
13.618398720009443,0.7094863887213264,0.46860494380007456,0.3336387963277869,22.248100075957773
33.885673257476824,0.840456347062486,0.877370605949072,0.1658091050553554,51.06778002482795
118.68945578429046,0.10528514233062236,0.07593457524976144,0.05148921202605816,142.62359469661237
156.60981729328904,0.12586315437006623,0.9798181594307654,0.45334359226888155,237.90481344277936
21.417885709692136,0.2810474143872277,0.03345091140828127,0.9603547319934225,37.59905220839464
106.1239604250723,0.011935815375329284,0.2080963558963842,0.799766393728401,144.6863875985398
139.7086619733778,0.9860512943372298,0.7083078546543606,1.942998063525118,332.03403923813585
56.59704945254923,0.5983840749526497,0.08496025934161089,1.5844912903839048,117.63049727858812
89.61277955808808,0.6075894499635455,0.2621727531502741,0.1563733654957291,143.0589280065376
17.70445130119927,0.958962169651636,0.15397667904887735,0.317864765066596,31.533474740703856
53.22139371582623,0.8320292543194271,0.7235715638162128,0.0531981037497129,93.71007383453566
112.28732575758613,0.8142429309683494,0.578933391310145,0.276452722876513,186.79041372507464
237.71090185261468,0.33950236990162563,0.06447861179206271,1.0588342976525806,423.4574492162627
239.10548257392244,0.33486339346464544,0.46013423540160703,0.15347607065041835,327.36812152972715
235.11939262926697,0.29173795981264683,0.20850292801604553,0.11973589462025402,279.9369074361295
101.82918951892846,0.3466957617763199,0.9676985979824018,0.23632300859186817,155.48891669381032
19.822950630312274,0.36950876135985056,0.10791794730905191,1.3388272901464269,35.484530769746655
77.99583822121538,0.14000368898059334,0.5980551753640352,0.03871624981621968,100.70248954123043
57.43259290134906,0.35594786270209355,0.4818472358468181,1.939252200388125,136.80730852524835
3.8833146909101726,0.4467470352447276,0.5780844969983808,0.7615725270291052,7.084226054629521
23.308449664065908,0.30934733874665854,0.956492850706147,0.6731747220474409,32.68126477210513
109.03946844425133,0.1653469681575478,0.3412818778164861,0.9496256679357258,157.26080618394232
81.84916008112913,0.37341039817849764,0.7487663732110786,1.0357235892332612,141.28907593211227
43.694716331458686,0.48090777321643585,0.4474664771755136,0.8400267779276678,71.2270725526876
172.00594297276993,0.7207283866671284,0.6607616147255355,0.9726517616286214,329.4209117440174
86.02918521724014,0.7112377614746703,0.3656575463045776,0.6794678014985724,172.3649093697481
204.52235145129737,0.2026950310833242,0.22712220525231563,0.6440148414468645,319.9986359709566
58.2140298830166,0.036655395168237126,0.08361635937751744,0.05463053023052211,59.28433949508971
129.44524087574663,0.30379952180706926,0.10175125132087781,1.3436010681540953,249.58800724340549
44.6013425072292,0.1571363048589508,0.9594303187635166,1.2345439591304757,84.32202505559961
119.12449762440916,0.39578847921569404,0.7884566196747949,1.3376407547444022,237.59947968022388
37.015728900323495,0.9793461191526043,0.24495924997100726,1.8821101081299443,104.30456590607398
39.198080536979504,0.18107137090522096,0.5291472368374629,0.9461694793376028,59.98683219484682
147.12749880156275,0.31887394342296893,0.7142327243500672,1.7635408686044836,314.9496696160597
63.67675710109613,0.7251143163195723,0.3525379020024927,0.8878864937156965,110.22822491588379
41.78195076213723,0.5091827828619216,0.4399880581597845,0.9552280549231233,69.16911408480098
223.17949590735,0.043928143573384926,0.7183819195727064,1.2659050354297792,333.08301560125716
10.799278552242232,0.16169001816132167,0.2274543147531337,0.4318027987712374,13.047818284322188
135.85297299066497,0.9352495547731959,0.526344358466658,0.4347122451142067,260.02931159638877
131.80919011906704,0.10316499273902846,0.21008817168623228,1.019663688439228,199.87831169878416
60.52082541953282,0.6350927872097057,0.0030776010155260103,0.13721963544058768,86.86578570153266
108.93883295451987,0.7923256488409115,0.690263735565004,0.47331609884798787,195.74552825451292
21.513199048291195,0.2654390627249239,0.7072648596212424,1.586824307161883,51.006270162958415
173.2441999487706,0.7250780031386901,0.9957226985969202,0.9274668546524791,317.51060959108014
53.59646703624915,0.16989517903018025,0.18101544439479955,0.0532438670982327,54.764434958700406
46.81579367846014,0.28475027483379034,0.73958032506574,0.1214828367245786,58.83870214339342
75.91339554746197,0.31182203088420746,0.9479674243626378,1.839030757145264,165.87525501595405
216.6175959030225,0.9964349905642236,0.6445803368111058,1.9134368966805855,597.8361020706476
191.25376226390847,0.2145722952179573,0.9631405604700852,1.282207675643167,383.79530037953157
227.28070372653494,0.129207464633585,0.9944409852777842,0.36989021708349323,355.5726420368814
156.64498187492396,0.9256914374814104,0.8016244017715392,0.7361724149050459,321.87180369625634
159.269701892185,0.16193069382035274,0.9992859087058765,0.6109341130426087,238.62086440089706
115.46742436257897,0.8792799196294053,0.6258244593077614,1.5703126416428752,321.1555815674472
217.29212444639063,0.65045662764669,0.4970556926136773,1.0741793702515303,312.90450241545335
122.8550772502438,0.5768614980705188,0.917636254370219,1.5593130972293938,277.1481385595052
85.5368869554084,0.7513387115465768,0.830955841433985,0.7210212204299995,175.07573706932806
153.8698148752808,0.7259989571480501,0.11011207334373563,1.739022926953413,415.51127637560245
131.30040866953075,0.11052618941831371,0.3027226467987649,0.8583247494589543,165.62294099682296
30.202745766719968,0.9994661104066891,0.26064512042998556,0.8347481367624878,59.956817415135326
94.55773663202687,0.9418897264487286,0.8552616593777087,0.9781968760449749,180.30513044485883
75.54143595712796,0.8965919628619162,0.2332453543068037,1.1836115074088267,133.6656631637386
203.31668911516607,0.6222891339424068,0.304044772474095,1.7882237063162563,450.8778857066795
91.23279239505955,0.5227913313323141,0.5187886542957384,0.9155110895947742,182.36493680095575
197.26247821701477,0.5362785838816683,0.07611948671376045,1.8602724744279635,486.18233156718435
106.45230773927646,0.01493694422823244,0.9612296426379177,0.7873366707337603,154.91805350181775
180.9633849452236,0.49946950194544293,0.4910627765359058,0.6491453890834316,329.1389943195416
32.90002187842999,0.6237695676599199,0.1904337240292413,0.5900912146375745,54.994129367893684
221.95372760820175,0.6587062087749485,0.2708207378237415,0.04230400939972845,350.5101854900122
115.59409384634093,0.332139465051313,0.7980837470871617,1.6982878812277127,273.8377697361055
62.72167982750038,0.4712823502935495,0.6340064801784223,0.15846747552526863,91.74867362268975
58.336760724371246,0.6363106066625744,0.4646260242233954,0.6686627051745377,116.19440698650948
63.98601061370577,0.4283055102751817,0.33160136738801504,0.5009135727744625,87.90662845189375
88.33043941385326,0.9621351989835252,0.9006843630088608,1.488873468386443,231.32345188177098
172.3459280758102,0.7054421098520003,0.7725645402921796,1.8651743513417962,463.4082337242958
227.92992877474006,0.001273746250890495,0.7181120373498618,1.6334195678576875,464.6631335091486
160.7344645146099,0.023279481482253006,0.44600050461723306,0.6399966595145055,196.01136978498874
131.54632189111214,0.6903002034683744,0.9811601507598122,0.9115146870618582,262.2498313187807
107.93917502010375,0.4126450975455027,0.7100702967863061,0.4940737928692178,179.9635480358346
198.85257485550915,0.8394709492122663,0.42362472498665893,1.847960382642739,509.49872417416447
203.99289998583373,0.17301540948626204,0.9605520437314566,0.2374891491797595,287.2958675173824
70.68252302666005,0.013826914052291861,0.8957249965310168,1.903908911289413,163.74806481223894
228.8441495524965,0.3880823501137123,0.7399651935443334,1.6273136548320093,421.8408872027353
95.13012948792851,0.736064104307449,0.7669961216200817,1.4231554250526206,209.54296478484838
192.11869757137092,0.9717277333775686,0.423627499693905,1.5479873133000706,383.9781279476101
232.0533608006949,0.8836538793510554,0.5073505036301726,0.6786936138040944,485.8188470933264
169.02611515491887,0.48407461193713885,0.19154733903684296,0.5917730148142244,288.1928190747909
39.1913989850609,0.8128172831963666,0.5953962455338484,0.7628417311353044,103.52003280539931
140.87980076415644,0.07033045786761405,0.36991654835907206,0.3632264968415093,198.17416576994182
28.94712098139103,0.5722723475848833,0.34743832557035315,1.4927201703922075,62.98990361600979
189.49951854860785,0.9242984130144701,0.9482282011380659,0.9500876740120396,427.3339771325922
67.87498414279496,0.39638514749073994,0.16478343318399735,1.7716199166394337,137.00847265934217
167.00395012287444,0.9601006296631156,0.8299735840935467,1.756763018553705,433.78626563736645
218.46647695418264,0.2206850967291053,0.2814685710080941,0.3117077571650897,299.5700164500122
43.85185923550629,0.10563380953339352,0.028655629020025497,0.4376365373475726,44.77640441821506
94.58945234497943,0.5247623360817011,0.040463079828827464,0.8212804513222531,165.70028409307145
155.48494974361913,0.9072468719812243,0.42917749258587157,0.2376289192352674,278.6000273752978
101.00823297787552,0.3112792187447442,0.4544609061484737,1.378867769520764,226.12699953362304
42.369136519119294,0.8001603193989524,0.32025112844434855,1.4751913106730106,93.72350216555328
7.462651593426881,0.16919726588028094,0.668779605564366,1.4427007175918634,12.952804744715268
97.88025541662012,0.7455703960009396,0.48534277849274976,0.9404206280361378,200.5320266889945
155.98556186636992,0.557026941387431,0.07411306633115688,1.6864324437346705,335.3955677175209
137.969217852521,0.17501697539437222,0.34807119491327554,1.2116914934772005,234.4358929452763
37.91977692267386,0.7180872494376086,0.10196273384990395,1.987223552373219,78.68516933391228
108.4410798062391,0.7137561134564273,0.06291569389024199,1.630876436218358,235.82610927341148
88.98831556041004,0.5154352291434403,0.20830662499744212,1.4445176315661237,169.55975449158902
66.17147534926927,0.22546763764267463,0.700575461161567,0.24660560503498208,89.57480679050956
175.16046290456322,0.13229389224499655,0.6960016457257276,1.665200075263362,368.5653160561727
74.66166119151065,0.9572550484597893,0.8613891271035612,0.6111444313160985,142.89133483581242
129.8639975837605,0.6558125382591552,0.7564192924904063,0.8378285910897219,246.29348813341716
221.61203669707317,0.809241483573384,0.535495687261146,0.9255205692405699,476.2942772807622
129.65659774973298,0.6969705290502416,0.3126120880092609,0.6626210579574197,228.0382813297815
148.2769869834543,0.8294736651922889,0.005811495167750702,0.216877600258913,306.21141103441624
18.042413687128562,0.16249081974892343,0.6471374812877945,0.3987276957767065,25.916315355820636
43.16312742614585,0.4969502245470444,0.2897131876148469,1.6069329088645252,79.32089370307273
24.677812231898177,0.6671247705022934,0.25010010172791797,1.3045402644634294,46.698271296828295
183.6727011312237,0.10338989989521796,0.9748255407742065,1.8856829819321985,347.9986883188077
200.70309887958373,0.1499569493284083,0.1742401924062511,1.6421367073029274,343.9446249250867
45.15604272010135,0.6339825942509465,0.03243473984939693,0.8044404520962305,84.69030389694176
53.0155843460803,0.86870580425382,0.9493903951921164,1.5724123008527435,115.192231330801
77.9081458335215,0.6604161789415977,0.3060067220564344,1.1528583849262342,150.89194493988273
142.06308926044358,0.036204813456075624,0.39342005062065044,0.572602165649946,214.02107659531478
149.42018841510466,0.970432917090323,0.08093490394342173,1.9501786266714782,357.3824866657285
164.97757307067909,0.13950690090624507,0.404065214453321,1.8569819867082558,351.944487000299
217.2936651131243,0.23256223355248973,0.9722212907685502,0.22439690758491504,257.91884977148976
71.1621136489209,0.9749672819047243,0.6940197178380764,1.6788429633273003,172.28021176045993
158.27277791502277,0.7710329966533749,0.47382484483319964,0.1553734395204054,238.93363850127483
134.55362156375728,0.9365766803785066,0.307471646012353,1.857638387543811,346.4757721300877
73.74801907880982,0.8066196928080297,0.36604395928104194,1.24833208562694,142.2792575270996
217.82593718918477,0.6517344750032,0.6112281499601985,0.333164488894663,442.62540526539414
23.36827716423259,0.284552998863006,0.25445006260530967,1.6345248716158756,38.41616122908504
171.02424592627634,0.3268814416995254,0.15194752549520008,1.031563681527015,324.5300232057331
174.82575426891316,0.9472710730443697,0.6962286739436482,0.11909974936084788,341.3056001336202
219.7207033817458,0.8606256161556446,0.8694697771188493,1.5968547695834676,551.4838985512599
124.70005186814917,0.35949044844232647,0.9015389084208135,1.576676377978373,263.97888847474843
77.5285500035094,0.3732674176207038,0.8414185318780102,0.9641198937002939,168.0049219087792
198.7438904314749,0.29769439027588473,0.5305996816999192,1.4622193329885256,482.57136028203706
185.10906249885804,0.32613014262500395,0.788830969004084,0.0802966580261355,251.9881082565505
120.32558965346315,0.8606674662887857,0.9263557317673865,0.6362131936295321,245.97251779348676
184.40184146429775,0.010506856589846847,0.02336258960713422,1.3464447651219822,281.69508357866175
64.65620669750396,0.4360526211095247,0.412098217708192,0.4612114510494063,89.3642654848763
141.68676613163055,0.9428396785279078,0.2041254795701949,0.9008227593426352,304.64445265930385
207.7114374216962,0.5426363551828088,0.9967687854245231,1.8638935175780202,504.7526418161872
76.65728885565474,0.4504457901439035,0.9295660096331743,1.6535035571460794,141.75965375127274
116.310220792163,0.3123698046995881,0.8021859510759867,1.1159930953254118,224.94097387847455
228.275242574407,0.07391262986190383,0.29587980512616563,1.1534326617290123,380.35785502904963
191.67173615223092,0.22448647802751287,0.9521022645451306,1.7740120346059063,381.12021544195204
212.9458453691674,0.09045840993687126,0.02925044006214428,1.7261182042054188,365.8668701615116
92.7666710832619,0.12669942971542825,0.18803970651757562,0.1765934687659365,115.61870741931074
239.16300968247683,0.1635165441262698,0.6168737542309264,0.9311547609957027,454.31664632524974
37.03946232177321,0.30202943208427846,0.7930067120583083,0.38170730714288137,58.1897131124555
124.745554680306,0.011016679995535461,0.8836308531155703,0.16643951417568004,166.90693596737626
115.28597505995172,0.9501438855932477,0.3005086107012588,0.584791017354992,204.49705943918903
191.72450969663223,0.12381909267697455,0.39080460106956927,1.2212876106906152,312.5039547934947
218.11395651734537,0.38314887235958706,0.4548274019537464,1.5887406417130605,473.35964130570017
175.60788076948032,0.8795275597147806,0.026973818533914895,1.8249527390514766,363.8728980663619
150.62248855320752,0.10656797019076225,0.8639692530521021,0.8459122695763595,246.8264642388996
102.86929120821664,0.4836042517541208,0.3379484153861816,0.8446461466221897,189.47217259195878
122.72305713963833,0.8447835975413958,0.19927845375536524,0.3065050956984059,210.62561742317513
122.47742501734483,0.5569626240341401,0.40919706309995296,0.38968256765277154,203.61754221557516
5.37824944740845,0.21034359542276004,0.7105633748990247,0.20498978140162816,7.33978064549636
120.97947025622881,0.7355095314125814,0.8709155793938108,1.951801092643856,285.124118415355
205.5050066417029,0.6813410628675078,0.21537646621562256,0.2551948728308704,289.43224326730626
170.37112566856845,0.3621859065469243,0.17261296703539575,1.5132849011676759,328.7960206305049
191.07221499893865,0.046295161581375144,0.9437829678203432,0.6355285803335646,320.96408300223067
94.02115504956078,0.007864689896093902,0.5508930191635677,1.0742955989406238,164.56967820880968
127.18909024065346,0.8253928831271716,0.36577201899192346,1.745420424208527,293.21227234108454
8.519314774805565,0.32155736155906856,0.19931945506412285,1.8723349029484004,17.132498514128272
92.22800714955778,0.1377698986059046,0.9952478221984388,0.48046063773168357,130.92773980105278
114.12264275178823,0.5185512261629821,0.7191842870915515,1.8225388067201675,249.48765350392742
61.62253145398006,0.9208332957250901,0.21788530817716523,0.50410486879836,118.2081716295341
7.982214468260631,0.008480864522397713,0.09125944482715287,1.609594405260214,15.413018728425278
165.85274205255902,0.05614354067641447,0.19928234396824585,0.030500753716975915,220.89110537825277
104.70351632829795,0.41704493258507236,0.24774260390757807,1.0704629525380889,172.5750547634999
100.05492725038009,0.6759659067550634,0.11108564926160291,1.4516253733239177,225.14092970646735
60.37182758982788,0.4761004587670502,0.22965137071373665,1.6778779377964839,134.0287763687797
129.3103805600251,0.8975484384654047,0.11677970493293088,1.682257772789392,295.289964941431
105.40741411434018,0.04408455553747814,0.3777317008865626,0.5977356668401939,129.1781616125716
114.01928129046729,0.34014086964374357,0.48619525916984196,1.706299218961979,243.27392945859282
139.61868795051348,0.35134788938872075,0.45528497258091805,0.6472940555071169,271.01826965191395
2.0147530139166188,0.3401272259863417,0.8292100683490646,0.46753473566907755,3.27046848886687
217.8931688974522,0.48768591212339063,0.2539953863347114,0.0029465394404182277,273.81748578177445
17.525431568346963,0.7905770451946105,0.8870938238883462,0.4714305102668095,32.52790300954227
108.4964769821807,0.31788261640281734,0.9081228185288022,0.23687764757879703,141.94739964978916
50.16580361983185,0.7444832066322026,0.9597997120036441,1.3498732051979918,113.79169070171902
125.94587746408514,0.1464654712790714,0.1809832338848848,0.2895752555217719,169.27971970795505
67.61511105691451,0.5607248556339502,0.2457511462353713,1.1707670354891317,121.80829891051316
206.4715562859936,0.3750880256655451,0.6238322773574071,0.25293551945044523,204.68971251656168
95.42818023399965,0.5392108022955706,0.1408916332050889,1.4088370657236904,197.10427464691173
153.48195560654074,0.10774975037224943,0.0856213303364245,0.5710910032957335,195.70633041911472
60.10669489141701,0.9534628467609085,0.07369721203144775,0.6173927752267814,106.23268496196704
5.147773043317192,0.9062141168017779,0.6061496346662488,1.2807706302301107,10.819539364915142
97.29501127937962,0.8263963042906289,0.8046781420099866,1.8778906474202801,255.7103726743686
128.98851424921048,0.8927828233880518,0.25888566265918866,1.9832020999139497,311.7115095583918
110.56154272718919,0.1466878701814861,0.9335338871257884,0.7145272231331661,191.53556707790148
230.90244013461697,0.5037217730196659,0.7919355078990509,1.8926531464337917,587.1360676789232
169.7879821361238,0.31790915875652337,0.07746040536507126,1.2246429366042892,292.6679596414113
238.96291724978215,0.8873859413041586,0.40730312852481476,1.812937152128252,558.5745927105252
71.16689163019629,0.18943768249946646,0.06801486603425877,0.055704296322880875,83.63988295293643
189.4782604659116,0.21994535514197233,0.9151941577934949,0.06634570369585235,249.7527840856106
133.55625297741403,0.6867144563550108,0.7428021444726454,0.14914795540817072,181.4380224364616
147.0166048904156,0.08889965908766817,0.6865451303547171,1.6087860038676114,333.7297468636039
236.6118415059375,0.7323671769166398,0.6827018466141984,0.2759129559290949,436.82615850282525
157.1299343403925,0.26812728831412236,0.28518250189574357,0.35317002327955627,207.46975244461453
215.76664571469183,0.6609353652671474,0.9335391552007086,1.1707998039724912,370.5508160436981
174.31718121525967,0.8730377863606604,0.9227766582203948,1.9148917241379122,444.23837536535945
31.00897615307764,0.6096113732349906,0.7394888093742308,1.1342249741608794,59.53176595930861
168.01197862219385,0.212683733286109,0.468930207071793,1.4651916017387445,314.2812381182008
116.49358349017294,0.049165525539216604,0.04711573079071518,0.3754685269803568,110.401076711397
220.55211931927101,0.04461397169506587,0.028311350137035673,1.8283481062972866,390.1925544670844
193.736850102114,0.08881188201400791,0.1381343329238678,0.11175329713239557,210.45304960276067
25.44025768193044,0.5798179124697159,0.5957646936930576,0.5656380166218931,43.38139728279386
32.572796655027254,0.3482178540406512,0.7980993792046939,0.9074483826588047,56.55762051410209
17.171834930766035,0.24310697739589815,0.9484657602736191,0.45234430949224347,26.449858012438725
118.63214750133588,0.21930655779719122,0.17536207927614678,1.3275216282259266,242.12532030132434
19.844836330161048,0.948581531903099,0.2755278807961583,1.3575848664074237,42.86113616528019
173.82096160963923,0.1188165758920744,0.05410028705441505,0.4237160372307627,201.8457263549436
132.78988025737863,0.3048144107726547,0.9890471668808795,0.017182537463740433,152.0240237487699
200.6944617039776,0.47147726201919316,0.7809150792110731,0.14863449598130463,288.304178053829
67.51109138678025,0.000449526074255413,0.48071412919002743,0.0008557700545512859,63.113487356986816
124.8342178065932,0.9209531874757245,0.5755653553024455,1.8107874309947118,344.38504805469296
28.636384775575376,0.09909859076010386,0.5621744113330919,1.243331390444085,48.92598911084664
212.36409563474217,0.6824706006861725,0.2543607531431503,0.2768705507403897,374.95229519009865
42.413688468416275,0.6288654771624883,0.1853906942934196,0.18502584439688063,74.18031707979351
25.015759198421996,0.8090638551047372,0.29697571662213196,1.635189728957103,52.90597492414444
49.6096183463024,0.6513877305621525,0.2471535497961499,1.622079191552662,105.2458971244098
193.59244154915405,0.7693874172159795,0.557528089864361,1.854759280428555,534.1946107280697
25.84257938048153,0.42124860878852755,0.30820280583985693,0.3185469625089459,38.77676613033895
147.65538501374076,0.48870449455162324,0.7289447916156762,1.044549520319044,298.11453997938855
179.21042149732259,0.7016621021644194,0.5679397328570356,0.24295211340486955,329.72947517841925
180.38393793564762,0.5684267210550511,0.5322637654140473,1.5912791295491933,428.75866164576854
46.01958234264741,0.5115385502667199,0.9512937670892465,0.8249695676142896,89.826101157385
15.258947611438076,0.20555840605454934,0.32240953538032124,1.3916511131553382,31.612462179838307
107.98912891344611,0.2581082608063754,0.6352698632399278,0.060627364461430355,140.43597790778452
48.99524018606879,0.3584972410593935,5.0627027428640226e-05,1.555861994183601,99.6358317389012
167.97535875883815,0.009284385423503183,0.7369236472772692,0.4589725695009437,221.96950550147136
85.92792551747333,0.41736344958023697,0.5025439290167611,1.6856087156133288,200.78369196094627
108.12026887743514,0.0027684757639128144,0.20838495728445972,0.3717169678365737,121.31402058853075
27.67964147785998,0.5650154359213367,0.0015105564286171935,1.5801944751899708,47.853052904212824
136.42829362829193,0.7040287689723489,0.7069439640037537,0.2682114633598143,247.92641362666717
44.9330434168418,0.5621486316151264,0.6627007035505739,1.3268344766341178,83.9973852178468
163.11706578912742,0.6935199732048759,0.665407116479567,1.558517450418963,329.10728122299747
17.54493300022054,1.3168556207476811e-05,0.43745482312046113,0.7724657022243377,28.190927083683356
234.22675485137694,0.05944197328430956,0.6392973257699487,0.4886652278092196,352.82496455721173
164.4442113713019,0.6984624408755553,0.5713347901060603,0.6890551892869814,296.4885858103944
44.02423149095632,0.8029001479567706,0.23889504461126865,0.5931833179699015,56.08445255586621
3.8756675881144624,0.7177015708893945,0.5187680414684286,1.2661332607099245,8.693918519423214
80.60386268314988,0.6630122425535516,0.5145927946188952,0.08912348896010358,134.3896491118823
37.09877674050367,0.70738266381156,0.8236228882333737,0.08287277088409217,64.19486333658513
52.80951428213126,0.7395899257961658,0.43348902267073597,0.575545159708468,100.51480476166249
209.52368689587453,0.7243774983675693,0.436085435766277,0.553946723387656,370.01711653964617
144.96751608217846,0.7380084776883398,0.9844044712748163,0.35414047634856827,252.49131418595042
42.761607900421424,0.07401970741518082,0.8944638728589331,1.4336298931774347,70.51986611663281
133.819926464644,0.06327155149462471,0.24228599004374174,0.04752584753758726,137.69854379836164
61.75946649528588,0.36111994322943897,0.9102930946686671,1.8484695387808685,142.1762019048525
234.30010701376236,0.5275967145487956,0.13796665634603278,1.5149736529260895,496.4276799953607
8.345356648155015,0.7626190539217277,0.8533910587400004,0.8059154042268712,18.116812981540072
175.8902621091917,0.3347078187910125,0.1833233767300173,1.7178688398695359,305.87210027973
185.63278777284683,0.2751170766336348,0.42560334889836404,1.2363070347872915,280.52063338405765
16.585481967869214,0.7814483081185295,0.9839216312683395,1.140459123198896,35.074729726471496
41.6627127334087,0.24933685145399498,0.09704893655223035,0.6260357218921333,54.67037808852176
92.54144485539784,0.8208413768144633,0.8397878199680053,1.3262093472372924,215.0603952912147
208.42308095371175,0.17713354972003859,0.4947339495276596,0.2793894221690103,240.87701661243972
129.1114852512306,0.3594735228724768,0.11099136577511037,1.0497985887566785,249.154057173261
157.44599057674608,0.4010756094263903,0.9524913791050028,0.23222012147928428,222.05001973379905
188.03157409191382,0.29951044730764287,0.5492313681392259,0.8902938825074413,369.29451570071245
198.83540780683603,0.003356913887012647,0.8806410219243355,1.2325424194043566,358.9530157855263
114.57014806854161,0.23550925782124787,0.8691069419867508,0.31100687507801106,148.5425211773065
122.35595673624877,0.3376535588788737,0.01463458294069786,0.4442392241552151,210.43914446769617
172.46240277252318,0.31362489452666276,0.2648407035658359,1.6265154502341532,351.1525697037363
63.57049491718252,0.7855554964772071,0.3369215796131525,0.5114257344683557,116.41812618762758
205.1502918595431,0.04736776253647301,0.5348640455415051,0.19111211613694556,247.23777281462523
5.478444461964056,0.3889486996552407,0.07186600984108071,0.6613802425419875,8.964451878682295
47.38729872922906,0.03751545557944125,0.3889668983296899,1.8702798806141037,96.5633627774742
192.14788635724253,0.9306475661290093,0.8146381236230967,1.3875651231388029,417.04655892935494
81.991841748295,0.7902094370310964,0.17319111500726658,1.1508686405011597,165.51300639022247
36.38496342980728,0.9821615992380135,0.7012764745763828,1.6808392429955241,92.78823587284775
45.227763992881094,0.9101605316960185,0.46032940938727374,1.3203745000637288,108.58437798266546
127.61615826368866,0.3158127721160844,0.07070511889648479,1.6222908976115231,263.50921531539643
203.16047627812458,0.6915834123305803,0.17737406562895475,1.3143140043871064,428.0602784791761
17.420846427180987,0.3065540874784084,0.1410307317338546,1.7285156403415518,32.96506319277446
7.8001777353535315,0.888211187929624,0.6197178463187532,1.2480163510306508,16.498202365884886
111.90776853292392,0.4107528699673414,0.08732439888282173,0.5297497387177663,149.94056568808517
229.5068859053455,0.3758875419042321,0.8230467807774929,0.08223628570239838,347.5176972419084
67.32284791768328,0.9140687442333334,0.806659130936897,0.21064049384011763,115.87293831349592
230.22134410655806,0.8367402876198543,0.08006199712078244,1.0248915712358473,456.0152684683605
213.09964179330532,0.9664135533643016,0.8881971977301835,1.9435367611899574,580.8964950446767
68.31085079480891,0.06648808557444685,0.9591608256761988,1.5189233724494473,129.7994265994733
196.15906138934716,0.2433388780388599,0.043468098181245085,1.5508853404130227,365.41432731477363
164.7652189652321,0.30085774786704567,0.9503295681368317,1.3275742438939218,294.31820933066115
123.08146214268935,0.4243520609547621,0.2794621693896858,1.8069762652778434,270.3839216801893
101.78841625876849,0.473130045948536,0.6647619408031905,1.4709186390841333,205.99449810140268
195.8129100441469,0.291472428066738,0.17481574623696672,0.5167268217423628,282.1454711354562
190.4425241304576,0.7904504231450284,0.8174558496046032,0.9989645703415151,448.4644409587272
181.78625245824293,0.22324414448505647,0.841913341560424,0.8086859926337375,317.12120930279264
239.58230031606337,0.696517313299113,0.9783414051964953,0.3307816362174909,401.59214822023074
115.10373439546144,0.8517683155920974,0.9925334621708327,0.44475412948139503,219.11929500618186
193.75805318786985,0.6036982391595863,0.07585770777602807,0.5703135764654039,373.68907109373396
207.0635688925431,0.35415892589282083,0.6579636012780745,0.34728732998457246,302.03484224737576
51.1788182581573,0.18789124219665132,0.2730461771522924,0.43461679847146284,70.23301815141016
10.574912871708104,0.134346194403696,0.1255777856311452,1.83278672204756,21.817887090271274
97.43724232416483,0.7441747391490616,0.14879541871509805,0.6864784164186899,181.09337439088725
205.68843592260785,0.469131997583516,0.9364372389284052,1.6550333791668024,439.25974690246727
69.7402358460852,0.046319551167367634,0.6836492383453451,0.12877988865520784,78.18429314181672
168.15243189914807,0.9838395069426202,0.05046095096904113,1.9636187791856614,425.36677247004263
2.2598793058909123,0.67130318298899,0.9842300781460926,1.5295834825792787,5.544128744187096
85.60978154069694,0.8441825514269772,0.8078122363607148,1.8134321341472186,243.28053845920263
147.9162483945772,0.43818867131701145,0.30917930565072504,1.051822743159128,228.97582173858646
31.57684702232468,0.9554386208080249,0.47086669360570055,1.2690758364006758,84.57035054026936
215.23735545931044,0.19952502092412727,0.7265759792020422,0.721638058678534,331.35642686834075
37.927617519540476,0.1851361229388161,0.6760320858394464,0.8640624419476686,67.57479904005226
218.39555402845673,0.8903347347703588,0.46308089881423575,1.5014856286571152,472.8971457268175
52.325239429572434,0.8917170640057281,0.5123899006990669,0.09993727999781044,75.36227531415845
238.62974240284387,0.4990194854990422,0.043207680416432526,0.07310267079917465,282.9705700800451
145.33731683429403,0.12578635535397864,0.5006332444869486,1.749842095457003,275.33567041669403
20.70060221797555,0.3052164582032719,0.34024689172403644,0.220015280098931,29.598704579113377
16.133897657639032,0.7541523380344677,0.28505120047495636,1.4420598986797462,35.450492129778624
18.44374625414277,0.8459919080013034,0.269622424768186,0.3990855945950307,31.97266191915017
141.77931297618298,0.3476547477448171,0.6489468973564484,0.7324177728370529,263.6172721636018
194.39421895740875,0.061233681816867835,0.42925762072131857,0.5870996388816725,268.56288316153143
97.00957665403612,0.6657266815727806,0.4258024084279245,0.9806709797407827,194.52801101019648
107.0381643480059,0.7394970414382935,0.15918699135147873,1.6533229731736152,316.22678010275683
141.6344050276784,0.42401467586369257,0.961863568243617,1.75106818169545,316.54265081223025
128.16322484633218,0.5830976116178693,0.2239262024505514,0.4440890503877748,193.07684253821168
165.2907850777542,0.9873714975240833,0.40610920660078464,0.6752969983189789,349.7337679150606
113.49267997904487,0.2449985993596594,0.19020476417973897,1.673833718376584,237.15623716149912
171.46963407284417,0.5729776937992509,0.7031428523891479,0.17927000387102576,279.0185182008835
239.35592283991886,0.6109604135626425,0.4361287464608543,0.23379367707057686,384.3194111041535
84.3963332185792,0.5491071960244631,0.41364993901810154,0.9591628393763052,180.53553546335078
3.425603368226518,0.8691295579437958,0.8750948853890671,1.58028871222395,9.467950965226027
30.587198409621315,0.6050075319221164,0.7594798497934533,0.6719523621697685,55.38983520591533
133.06664730437544,0.50789002239129,0.5198750528891809,0.1388638189805036,185.03701324880626
82.94974002114417,0.12301502666117314,0.46859040404113705,1.9357350944129543,176.08124658930038
225.62583119234571,0.7032091992934255,0.9599013977970557,1.8778226445142108,522.1456471172255
150.77333858071822,0.13210736149470037,0.9564621646912369,1.3038028326172015,302.7579809645775
125.12506703872957,0.026569893364223662,0.7047708679098876,1.3637528262236296,229.27408431769655
191.6304605546485,0.4885311630634622,0.7601479264864329,1.8673907027042627,557.1443135847977
62.432274116258284,0.5724452721477323,0.8990929081538158,1.28772682946813,151.3839218201168
196.82738039762515,0.99905406137388,0.9643087558707376,1.576824858625997,444.69946773908265
1.2331346149502602,0.7123267944552865,0.08227476627082331,0.9270317373108365,2.215543884324531
148.9127282315044,0.8485903202275773,0.9973388324705817,0.4560051962976557,233.153773406061
224.37433767546406,0.3463880390307553,0.7030222149693987,1.665064303579148,370.63047601816766
189.19245851211187,0.5089146825799675,0.5927448541916276,1.3687638589560922,392.9160199708031
204.94538901929258,0.9742689906618556,0.4131671253268977,0.5791243425857076,355.2850983904374
95.57064949357436,0.41738855214277626,0.33638989368603744,1.246551102321661,210.58462120842006
197.90522759098025,0.8072904248023839,0.8042102085239773,1.6329679642890447,530.9269915948075
132.42418377474885,0.5259891177444961,0.6544350565466125,0.540690452675417,219.39593633160447
148.64038664251615,0.2239618515300641,0.20070516882149403,1.5363042174438144,269.26872398053655
14.61022377092494,0.5804186372108828,0.609911037134006,0.1446867779836436,26.04593176450305
48.771631473266915,0.21806202837032151,0.14116610172146538,1.2498976482818536,98.81929215099342
132.45597751549585,0.003026989875741126,0.4968748265061286,1.997867250408592,239.05876883760052
14.582853348727687,0.23589601547334327,0.5834576378346484,1.7327494747978998,26.567234092379245
178.0765101777573,0.19314383235509036,0.6356840707440323,1.751316104579937,350.2757500296813
201.69365354099543,0.37092117719943374,0.1452621897234352,1.3607143056765467,395.44315558552927
220.92678553010578,0.8885969038092881,0.09559852865077034,0.9223742551916905,421.2241156650682
24.87354597356352,0.3878530735986758,0.25870816597535784,1.3544310639187,49.60919085258414
225.56299940146062,0.8451876274909911,0.6070298321546135,0.6423846742242603,525.0141512594031
16.69499182721615,0.5556130201315813,0.9316828139709228,1.1055370748379043,29.073208005946714
114.03646371471177,0.007614704222566937,0.7791235309003536,1.0793598208986153,177.69370097440617
201.74011944036093,0.18873671290321514,0.7457105251724274,1.0874607018469937,303.4289734087556
17.33951768618706,0.9312780452080364,0.3302323445577159,0.8239751809037295,32.34287190948416
4.86634198086158,0.6041734461977185,0.11170737977515854,0.7056036607226139,8.17230412138711
6.47497863024284,0.9295468585722739,0.891939406120252,0.6607090287079214,12.380918776578664
122.94922234493004,0.31012002030345287,0.5008535050166287,0.44946171655894607,193.23603640616707
194.87742033090078,0.7165623782827428,0.10051084620425199,0.8770944898756972,371.61329460020687
31.018687721887613,0.7720251598972598,0.5349687301171792,0.23549130727095902,54.43894809727154
30.34415585204998,0.9756996027362554,0.6754102426652563,1.8031470846418762,75.51020228820128
136.6669717844251,0.0181764831689607,0.31990002960233843,0.13936759942723698,151.4018728267285
56.613796394455726,0.9522372151232462,0.00924893168363583,1.6748374294971333,129.70399256981986
175.38618956719728,0.3915902176041651,0.6216069621477621,0.4824968167287613,270.8261546589421
227.9376754683316,0.837992405744867,0.040095518429485,1.7064383589558383,550.9280278926097
183.96500088079893,0.5447129182210839,0.43279329087118723,1.4405323894944573,309.0759413575672
210.5835002477505,0.5646495430333655,0.8247752281268471,1.84195024252412,507.898583692196
124.94086078841504,0.3593778881864501,0.9988476323424802,1.7404659482871194,250.60296851246784
199.84047336009922,0.8284725903781975,0.3703029139841675,1.4021750471368186,431.72879406629136
44.30531256481043,0.2640135708378334,0.020126926500197095,0.3033576461837524,49.04197956731878
16.86931974975276,0.49224138617860647,0.49290310193877207,1.098090639609261,30.947972714217517
157.6007698748623,0.5601744987674754,0.27627539743199225,0.6796561072509029,278.5555207313794
12.942624650054396,0.7425210934274884,0.8927750135891924,1.7715512712808483,33.03073493310202
214.24929988395348,0.47163533704153704,0.711503150327694,1.7444569881095697,419.13941669634903
166.12721823222674,0.6802828988394938,0.4043232688059525,0.6280749047974217,310.8387171405337
228.55207373543442,0.4852940963479754,0.7620282309181695,1.3433991585559895,523.7506856592377
75.67585418701994,0.6593206369585947,0.3412058689229325,0.6765696541144268,129.09108855478127
116.93491505378819,0.6741434762081482,0.5217635851137898,1.3563809907826387,250.55384465721855
178.134842428306,0.7094415605292438,0.9227852797991704,1.2277420887873698,307.9660345788361
58.64556701786652,0.823299793860326,0.20015726623702945,1.0218959049041585,108.42605621240119
130.27279241674424,0.5407225609599173,0.3130580019067061,1.7568120281352544,294.1372438260432
158.442412363812,0.19327816386989327,0.8855934125269594,0.4921005313644944,261.49690435939175
234.92467274006637,0.6796408416190554,0.46187836031041174,1.594933328597837,495.2750396506259
178.85643897105115,0.07711808349216187,0.3178888286735788,1.3790154459445858,391.5431976935094
28.79233864183822,0.21895502246118403,0.03729867018394051,0.562535739541391,41.639147527151756
114.34236160630282,0.7921575286647992,0.41895303758690106,0.8433715092217979,196.5546704797001
141.51060252600251,0.43507014433006597,0.5006011113688091,0.13802834104616113,229.20888280503124
35.61624271601248,0.49804416765121706,0.4063328673210873,1.1951533154065712,60.27273575141034
103.95587064696826,0.9873969184835301,0.2774592337705588,1.7757818919510218,267.44298943833843
68.5193930124296,0.23517248584891792,0.3691301735538661,0.23563684679604213,82.3730478371261
28.95919637175522,0.019552749535934555,0.6424447985537197,0.26399692001196473,31.213837883762118
123.13404306449735,0.11137260951784411,0.8912797199630025,0.9491337049153292,224.06006138924766
40.16912290245673,0.2445018596608296,0.6496758225775019,0.5624602081156749,59.822095387600804
141.93370935628073,0.7259200243964692,0.6461624359737661,0.5538578228275983,305.791506809787
41.14241527192677,0.775822031984762,0.8168748619808778,1.2773402682336172,82.26508976602742
173.80098420287564,0.5654889540141138,0.16514277773326635,0.8205127549285784,259.1389961082816
47.26036871560606,0.25504639869816137,0.30109762945813845,1.6892951177786606,89.09425790742635
215.16028163588783,0.5217418945268236,0.05059098297487097,0.8578122414871674,480.9998023666462
6.77714089343972,0.014957555933934219,0.3496377968732406,1.2305509632821425,11.941550047336175
125.51837419745377,0.6818009427417963,0.9988237822665057,0.7957827577366705,262.4326528143041
77.16509142982798,0.6142975554091679,0.3293123953655759,0.5120469943394508,137.98077368044432
54.4058279230145,0.021796539381543578,0.8597729960259071,0.9426642129135068,82.47293095391876
113.44886561005295,0.8170116336327956,0.08577771393043243,1.4409608521819384,316.97649303138877
202.16367894966044,0.7634265351621218,0.4597123633359994,1.9056182813509386,515.1365823563817
219.70889072363238,0.3082237455683131,0.3514628653816366,0.0843336518111959,296.3821971320248
73.12804404640906,0.635376650632306,0.2015828632314156,1.0636538953619574,154.8704314253474
37.44134749176956,0.6014929634649732,0.372506257056864,1.271932018371866,66.341305499514
172.97363719213058,0.14318027922687027,0.6512781114139471,0.17144105347770577,203.11162505280947
139.8886947467092,0.19325930111436584,0.4903080748890929,1.658342047844714,267.4677519724909
48.6433676082756,0.6832061362281295,0.8443340312084617,0.5519039973160991,98.61292672056587
182.59084124694107,0.9335516462700085,0.9049466068483374,1.749823891915635,406.2996821800477
124.7838392404928,0.5762843206987531,0.4818928311694448,1.105213923500432,242.764371678867
156.9881502820241,0.5678131455595449,0.9817263141511197,0.3041578553639035,258.6408090403994
86.5616986342316,0.6466816947038385,0.07202076353658393,1.4784417804381809,153.0587544634522
105.66386593191905,0.4405783001781288,0.2763392213362481,0.3144570052401081,148.18530036719466
43.691932560798655,0.05417204350134375,0.4167112704085759,1.4407568776965958,81.00129364970779
181.68555030105915,0.3965038467246972,0.5827015103583273,1.6163964387787897,323.3984581715271
38.10421213435415,0.9002522101178897,0.5459297413132106,1.151058290256133,95.72158290071856
186.90347144287918,0.8049468003915485,0.5679767637820737,0.5421848919862857,365.7574692915164
191.62288124485835,0.9274235685770654,0.8962507226086311,0.8746755272908215,427.781636467451
179.31093089120165,0.15283158513241057,0.277565191953306,1.0560409099420125,291.53282842702424
5.151757740068332,0.5059577570388295,0.8168537455886287,1.3315621994456457,9.522717487065616
65.91540441929831,0.5847281548129437,0.5580005541276593,1.267851076533805,126.41193950973079
112.66688939863938,0.20992550999297444,0.49049048292269126,0.8008486587251262,185.0531286083479
143.1328787026726,0.20097023926897006,0.29941342562546913,1.5163327349209588,249.79821009189862
220.65369279888753,0.7820329326428023,0.3040688027600028,1.5428327298710087,507.48923607422046
90.4576303248242,0.6718519170522066,0.38847987144488705,1.3926623981659916,175.62957845350473
210.068084846362,0.6471875368151602,0.7635104880996915,0.5443094084137687,395.86023460930505
39.64131450877235,0.26698745798301493,0.47673288759227106,0.938792573429325,70.17651202024827
89.42167675831615,0.5067694242472068,0.15383368525624996,0.8655140042865983,130.7598899281934
13.021541591706859,0.023069953489327832,0.7598631773427998,1.6335844718897308,24.735514577614428
178.3261852078215,0.1299460526004279,0.6633799879158684,1.6163599618689632,291.98513107884713
36.58133540518265,0.5182508627607912,0.949238768401167,1.7321618092515598,68.09768402040288
62.05629374780564,0.3096722756319128,0.5294141016195433,0.4623515627469832,87.8270521232947
186.16836390027495,0.9656697568965166,0.6544221424578042,1.4969091339747655,576.3195593733187
128.56465382273905,0.47148472326701063,0.47933027276121143,1.7407984173514073,301.4630639250912
3.8464663007217843,0.08356415635685066,0.6807802082779644,0.3329814821267243,5.813507176364422
1.0353315370016138,0.01784234725531242,0.4361170632001834,0.07987412124980198,1.236757571777455
122.80322130170535,0.7252578738476714,0.1378564787358244,0.21101709691184523,199.417622912351
73.53684554293216,0.1715067380503139,0.9866832362991309,1.2124047534037334,146.9956554544017
43.68459131584492,0.18781236900505904,0.7203637027958554,0.8432957409111699,66.70191543883382
147.45574808300856,0.42380722264067106,0.6086258252298514,0.39010272785578004,240.94281598673336
55.210534976323785,0.26406058915346464,0.48142075018551944,1.0566071435136568,106.98972547111185
142.33361234954504,0.6165770797461895,0.7114290021886652,1.5710450285492827,340.4875459924483
91.33419516541235,0.4856925072237638,0.12677492213518093,1.711635361393959,216.53761615241524
45.22571913191464,0.11145060147723007,0.32611339814169416,1.5034419655909919,83.24701174861752
33.5760847195653,0.7847408479094484,0.12469935076288585,1.7710227896043689,91.44969770056407
57.228114448985494,0.4258588544142481,0.12602509609820411,1.208370797436787,103.28971398525135
7.6447898691099265,0.6108343195893006,0.021347544877200808,1.6741473615663285,19.956382382753375
74.29640740768629,0.003942332532681725,0.7558934151415505,0.8343741847250838,118.94417506406029
216.5181482985397,0.626400033436537,0.2273086246251792,1.7049572353153744,461.237887818402
199.61122914898527,0.28284985703093446,0.8320077190696871,1.7916263776340355,376.7721843477318
89.59489973435831,0.4943707432099935,0.9044345141637322,1.372816121436819,173.10400263811113
138.41215165034203,0.29772060382128973,0.16856605965189264,0.8620926092987431,201.6902919482161
136.382853883867,0.9962607446422428,0.708864042335941,0.5633478259221492,274.2213656722979
198.9826406368941,0.23084231471162353,0.4603057284900609,0.650358945895132,264.88838864087876
57.091479313313265,0.9128596014892566,0.9189611574060509,0.2647102041468856,121.07146413596278
71.48480356592646,0.9179666318299169,0.4844171938016525,0.094323610521583,124.77195879151162
72.77761138207396,0.4210006529343677,0.378873886442777,0.8288360921962246,125.67626569560255
10.288362550316002,0.30400311552335624,0.29456511903016,0.08533737111609208,11.71643071079454
75.86774325776153,0.38103554689879116,0.9036214402281574,1.7611760533964544,154.27298910677032
210.76034949282766,0.989339087391798,0.2261793034085282,1.299916180445298,371.9920673714793
218.9210415933697,0.6187962273376061,0.8277147916094866,1.6873344924545381,587.6501238204872
26.757665311567816,0.5447802378206386,0.1941874475779376,0.8888333214984245,41.083753946297534
110.20502071761432,0.035917881339427304,0.6433968542534914,0.4479058873506998,127.92649097234288
91.83306193023957,0.8478430303970257,0.4510656397241962,0.5805576578699201,198.46326490726818
117.7015275913014,0.083805455807199,0.10460867501667936,1.7094662412482848,225.27768041805479
133.35532601205318,0.046972367034381346,0.12593300431705234,0.24378646098202972,156.95180612477543
5.351973024250183,0.274858086117992,0.28150914991566967,1.3965316683757671,10.281047400318249
202.217018377118,0.4757886050575182,0.7666516849540702,0.451380485140362,365.57015648701656
233.69254552501457,0.8952889600044005,0.7289400022656518,0.7063397603292598,479.3699180306789
156.99045247487234,0.7900787990828386,0.20512025140736734,0.006093505941717758,206.20237826418204
158.67831111916192,0.197632144505843,0.47620219456689983,0.9581775386601334,280.2248031159684
126.95117595045467,0.37207952842727654,0.09698696267699525,0.2567056342805747,181.90730583696885
80.55848210559442,0.7802402646188827,0.7159462861832028,1.7192948163678436,216.86500112851826
36.1801888909953,0.5270924474690973,0.7933020350174008,0.19545583801307664,49.814020752939605
140.38317057570413,0.17449194202407925,0.893512000037027,0.5007370747113009,195.16246529052103
11.26346614045509,0.3960552026783334,0.8857459663901738,0.029596811769490472,16.740493600187335
197.9683649622038,0.6259358045097069,0.33789230714600593,1.985754756446157,423.3046655847236
101.30835202321241,0.9732256748088347,0.2545338334400228,1.2828754559091606,174.754320439224
99.83363668679297,0.661812054856409,0.8965893747463688,1.2871536420076843,220.99365994826513
78.85742060497944,0.016195162231396942,0.14600697481950986,1.0377216970990177,129.19783641702023
232.66025634331143,0.7050082766325282,0.059344071692626676,1.7361109984134115,516.7791885971712
42.39261018858716,0.2508648074572305,0.3142429780247745,0.2883761696887621,60.3399551669958
36.73822324331307,0.8621589142138149,0.7603000439146628,1.5857037129320983,92.1419907604757
40.14479462003472,0.38388990822613855,0.6941997921554635,1.6142469519039526,84.42853748841489
158.21733214275798,0.19961503775430023,0.9870552790268564,0.07225671595979333,214.88341226259288
238.0589288357388,0.4679471865102345,0.3595335711079356,0.26535389842417345,402.10104569193203
56.89630331122025,0.25519797431500546,0.2758473148568794,1.0942978017452356,87.80661784914857
217.39536659766333,0.23582148849785056,0.3782076092449266,0.18038304088642598,305.0546998130942
67.2286659303573,0.573261800773493,0.7822562614304541,0.5647324524397344,104.79800457613553
155.6720308700094,0.7673462708508795,0.2142999511211381,0.8073462199800328,272.36294121340563
10.199498988041569,0.8349543741598756,0.9477479842464528,0.31443511754067366,21.18059391026463
119.20912691099726,0.39766987047039104,0.512549332529695,1.4082933761963832,207.94698716978053
157.26950692381612,0.06680376359693929,0.7831449957744697,0.990122661919276,250.1474879561771
128.94858664481956,0.48397499846555336,0.8272618244839166,1.2796328816650064,325.0640745382789
57.46157467918897,0.4337814770283859,0.47881511733775006,0.9485990579822643,113.72232098871439
198.92501911016578,0.1969789482530394,0.7413713804025869,0.8249687936623249,300.84617147743165
232.84769444155856,0.8961449011441202,0.36469432393546086,0.9847781069762693,459.3989269940078
110.47746491824964,0.9741482530206889,0.8109280142732043,1.7990295360659765,281.130710400209
152.80266401282626,0.051747188033081426,0.8239030086174305,0.7920776565858807,265.90706425741683
189.80397776876464,0.7957463798574325,0.5662058194384189,1.2845251936274555,375.26291922646897
58.33663001891966,0.6457165579415387,0.21814781587303733,1.6679250324293016,115.2065161875267
207.5358664719441,0.261436258165908,0.9702231751803647,1.2421753004576357,423.2368441223627
67.6081168217444,0.6351561182828129,0.9469798701752478,0.4521287613464826,100.4917578534737
186.31147744189968,0.1286431916834745,0.6198205445793368,0.24391936501486033,220.9763153036115
27.347766166128082,0.06940650829749728,0.9838810007810211,1.1817542592964492,47.559887574104884
69.56861546769365,0.9934890750522605,0.5027962963912317,1.4547905831513863,165.77093733773236
128.3019741785983,0.6363698584586601,0.3754843749260325,1.5374743003913764,240.76464686930277
126.21884192118348,0.2532226245332335,0.4605030157696628,1.3876043949395374,244.6277853909486
204.17826868448472,0.45003395590376594,0.04590701818551002,0.006908449714255083,280.9695591976179
239.07247820444644,0.9500881822978404,0.5491218481913619,1.5476805896938728,538.6318268133903
26.17699758350368,0.4387250683868097,0.6662324405631974,1.209245378860359,59.49972033219392
65.49745781159638,0.9004445320023442,0.10951997373064903,1.976362764863011,168.92291894828818
86.14477134842666,0.8688091979784617,0.2555975716961697,1.5291745606654963,178.13522984518573
115.2009586704962,0.3441563160908433,0.721184109850814,0.8604143215413915,233.0320303935467
118.79138348547858,0.6960090040771025,0.7935901783588653,1.3522999183358395,248.0907555131108
205.55871762404578,0.6604985037825924,0.9858670493444452,1.2318714698332611,452.1837503523775
185.04895301703138,0.7712118706198419,0.25322368589075106,0.6747869563818858,325.7679800579418
5.014953179589819,0.36592916426748545,0.841439471664581,1.067058288870769,9.960569843494854
109.4777116596735,0.05223649849813272,0.17210296511416656,0.40876195896420287,130.14034540077932
148.52868425945925,0.171039241112511,0.13087839539864243,0.17566034396562635,172.69401043080524
110.76474310877911,0.6165536876737592,0.7292035811756206,1.4660488868481651,238.88362149626485
31.789538818155705,0.7751001868973535,0.445872371441154,0.768257388511526,58.267751956789525
95.69504304391025,0.756048634535596,0.793923498347001,1.5114266446649338,245.2232518944556
99.0915389835718,0.5836815851150307,0.2825647953343958,0.9766740344012812,161.97315716900428
45.45796342671722,0.08475814571489249,0.21319387709969861,1.619578749493465,82.52933217930143
181.63555391579334,0.017288627185812477,0.5487987438230502,1.4792176433249395,325.4101499898969
77.4754628941232,0.7821417573220727,0.11531047467093081,1.5282619394434072,169.6120842209651
141.56245609118358,0.5493764341898627,0.2787492139914963,0.8586629758755235,278.5026847666315
124.01737833962483,0.7827121027315078,0.16623701145828862,1.9223585194933674,253.27273425239926
210.6437854723251,0.16278846147938886,0.32004729377244145,0.8105091629560868,340.1763202747047
29.722576181149744,0.40742317077114354,0.7654987058515481,1.5862875165074424,55.074655970975485
27.865990476703704,0.9191692870779731,0.12074233720784622,0.9791776108022572,54.478696742110756
72.42656075496228,0.17159799124716568,0.6118689191713708,0.47017132720092536,89.81575869758808
103.77598486613749,0.06152690381254433,0.5847660704832264,1.257827873407899,171.69145791197076
72.00086857613742,0.6534673837817484,0.5381306291672862,0.9382188410127883,131.8639869894742
183.28330623366088,0.5945363406217563,0.48424760347356155,0.5281397246089334,365.03245747436586
59.24116942467727,0.9520305058577333,0.6638606041882662,0.7650633594014002,126.3531237819787
20.80355089395261,0.9064684210548758,0.8518106554557561,0.3198746753253072,40.971313747423416
99.60505446725334,0.749430390220571,0.16203663834884097,1.9740908294874702,212.9877581319865
185.72433950916692,0.019157237878252187,0.8141313223715929,1.2863674415597293,346.6500818624454
204.20958548902453,0.48038696840656014,0.06147564434405195,0.34708969415845803,351.62527335622025
176.1360911830225,0.8961019365370388,0.48212444984270586,1.529176672347558,451.3396890667037
134.1138595006887,0.4336510881144773,0.5114655208908595,1.203756994960887,223.2050113594789
173.94391256892783,0.9621457196129947,0.19758583161416254,1.445102411185957,383.3691090761297
163.6927937052748,0.6524879806439825,0.0896731053565375,1.1689727468264335,325.36045391006274
56.63080848256707,0.10945712754279413,0.07491097546197312,0.1209344387728093,60.78239842491304
132.4067546826649,0.5092720751866835,0.03723398504328801,0.4064794637345135,252.34379113025315
185.06093516690447,0.6956171356451476,0.5735930241189825,1.5374886632929672,395.8244936803576
76.4503985190956,0.06536897223962068,0.15547461055460587,1.5087006642081797,133.16181761006976
157.12656863870507,0.34464953207076743,0.8087047494299412,1.5077506626302124,302.4915135212566
115.81456239075224,0.7170810630539863,0.8989527210333922,0.030429434853910253,194.52686387578302
121.0065448013323,0.1570713623070341,0.2924081602001163,1.6103015827172202,258.85232028323435
22.068181548827255,0.3483398982705226,0.16446642997870864,0.8782563895648896,36.85840176014741
160.05901109063845,0.6899103224672339,0.40961187562008283,1.387322902686734,336.0369596553149
207.83204496740757,0.7755409018641138,0.8815702012845593,0.5441593565481309,353.8944877710433
34.37279348219414,0.5185117938254206,0.39981918334123223,1.5390572736397663,80.96930952679482
88.18230610083963,0.9568575277000096,0.10833629601362293,1.9645635376210677,219.5052877371815
12.155855434379985,0.9253308587989965,0.9846680927625059,0.5070775013986386,23.940012723235416
7.596836691345669,0.4734370539077851,0.4996754712192716,1.568395280833759,12.24206664026482
237.52320995288264,0.16027441011132237,0.3423714711909117,1.209900906057834,401.0587201745958
118.68642623937912,0.7729315638839585,0.8936207898442049,0.5461916338513497,217.48941153043165
85.6468049631415,0.24313957539314401,0.9274034938726929,0.5887140876612929,111.30480801725783
66.33305985169203,0.842821309999105,0.49680446650865606,1.463275343645314,167.3530616233992
235.21302846431772,0.5871443411550983,0.30671639379340787,0.568691957192305,376.8489610316906
60.91406313244324,0.3940930063977466,0.4826338195621567,0.09558713437490485,100.43412291569872
174.3071607791895,0.5563833585825442,0.21928195117018712,1.7479205997003995,435.26578325174097
68.46006394552114,0.5328087684579272,0.47823809793893135,1.1778985074160169,124.67840552903276
17.382236532982127,0.9247328458999177,0.22943110567610459,1.5169472658118237,45.9476073632665
164.14474917704695,0.21436304976156284,0.6222027610785109,1.2064474772272074,341.94679704616175
0.8905880073526371,0.9281584525516764,0.75988918106968,1.0329148713610867,1.8538776378512183
162.3417685187564,0.0313410414598555,0.9694277882755549,1.5399647623736796,274.8286707991484
60.46519545806264,0.7692032815330766,0.8425704693043837,0.0643126588060774,79.71487868819878
179.19196358112455,0.9196681307115652,0.08613484480655365,0.623772974990128,352.2988399274837
184.85516508048053,0.39405219098652955,0.21152287994165886,1.254937451087336,310.1861239312807
173.92368369680034,0.07306718699526726,0.5316918578787055,1.887949389634379,360.8181528043738
6.363784231492688,0.8046675314937101,0.257590994188999,0.7873014462377428,11.546763402219831
169.04492040468253,0.8428648556917351,0.01436520708330058,1.9505818105261021,378.4703660930031
237.63987456635527,0.3362573879884535,0.7547909499110205,1.5105637240727685,456.2604167638785
58.60877576188668,0.5185932856859061,0.3577720075875708,0.9697928984947506,93.71538364663328
66.18013804796858,0.8094690680101495,0.06610003241986184,0.8583168118176028,120.19365667535949
195.3396086245392,0.19204297725011954,0.5088364165226363,0.25888503787227735,241.19214772419082
38.915034810931296,0.62897575639127,0.9772087131483904,1.2303882812314737,83.0983670173134
158.70979028334008,0.43063065951581914,0.678538626422761,0.10470733504784824,232.3946037544907
181.32881741138854,0.17441575225426353,0.15876611324267864,0.8581486508369782,247.40996279625705
9.399978505736044,0.8314402072509596,0.5142955859296973,0.47541752545158844,19.27240120975343
133.12602157652165,0.3246808321999267,0.9017224548934856,1.9125721934121802,292.659223837585
138.42260341934394,0.9344261156550162,0.054243666952088376,0.726527911189415,309.5356956109366
73.17457392533471,0.568933869819802,0.6378932007649366,0.9785074555589166,144.25367920557335
210.38454832070536,0.5145099813847384,0.7212729897808976,0.7509862030504004,381.77608317863377
39.478557772315604,0.4233059442193591,0.7040116993145091,0.27441960417803135,57.262383400296805
87.7246329266536,0.4006708898563054,0.1501704185470848,0.7051640919271118,149.43535429895363
203.75615057178538,0.8179662748371039,0.9072785317152614,1.5579976783682605,489.8562856431305
46.1589402071352,0.677500849486126,0.3222713327130726,1.242391351710603,103.12306189675735
197.21910565047816,0.7736901311234224,0.05174202339100509,0.8748300058497598,436.1926428081834
19.437067979625393,0.4210841596112086,0.08322093448254864,1.6411413394206267,36.53878392701372
117.67036159200262,0.26143722470273545,0.45757738179969853,0.008297497076067195,156.86459244062564
18.541693655745966,0.08686521852818196,0.03998200207904712,1.6532016006265289,35.47703630907238
162.85790862223266,0.7766559899840447,0.7795525177682635,0.11907116523789263,289.3249924454245
189.84905662881624,0.41527643051770413,0.865823505970318,1.7405438178220665,401.21331762692904
204.04112230510927,0.509223592096683,0.013373175021304862,1.895144093722667,427.6567090569964
235.5123090531853,0.46934323519704535,0.8100135033272438,1.6383389982785395,485.2418333121917
161.44776549075104,0.4311378563692402,0.9812064690993978,0.039187541125803804,223.68161966695692
184.69032836468486,0.6838995770678498,0.03036816110574947,1.0524159289980326,325.42118456428824
121.62910765795839,0.6087341157586086,0.7249672446196165,1.6575925655028956,273.46422421976445
219.1004878328797,0.9720537986443055,0.999094078797637,1.0900327241896368,466.18508176210764
154.68013253677128,0.13890390764923166,0.7971185862939543,0.7198734120914261,251.44379425951013
212.11056179719674,0.5735193132327168,0.5053570030351376,0.9413908534672686,402.61280258264236
56.89075807482446,0.06324016340231398,0.8848229720731247,0.16138782176847677,73.64668178314103
119.4686984819764,0.8079184187081999,0.7079324249025358,0.9926272896917363,243.93652771529852
175.29163159478105,0.6163113332510931,0.29245165046039634,0.05569365580634722,260.92003065476166
49.051860217762645,0.4283788159925379,0.22431978207726977,1.2882308956609978,90.82309197322188
51.115880486243796,0.8022356546439461,0.5125443927046205,0.7809045061612312,108.27915928434135
234.74123632715018,0.45500260849157825,0.37299052402161037,0.3826859610450146,344.4094200649085
104.58918139656085,0.22778609531344718,0.3294679908080017,0.03476580219461778,132.7170634831856
44.04480097524331,0.4725007611103369,0.17792481672688487,1.8442380284588482,83.05525915519135
79.88559973457069,0.07083179663733918,0.8452860031716979,1.1126380541677745,145.37998362835225
95.67158750968918,0.8978611096393875,0.7050145006448767,1.2939067712972738,207.08542751465325
149.72891916411797,0.7309583747344611,0.33132146965874343,1.5587154290396819,304.2764435668707
221.5620108419367,0.7603157862150277,0.2376670815851868,1.2531808443596246,412.4741073324122
236.7883231833408,0.8744933040184423,0.12813791300863586,0.8262080670261727,408.26264353026977
156.58185275921144,0.7915725888150836,0.1125129546723529,1.2551764060659432,312.9310231258144
168.13140541105508,0.4318525902534398,0.6254781852170899,0.5050331594300486,313.29876202864534
77.57808614233308,0.11863640152544963,0.10881717806692537,1.1227032677074185,116.27886296525588
205.7894836099754,0.37336477998095274,0.9602126239769673,0.4111746026037526,256.6121155360181
52.66270128526541,0.9340847143797223,0.2791351016120668,1.8348456102774304,135.54474073510275
25.978165509976733,0.9490904912313797,0.025804860581831623,1.0191353576845035,48.01754502548798
233.59480962838737,0.7678708655237956,0.8553297238431848,0.4676805616526749,470.7808213203405
207.46121309851748,0.2044305830713875,0.3675873958503002,1.2792650517358226,352.68110893899427
73.22300972188293,0.19444985846416063,0.34296588297495967,0.18063920698211744,90.40339414107741
162.20338657326127,0.8797715108807204,0.11862061181638328,0.8680380372213505,360.309725177431
112.35089660046128,0.14191592301112477,0.6604220582189083,1.7319292378860158,237.44776497752375
77.88920537184028,0.5841374773324892,0.3587933715894335,1.5357170058986782,145.59052931991206
69.18242347709062,0.3782516822790678,0.8229945295667228,1.4068790517444065,124.82361025119275
33.0785731304071,0.3020110079611765,0.6306183036301293,0.94120668528791,47.110876065865355
132.06168070506348,0.6773820256769805,0.8799123525939663,0.8937582357919753,333.0259350718023
107.45990728314312,0.9595690766519378,0.6225611579880763,0.022619255144010975,171.43448335227814
123.16864766183666,0.7776337382402986,0.7792782297197487,1.2000758936662992,300.7113175664362
52.078041611317374,0.48616259310155396,0.6965392849047252,1.1540166625827484,96.6739111830158
225.29725565019282,0.4407115082022164,0.4625924246406662,0.01055804191137999,276.2271027485038
153.4425915211647,0.9076641883223868,0.6886739919605512,0.2740870782640812,282.5251818182588
215.95435744330916,0.578107098473754,0.6636170175583433,0.024872311756458876,314.68957341955013
26.670444264844928,0.49663902306619523,0.006703619926124449,0.5063578919176361,44.708322940166596
149.67280632255387,0.6828358695314231,0.6986379387278516,0.007706243960494685,254.61947388517697
203.94610556527658,0.23715381712952643,0.26215950182284586,0.834738516458378,302.6371546616996
79.75552676556477,0.06373548757487968,0.5418228220000308,0.9527862426658675,107.02927640231077
47.23678900806874,0.855111440485344,0.11133238841085491,0.8741633213195927,81.88430935580897
63.97260274044591,0.6072617006994568,0.023022501572340093,0.3987784112685384,77.92315968009027
65.86762755657686,0.16487710122506882,0.015119708775570229,1.0471184597297816,101.28467028314886
107.60415209918668,0.2980479265007472,0.1581945123729359,1.6281892433010081,210.10619780819331
78.5682828656499,0.9899335125895308,0.019892506610151628,0.5824305011250477,132.8550631281784
65.47014041356393,0.6344236324636553,0.13239742085101847,0.6251508686465843,98.23726334115301
155.81869546803054,0.6361121409671224,0.5591736053589743,1.0856516850622133,311.55111926331534
13.201253015416327,0.07216366320872203,0.400272831572996,0.46750878494545023,16.439870686718532
82.01712486446533,0.9689917342439318,0.9807481225906534,0.6755726549949328,169.402330792048
165.69559584274373,0.8927828895587206,0.8086943602172022,0.9048744483781039,340.4606777724887
42.616014952800924,0.5477824422632205,0.14677575448863045,0.7726048045527492,75.56605535530294
53.412222999992515,0.3093889164508735,0.4167893934610555,1.636464607563336,101.41750733147987
48.55965678639373,0.6980552283860917,0.4309707965633207,1.6979871211703506,106.01632964533552
0.7218025621714781,0.8333743944718691,0.3621167789512857,0.8057569498274475,1.1540549786582677
113.96737656366166,0.7861214098232535,0.49558978067553616,0.8955730997344102,227.14956211411985
9.830630065161502,0.9770473720478788,0.6698745454454652,1.9137882524034904,25.953574694384496
65.86908492008858,0.6368553986669425,0.6408897156596528,1.0061750238425538,128.23875621027955
238.7554201897772,0.3212254315588653,0.35709916413355336,1.9860641027392891,616.2420751016208
220.4558926279768,0.4979276130685336,0.7050456231485226,1.525605545375275,478.80172173245876
52.01065605344204,0.8163171679506165,0.2894853986634326,0.5284644417298445,93.20494311222826
74.7455824433869,0.2653425872153774,0.8354678442263802,0.4581853306258086,119.9936855331105
111.55724745331808,0.23140825494399142,0.9643720432640257,0.3181289760245263,198.25411160355293
202.7370444248888,0.7248345803264707,0.2947366544488952,1.612291452406378,467.62961631874157
192.73370296364533,0.4444274265154108,0.7846885527704313,0.613724084351462,255.73934750187954
30.73482405762458,0.8165703951897226,0.8134258038577272,1.3515850204349542,73.27622641439571
30.305499179430335,0.1436835861589889,0.49076337453487895,1.0802722990844214,46.101047096774955
100.3073748076237,0.3356964631494067,0.08774731165304417,1.651994605813379,160.2155078605737
208.88784581249843,0.2680999065901012,0.7861818900992841,1.5016348672818747,486.6219842942474
211.7593572833728,0.6978681480662735,0.40747823823251983,0.12749784871952086,385.1998165673892
26.214120999923978,0.7593292133266495,0.20807127550175208,0.6768552188103107,43.76308907171906
138.0442004677496,0.4560026958865563,0.6266502325607795,1.0401974242808953,235.8607646516532
37.78420971146454,0.4780293763989356,0.4369381056807642,1.6072778245086539,81.10307268664505
164.82796974566648,0.13203188278912947,0.0875724486801821,1.4280550757772448,262.045961971212
219.9857628789731,0.7018280938130524,0.983674629066707,1.0988079013367078,461.744276030833
109.41724554790467,0.9923176335992474,0.24466187024414532,1.6167506810434722,245.55823318265936
20.398324538746333,0.7779218408318094,0.5109650554796455,0.869856952219425,38.94889073544107
139.23137991674366,0.22311232318762808,0.6672882617310237,0.1113191478517348,157.40437674083046
98.3397424975372,0.6231227395942356,0.11508936439869155,1.741071457230381,235.21968737860752
194.71025118398347,0.29495681066425294,0.7394100938607588,1.0531867037929616,392.39592524861564
82.01249911036986,0.03017655291628296,0.6482888298391255,1.6168061747279767,151.3288737869881
210.03787951318512,0.17982285565583356,0.4937528973068017,0.7841634359073457,326.18568560943106
66.05124762853097,0.10259357226384136,0.528329991668681,1.177104503758969,118.75373890272208
38.225473795340285,0.19593255356819417,0.9547950274403274,0.6621860109257607,61.06544748248934
73.90205036779989,0.7956044214490035,0.910897837268964,0.8191499488907743,177.6778563181259
8.862332141547789,0.29283213403043173,0.11198332387128729,0.2947964433660142,10.336564968741868
67.85840906638079,0.7570399509451119,0.3687520530669005,1.4832071338207962,164.04981765963947
158.59817331474636,0.9488625548427708,0.5167714317696186,0.560568611996731,307.6215347137844
34.57677336430386,0.5742731150677747,0.9199758459017815,0.6034622889013275,55.58020607660696
27.171910982387818,0.4854089420100546,0.8165633294540459,0.7083779251156275,59.27644337987275
32.20627725541692,0.7501271755902638,0.3864827029944141,0.8642522327944027,77.62479611064305
19.073625985621195,0.09709013989309001,0.8862104055106454,1.1523278240427286,32.5201548768733
209.97518113638404,0.42821208748488515,0.3781577956321234,1.365613263390933,430.05853712821215
226.6155701614185,0.49882459493206066,0.2711929358043095,1.3513790172484055,427.80967854476376
11.651395839044314,0.8310513103983777,0.6098926265575995,0.8473618318565879,22.932829285446427
182.5371916796779,0.8142176602312994,0.35590175481480335,0.963781335162317,328.10096401987636
177.04784333876887,0.8482653598499812,0.6224075599225856,0.28064103591170975,276.2949358458053
239.25980719410467,0.6978729278677018,0.4096840750452244,1.0430121653965518,565.8351814073136
83.81502348219583,0.5305558071848376,0.795769139626882,1.7541134043379776,190.14456908360168
68.87940350985468,0.8278793213433822,0.9543109733739132,0.9208997625228124,147.06084617175227
109.01316793395362,0.8732824152552696,0.2703091788714289,1.876027186198698,246.4867666371304
205.64975492723113,0.4804845926588137,0.5100100842442815,0.3115670798595298,323.62269099528424
174.99817738782676,0.9856619078887716,0.7244324353025886,1.473818918274652,361.93621599479866
113.45390344521691,0.8748181249791787,0.15851909520714969,1.4159778207590297,233.8823353158096
59.07280096696663,0.5104696654214079,0.7959061480773684,1.363057907151245,108.5686109751784
174.6202700337749,0.06928759534710638,0.5829719616454273,1.3257143987205766,344.41249705073227
205.15918489610598,0.22449205087189628,0.14974052391208148,0.044616547153733865,204.31541923584973
96.28831984066406,0.7763985793762849,0.8682295868040875,1.4842445041042098,197.79823754415952
160.62621427412572,0.11115425699868475,0.4267012595258094,0.9993685495857989,204.22168381668908
96.35077907179526,0.4698000663192632,0.17661934592464879,1.0483723793999802,158.7795489938546
115.09917843488562,0.6048521921047275,0.19539636433865037,0.10174528042239483,161.87228129548697
126.21603599920182,0.8783468283705153,0.785506399766325,0.37676225662524554,260.7451833428828
186.28633245833555,0.8471138628934799,0.9357161605849783,1.8220138151263194,462.4734788396565
234.61268319887898,0.7642779210597328,0.37824992225414933,0.6310566735497518,415.9518975096256
106.92569595185665,0.407694242611199,0.07882807530723279,0.7877604412308561,179.92151358477665
82.48444399630162,0.14224925434229707,0.10082307945385738,0.3784070383891618,100.97433603627087
89.97504605013772,0.6696493095578478,0.654478509193851,1.2643815642845655,236.94427733803485
32.566432115356,0.18128862248847266,0.3707517105896756,1.4814017516136546,56.724111424867516
71.6168277073446,0.5613144834086158,0.4261314973457936,1.8425236828874576,169.34765857206474
21.20415547787909,0.9806781824633444,0.3370473781484389,1.1241272275834773,50.59554694465202
102.9806760314297,0.5503097758072746,0.4655385659895781,0.5512613616312887,163.2100719636743
40.58206599999621,0.6455568672604475,0.6435494528800647,0.14192662970319603,65.9769488317805
83.46441566087088,0.6775754719161738,0.5411391639047859,0.5322188760584081,140.91388739435934
190.56187097928972,0.8303883576755049,0.16424142415147758,1.2367290845990053,416.2055202639509
59.399672316098076,0.43498067810704877,0.491288651943804,1.9482071372354792,134.86986547435257
147.04876181142552,0.4975099010524977,0.46061305910634154,0.15839563553803182,214.22681681361965
216.33294991004277,0.17597201392458994,0.545737248053641,0.7767328761735168,298.8917917465492
136.27954029357647,0.614679887737502,0.11067003104038386,1.3344714188286313,326.58523725088975
46.913330758992835,0.2957580063243892,0.1535271230427352,1.1491418884099496,86.2665070294244
83.07150345484605,0.5076247488886996,0.5302441781079469,1.3033852063944256,140.5820480342692
141.89342512058383,0.7665571935098978,0.27543504254963336,0.9264169433803591,267.06285313714795
121.83336797248491,0.017569904681986603,0.629031688711347,0.5340734108759673,140.20095274874427
36.094450788318454,0.5639155265843732,0.3727513826791602,0.9655045284254771,72.56728415693723
107.50772455339126,0.17344501731068973,0.22073474766543577,0.763072259873756,160.4655629172458
130.5644734310045,0.27938333978385366,0.6563947883273283,1.4185950628571014,253.15254539764075
64.5261851125886,0.03471328008699792,0.39390766964251445,0.3432496447375766,73.74103242600391
147.18070092389453,0.16946276018590223,0.1576124705097246,0.9922958659434911,225.92761216397315
17.30334382670776,0.9866293932871518,0.80880897927029,1.9181251180950432,49.46435658969457
81.11738453894128,0.9985227611993119,0.43175871194061444,1.0635879154129786,197.78211675779556
193.12430145022907,0.7198479198896475,0.9150703397226435,0.4744189495701898,386.70444135301875
62.59870981750322,0.6118568547711936,0.19340092851540247,1.871700591601389,120.2959340026339
145.43985557573723,0.777006953099265,0.8763502346064732,0.4883147737086313,268.7004441493066
98.70211643361971,0.8965542721851617,0.8159099706990691,1.5023602759873702,243.46115380310238
76.2922041084516,0.5193050595654082,0.10391582408823086,0.21906252014589134,102.83684217007593
219.91353925445142,0.03528399941770122,0.5316813156503174,1.7041792196106669,345.8596731442645
82.71118148025185,0.7093958205800527,0.6536828601464468,0.36114917521049006,125.49337307146591
57.18387840614089,0.9846025020724225,0.49548219472725497,0.7883589362698524,137.0402495025843
218.27766509584478,0.2580529559719613,0.3902630841859357,1.9312406692101696,405.1221217777804
179.15367324662768,0.46346556546109996,0.9438421273637037,1.1587894554121665,358.67934074741635
163.79103143071828,0.36127440105128117,0.7008208597422195,0.5279918718502332,257.7384838649611
12.363618625016755,0.3904674942298634,0.9658698775644909,0.0012543379239382535,17.38647987316341
31.923588091428307,0.7213999938753569,0.8462303108531916,0.013578446760190044,50.28888868541664
153.38242133241425,0.37840438975605006,0.8171313982161558,0.5491753600418277,271.426718444082
50.65916434803932,0.9410841254587267,0.7256322903000096,1.0537095860227674,112.68530127392866
54.540297558471,0.7896584537635604,0.6460792421452668,0.9697825372921167,105.62905324881605
187.10367442479475,0.02764702508769512,0.8868620911123618,1.8437632625720275,377.5013937306245
68.97902524644776,0.8185488820337248,0.6134097726630633,1.5281882296823461,140.19763482674392
17.64515886538388,0.7728574224386586,0.07528840092519162,1.8494712718682111,43.4058777728344
9.225451380711734,0.5164937283812335,0.5825635189933015,1.023556376639827,16.34490274410565
106.64112794524642,0.49681739674641356,0.1028351515867747,0.8933328242902023,174.3326821191526
148.30229435547272,0.8355269034669534,0.9493010701224266,1.1321765942407513,346.65950558146295
208.59801339733679,0.42478528916303493,0.6466689761012863,0.7442921754201475,345.66377485697666
27.037652610317107,0.15946234329329845,0.5556462834133568,0.4216229826743312,36.351764436377685
47.603141896046964,0.31289883284903264,0.19782113273308777,1.673321116935562,105.89685078274205
127.38724631233933,0.26520240335748935,0.5157670498747804,1.3610631671223654,215.91664175555593
87.70395275695303,0.6810590296514503,0.3425310038293422,0.6513161844504523,165.49891638423017
116.06771957329596,0.17887335004084526,0.6753861680086409,0.8925624778008618,208.36057389852772
221.8278534317196,0.644772436432807,0.6044097974593572,0.45089566954227034,428.74118593485383
131.0015511005926,0.46596694726376187,0.49930709000705864,1.1256781133202203,302.966938312854
99.92138624159219,0.8396609294117818,0.25274100144435085,0.7167162863655594,178.9494919345189
237.47085765458888,0.48499874321746794,0.5257431304011215,1.7511506349364436,476.6365571514989
16.119152940938946,0.9298039345693829,0.4616968857452247,1.056725880912927,37.71508992331031
223.74117088489567,0.9004691278855878,0.8512658774623256,0.8234612754062587,516.2594183883442
120.64801117468319,0.18528757910402283,0.894337341362785,1.4992395277465065,217.33554127677183
121.14964289522958,0.6861663523518836,0.7592491541084093,1.8102025809395301,304.50775932321204
221.3104580416686,0.21462474912077523,0.3196399566123109,1.6348381952515711,544.253529687056
122.00409311254015,0.8233043062304577,0.03808951041815367,0.9898341903923176,245.01235400961818
105.49849818197065,0.6357231545365691,0.9253359592438786,0.7128866740604629,219.02520193812342
65.76101781206916,0.29411769428165113,0.9920122516586692,1.3242586862817187,149.64493737425482
158.2866156527723,0.24912362838350643,0.12702076232250803,1.6337360869822874,379.99684523791916
136.9299992896529,0.42957765504543,0.6856160237832024,1.9572791546730064,320.3498321756073
51.83573214899405,0.800722971461131,0.42514653548972037,0.9145024719174726,117.15896718811481
170.4043931571873,0.7961616090394517,0.14852040483907947,1.3364802873744859,336.7993798153076
154.7588023321254,0.03337622555493547,0.998101310965567,0.5862065064193813,227.30835636842357
95.66146526746653,0.3022872154709001,0.9332288544617742,0.17492659290662615,131.89358061086722
1.5540207959003616,0.4228509634697176,0.9826088762827137,0.5061154556306289,2.1178762435145257
107.45618546719696,0.5855820134442432,0.14389625437014508,0.02898026838958434,128.088715353195
1.9509190526952889,0.14952700881469905,0.4919245253229946,1.018855197773449,3.345691149898663
18.462138187120043,0.3352830205289248,0.8957741633213641,0.7463122252238461,33.08666407175591
103.63107164415976,0.8855970205679587,0.6751584457790407,1.3565496197248967,214.23094446648716
20.119812262385985,0.47654751341364954,0.4346018032915837,1.2306280686348172,45.15237494373002
66.52187139202631,0.7441432260434394,0.5166942408795777,0.3357328688888337,102.1774407529793
157.49018276987292,0.4847785064963399,0.038601604701056225,1.3476431889635752,311.53257647819845
74.41337455495585,0.4649825764004636,0.6115171768142922,0.3748004493081838,112.76035559946732
239.43683829210175,0.6219255250835041,0.859715516700262,0.011906288498332973,378.5708832546585
219.95433712263798,0.25936451218961754,0.0027936265412819017,1.94038532591893,489.5671761675308
140.68172214823292,0.24980209930624997,0.15996467764772404,0.05397009409383724,183.94174583465644
232.08383970306585,0.989353854891609,0.5179901220053216,0.6834981534129705,507.9312042647417
208.39014201658904,0.8689920093192223,0.5609643260208658,1.2750224819012204,493.7822979875408
76.87619526229665,0.7377548964496445,0.343352345166426,0.7407490743170608,125.77577329048091
180.0283009134816,0.13714453905553325,0.027934479994540795,0.7624183094828278,288.10322298813287
33.27121226894539,0.03022471118476666,0.7436000955498389,1.4454550809105904,53.65576015421051
164.45006613870848,0.17541250419709298,0.24292511824514296,1.2043078689250601,276.5492221655098
118.11409744545202,0.93773096450752,0.6445773019008013,1.0367548925530299,249.82014677791122
4.529812451051519,0.8162897702489879,0.5591467410776473,1.772633467767548,11.387776211433208
66.17804246249379,0.5230760124885764,0.4308380824599254,0.21622729207441682,95.39070682536021
229.31404106831752,0.9687805913683772,0.590289503278365,0.9395350842280139,487.18497240328617
76.14164067869112,0.146582102902301,0.6950387439706619,0.4781334850436765,126.99978463265298
43.95834204469504,0.5591504400060369,0.572244317945962,0.07361569633482112,57.380818403166046
45.41378145404389,0.18322212639870983,0.5575254321026822,1.9580674043645878,95.37172030271137
115.2715768817468,0.3064286048043059,0.43607774685708667,1.4680536545182592,198.53751952084326
202.31449314059313,0.9401350189632256,0.43003452247211527,0.4323710319827154,406.66125305351704
182.0414227494365,0.8682785165486835,0.4909659850294138,0.8048685103097668,340.14691604410433
105.12605580529694,0.10179878563058609,0.45207791215603976,0.4520484875079587,142.56892847858745
50.49008858315205,0.24954380556093847,0.4390245843070142,1.3697105719676026,81.3662020027035
11.53254357447477,0.5945074695820506,0.2103700712104135,0.7008941428779667,22.654388661427998
111.29996151611408,0.06135278734082439,0.7248379210555691,1.839725163732128,224.02139439196955
195.6386959701069,0.5500846473514374,0.1329524689095044,0.41511043830193173,311.0443462399272
175.25883746583813,0.5844914357940106,0.908710422668323,0.6996523686506804,352.6905262906439
98.35988384672645,0.2909671813304595,0.6248462107721586,1.863628972087116,184.1693723567509
142.93128992426526,0.2931229801251234,0.04890067912327478,1.7693615082041598,267.68376151752256
104.98104176661913,0.2290792687700708,0.6589986997482541,0.58634029196611,163.49916268740628
139.17435829474758,0.9356763701960428,0.3615142615058172,0.9661373553743386,241.68916670786493
124.44250603225503,0.38887114069907747,0.9297648443806453,1.7674099669061556,230.07960151705467
163.59150072997556,0.5852690631138904,0.936075486489708,1.3412691213491954,323.20997298087775
122.09626802618318,0.3015745742535145,0.8459283818528465,1.2745593626665725,207.87628830241766
225.77633406113029,0.7026640044149043,0.5678489019739521,1.3211171401867796,469.4788495822212
103.01274948881385,0.10144127105864253,0.9191776913052113,1.841962268445901,223.32206626273273
4.3119545780107655,0.07164154309466397,0.6498081890728588,1.034347681420187,7.550851702119935
57.11146173045179,0.7442837605818863,0.8751290554711104,0.36355972112357393,121.7326126264527
120.3953425165441,0.7266679583153499,0.16005319927114237,0.9454475077566717,231.42829929125375
129.96695852733455,0.26500133614066224,0.9041803134312038,1.4577766036168736,262.7588368155528
132.7961570402368,0.35504671272468835,0.6615906945654674,0.9842686280755992,237.48295507959503
171.63522753568466,0.9572605013328223,0.30327392313872303,0.6265254487191803,346.9567460112943
66.27823015689793,0.10433029499531432,0.9978135271809002,1.3326598239076428,127.30067688149033
159.74443113043378,0.183147066546671,0.6868839673544731,0.9004595056790916,287.51545292120346
169.11572941205145,0.4300383649732332,0.9084160580207288,1.925640522644745,426.4499055993474
99.0017402526879,0.2820989060555251,0.005585520977017477,0.7042811018358919,156.35027915892087
96.81949924554412,0.6490085486322071,0.5523384095491858,1.434973847257623,241.4941052430759
43.352486164719714,0.6906017229466844,0.712532623572703,1.1101439798397772,90.27151430813475
99.64997661316201,0.5263880838900952,0.013736889118711404,0.15512954679884783,132.32829562590658
188.94250186382948,0.6111973014027698,0.7625592251228497,0.9395158349705584,353.25147989955104
218.1990348291972,0.43342083202034487,0.6514481931676469,0.05832748433088697,307.6928598803536
142.67035932065272,0.760387253725166,0.2747596535926964,1.5796634062128527,286.8024165930231
72.19919723335457,0.04209849784626973,0.6889449463477486,1.4690601704545105,122.83114513858641
163.90838761900568,0.31289133665588087,0.13090103899694383,0.10102367587981509,184.78523803308906
177.76501698269294,0.684430041394894,0.8240371987688065,0.9993894271917072,375.6530674923477
80.06496051796863,0.3296451078753825,0.866225117258504,1.9230789251145068,185.32434091306197
198.45821282674643,0.07853528044294944,0.48547693027849725,0.5692775604538438,227.81301183206511
18.150151797132448,0.3450134284667753,0.5074421679483215,1.8086065946547996,36.12218475702462
3.075515365206113,0.7114947717886633,0.4020543608663515,0.3021853195344326,6.076547455433287
29.951500045376594,0.12198486525331775,0.3453339852037999,0.013204907558957979,36.530436081179644
37.863999304688576,0.7246313642116545,0.8728982788534476,1.0610427704520164,83.34875238687356
211.00350339097926,0.7754557163575756,0.3048731757875396,0.4784866159266554,349.5036155802579
102.28311768199676,0.6353007444226989,0.40285001185439173,1.7584484041093775,239.5642061362297
66.34614022690641,0.24423404855814423,0.29991629644451234,1.3478440089304309,120.52619814523439
103.26349027884324,0.8052953571950614,0.6567127607927264,1.3737807076168131,214.7672774406631
95.06439380180143,0.21444250177846536,0.8142183311115826,1.346560805577147,170.9713435382894
72.70006948313006,0.9058209521713505,0.16433582694414128,1.3579153412707867,154.44137480272107
33.526949987665695,0.7066456991420821,0.2547425158952318,1.4942297129148947,62.13907384572104
157.5917531427444,0.05471992664705971,0.10410770852874418,1.3397753066313007,226.59548273605597
33.216754465727455,0.799287118661663,0.16018395702689214,1.6685505511454573,74.84914892650626
186.2141564151055,0.5064335403599074,0.4068816244557152,1.1162442740494243,324.61031277960535
48.80427918066864,0.4526488963130514,0.7758762897091389,0.7013764477235391,82.81370320015338
175.66342805842814,0.4205111926984868,0.5416179349689149,0.9336943433683618,264.0951712537134
193.43787231406435,0.6066300664409169,0.05327627788716338,0.8804700640640895,376.1125445931261
30.515579340980953,0.7245785007829613,0.6250867496839783,0.6650126096559041,69.40612961832801
21.275611504976975,0.8959766157245607,0.79530416888832,0.8309362450043656,49.256413793961165
227.92267857155153,0.2729448129472253,0.393467801576563,0.7699735035587407,404.5663471643809
111.39971021724308,0.6307762729104237,0.24501260137216652,0.2222805614393044,183.9700341426757
151.4414010460307,0.6863426114681299,0.7639377281970877,1.6611046021189002,362.40533541919484
6.070875409163378,0.6747971397868926,0.023906238960925474,1.5129314624635757,13.004517163304167
67.2510882432434,0.4930006477829699,0.8155910244157336,0.6750774642623474,108.21205765328943
121.542738266973,0.3910225482037011,0.8042595815441999,1.8902640781256759,292.28375576724625
212.74928605676223,0.7623788170670917,0.8879859306942076,1.898725081326934,567.6376086604787
65.50974050666812,0.30000980404080135,0.08947994062362463,1.7134394490384361,123.83860342807675
186.15832110616333,0.20805316239824312,0.10775848190462489,0.058745677720903444,231.4303911883948
159.0999963179591,0.5458291937601238,0.8727528239271435,0.7424359883439833,273.3146567042413
28.10734888947592,0.26761085766217696,0.47526276716219884,0.9146731335438081,44.00979723084114
70.76335388368317,0.033233162764539026,0.39233850741086496,1.4374325649447357,132.60084232575022
57.46843672704943,0.05157574338230542,0.5732935651303658,1.2696246688723836,102.38486666838158
106.48535722380187,0.6950105263868747,0.05858307015644004,1.356757227178752,215.60773253286567
152.66255120989644,0.9731458459920731,0.6437161698960808,1.5344268276031598,359.3849396737163
104.30403144428735,0.454688383626075,0.945083153589398,1.8968708581382219,246.13545893912817
59.066509892557534,0.14706112558473416,0.6757198941670518,1.103016734500104,82.63799624847195
167.16296499067198,0.8180832105293531,0.46453511230918354,1.8080849289802412,375.27179281504186
140.48082718340183,0.26143589697371983,0.9608809886114886,1.6296377701472875,254.77087202555396
124.87568082605821,0.9956264616038806,0.6885164139034134,0.6758484966249456,259.4519234055316
133.2834935883118,0.5632641658270601,0.05696043571006648,1.627340934378872,311.64780805111195
53.645204787370744,0.23263254856010063,0.6700465318131316,0.2346905439461091,77.4183757592093
163.46323913164326,0.4960047695243439,0.059695862752942586,0.3175192478183435,228.93570633766876
93.306378261535,0.3353812718296486,0.307229882789968,1.9847569709860968,187.85931919651213
87.5505428253397,0.7794719846269478,0.6156834804027174,0.8573772024524042,162.16790368647125
36.361342879891545,0.10581588580805579,0.21561601618686344,0.9212360480056372,66.41467043319598
143.4425416248319,0.8570027170325483,0.0381891845942991,1.902061735260245,349.4724608067508
144.8381263258883,0.7673368942641347,0.6179536887798869,0.7236795723267844,285.9570083510171
82.00200415813354,0.8613638039014875,0.28585728288301104,0.473933194794405,118.03464799743821
206.4340886192954,0.8949937460416648,0.5329642243391982,0.15564347487469687,318.1818506840273
202.98716674234507,0.22977782294308124,0.2611455789046211,1.0452396044085657,336.828087452901
26.618506402542298,0.5210058072286208,0.6864288469288122,0.3993782860793429,41.52850106151058
166.96169388047542,0.8499222201663773,0.895701391159704,0.1296120694354348,299.7929166027898
94.82342410631284,0.3773879721161115,0.08656480279564194,1.626138918903406,191.21465676109707
239.93170682956284,0.06040757679563247,0.7863186854547586,0.657193832683195,375.5407859842825
54.39315930947425,0.29163435653851655,0.15609505512034905,1.1587803640568004,76.914251053036
67.68554719677022,0.24192031147481086,0.32940978717931113,0.20929127956219507,78.91174907747515
106.38445754609673,0.8700626186891045,0.3573652958249568,1.011165266101595,219.59057824621598
64.85727810901882,0.46384634940914826,0.20630998901826092,1.2636802250583616,115.69327715443846
166.23241124957016,0.6835442374463132,0.07523434086303749,0.8997272218883889,300.0373773534243
115.6774928674646,0.9621191496915854,0.7684864802628129,0.6749636328324962,241.76357701921793
53.400480946464874,0.29918785238520373,0.7936275392732756,0.621910068798663,79.92530986969062
121.77658964203174,0.7611995575273958,0.9968332903780237,0.21876750580892557,220.01838510868535
213.3646700444267,0.022764121518721425,0.9346042489953271,0.2313824194570493,289.5713541520602
190.27875742058765,0.10411617531152817,0.4346424233848224,0.9913923258002242,304.9024011315302
119.96952740022364,0.1618650900032781,0.1333880145417733,0.2776585077695317,161.3062140770566
69.59397845249647,0.3124183368725084,0.010700008019525198,0.44690168394042096,76.59273802400729
43.5828082962554,0.4029872151293784,0.5315175384971502,0.3296353448499212,61.78720673113234
210.87269908626146,0.47701589073225437,0.8605664108328479,1.6049687226683678,502.37651052856336
170.58498224943776,0.24533134628339748,0.2679037395805204,0.899434135343804,251.28229468109168
137.5331111038163,0.06621531961013594,0.19894136798806916,1.105179062798548,195.0979626789022
211.12459770590357,0.6775230918402433,0.4389533717708223,1.1659162961346101,426.1030478521026
29.644823826094434,0.023661353534264462,0.8935328009522343,0.7927697456335301,45.36568816213337
163.95618399749534,0.8094706348587248,0.4516738317704446,0.5968621012866548,291.1425031995749
52.402598822969054,0.9291548251512014,0.7227129059977144,0.7648910198755123,128.98264538339785
29.378297123328885,0.7103689136596344,0.4625262101746933,1.0696463948396513,61.23577071007376
112.01323814666048,0.5959605172748319,0.3729588814429442,0.7171545211465398,181.0989411517032
93.2806066785627,0.6570185293286328,0.44091205449614246,0.2732318487594618,130.11058901665157
225.91107943338193,0.6522220466175943,0.7684005326733794,1.8273738842872544,560.5503215058375
78.09310144706002,0.9317051360665005,0.7544060558780097,1.4648124837876202,170.09736490069034
195.6690910429546,0.9643058711939674,0.43175817861540033,0.13253972093047794,419.4977533993314
179.84406661216855,0.42671164190822175,0.2676174254286655,1.8113999002788739,401.4608418668157
160.46776687901942,0.6170791761484181,0.13912703908374524,0.3409303800368786,267.66249829410987
220.93591327393426,0.8028070537341723,0.0013696943752317114,0.19546036698420854,364.55919942839563
98.19794035433144,0.0010381571721375105,0.1132575830732897,0.34643379547116626,128.53719612159423
93.82624904289632,0.5270159168277156,0.164655265191898,1.8660678113189935,157.8246390825206
39.046907947771494,0.6528763398176977,0.6899377909810886,0.4425885548070383,60.03169123026943
66.54501708106906,0.7172054497375816,0.8179158769287559,1.5739838514040092,170.4748298876497
211.20646122657854,0.36878940939628113,0.7369456662312089,1.2860764504174775,473.9210135018698
114.11452083227263,0.29564442061159224,0.7232327672023553,1.0364461567319092,178.90763646582886
82.25412066467516,0.1821425665679085,0.9943206147241189,0.7311872743268344,109.44911239497847
52.25883719217998,0.5578155490526845,0.9625977393209906,0.18586821178941704,86.05036049345667
116.6479799333458,0.9193034322521215,0.2688471951292366,1.421309555603102,279.543552837971
172.14135622625466,0.8959781507240482,0.14510074954835672,0.7895629496415135,343.03474244021453
69.16274009696956,0.3599659271576924,0.1532982379356882,1.069972280338563,119.83588407362824
181.97310673463068,0.25785513993820264,0.8956066707112827,0.10352363192348335,203.93660697414413
151.33417204661797,0.788793822670777,0.10234684795578419,1.55187565969685,324.74415762177375
189.12123372825917,0.7249800182441882,0.3401441688814204,1.3845430257855225,398.4432990729939
60.592856115541494,0.5053398311374923,0.5303465284210724,1.0586007398266062,108.83212043684935
151.63124066356437,0.3890302595388575,0.6134505036831875,0.9926148558149581,221.78829177934517
37.31959943757764,0.12379790374517496,0.5957326378148747,0.6740615231588154,58.89831668036249
87.6293772284305,0.7851385890922365,0.7864077221399248,0.6848077908015879,186.62878516644008
173.9842427148509,0.6174644435816974,0.571693263542767,0.13693183729230984,250.78863283319984
151.78457834639465,0.3768816797380167,0.8510465393314273,1.3734271875118618,300.33736533802795
45.49264371833651,0.9187879760667995,0.08463022407218479,0.08994589524792773,71.45919473713114
206.07306996616072,0.6596727064118622,0.858965453560144,0.002837558673690621,310.6497246769895
13.277560271671058,0.9292388668437462,0.5900031607770035,0.06196237145082217,24.21568764499256
143.05415739973756,0.4744124603396439,0.22293256585035048,0.40689494353413536,230.43609836303705
236.12500980546972,0.4546178240639299,0.9777431886978666,1.1403914296194433,518.9976447464462
127.79538327633828,0.9372392903140796,0.9397342737288298,1.3623184018631262,337.81913133906505
192.26090088028127,0.9597914282435333,0.8457258216737115,0.8414767652322253,407.1585112882281
143.04584307878997,0.9607673188788862,0.9115961356134713,0.8172773981104844,396.1255778212575
188.04965142405672,0.8188973939074429,0.3821417210453065,1.1535717767296023,460.4947128315907
157.51479541759127,0.4624061448243386,0.22780487244958947,1.1936551359316936,276.44918200195815
166.0261174817381,0.2102992942690588,0.1829038616592319,1.6899951673262488,324.50636189493656
55.060770685188984,0.38344088127782827,0.8737599685109173,1.638176330265613,94.5941484946721
178.16610880071377,0.9382974915177886,0.8266313489010867,1.6470524091505758,446.60446390018313
57.47941785610722,0.3635542950802999,0.9809383833349374,1.6883455954804643,145.78317676870478
235.36334589664986,0.7567174268235375,0.848252101454097,1.759660974043197,732.9299150450835
55.05503223520853,0.9230043510911079,0.6323659139264902,1.1106335758799453,120.3898313525727
57.18581886163868,0.9703921628814296,0.14228175087155004,1.1903343278581555,129.5500593425311
206.15221235588547,0.9476741468753561,0.16484753835423038,1.4544519944170777,502.88685184500906
58.69511394009518,0.5550575977222759,0.4736995267963757,0.3980151112357815,114.27314692841314
86.93621904116227,0.49188007465087036,0.7677955311443656,0.7209220601406299,139.7187364646855
171.65631860237696,0.9876405087679863,0.17327539017775218,1.8253059612385474,541.9143437346266
38.520284956645796,0.21817920458030682,0.9155175079288526,1.0455248612396166,66.28374603446764
38.597685281186784,0.1875302616847626,0.6837907304868559,0.10357523584344608,44.018746769244096
116.98284237235524,0.9631822977458351,0.3123090904464195,0.8111195691744697,231.94713293117064
58.86537263873808,0.6891948218241696,0.8857595921605502,0.32157840647489655,94.78919283606288
56.94008035878354,0.5363040097981578,0.5986303681809407,0.7125737237409508,105.42520633352191
2.7127216797337868,0.1320497928413057,0.7331584820251265,1.089951920590085,3.8683524911232237
89.22267709190854,0.5132402490163293,0.3854422062555577,1.0102728035135513,168.08835858938036
76.72100783110757,0.944221153521555,0.3935505393133275,0.9809380603493989,173.93919145202858
7.961816692987562,0.6028913233486717,0.012617570481470386,0.036677894895140284,12.896808478812474
149.28534618217242,0.4046286224395348,0.5379020227550093,0.8902097566629974,280.6924257254911
150.5839160898033,0.5511030014651284,0.7607968058338668,0.0579275345861634,261.6299148330323
17.456712989791303,0.8861450870177845,0.9688245135866038,0.809721551511793,34.680787293550786
76.43145431681401,0.9128486611353276,0.8922268367082375,1.2939998218029085,185.6019531246699
209.53692491289777,0.4000881656528953,0.08699109135275496,0.2518089164133772,226.1706915319874
139.92901284457653,0.608061002434322,0.9805201203568085,1.833545481448426,331.5628843479064
99.16794640087109,0.27920261268283075,0.14948068900085054,1.2610229799187929,182.91822581068237
111.89191186715098,0.4510852961584765,0.041114298392083026,0.43519727118178286,175.43085331610422
50.38305866737533,0.2198826367831429,0.7489298354682253,0.7881753355606917,69.29968316729247
194.94561941954876,0.5314722618655752,0.9058864503291513,0.19381452661994536,298.9438445573669
219.40412695550674,0.578240134964662,0.9497829060251897,0.04412657533105824,335.1152251285156
218.60403811888546,0.33783673613077314,0.824976107766212,1.8317229604862488,458.6959769332465
54.13228681030577,0.27211830063864817,0.20490621571138046,1.3503681014468283,105.74634424802075
74.92229413246143,0.15102560663145193,0.15400291449441106,1.5592922029618477,133.9567132568164
38.969154566884065,0.13954366620615977,0.05896847757145285,1.2443456956798198,65.38144191522031
74.074671504939,0.7114611157141176,0.5819690798941232,1.8135310552168549,167.89783054566635
80.20688662336278,0.22163800357270336,0.48722117616304106,1.791837641971334,180.87554557596545
152.1288240269802,0.1179770211065605,0.10928360843637153,0.11631710501833226,194.65833930157575
45.92030838077585,0.9988716897642888,0.4648271186715629,0.37893996715640976,84.71226468947295
220.69556338607458,0.259916501889057,0.5673235905344871,0.791579788423789,461.50622566561526
25.192323085431735,0.8960483154281321,0.7229546435104984,0.6821791092302489,46.97739174209519
2.1472836427227664,0.6091859537519174,0.4141975700334207,1.0511450632464472,4.593672370983807
205.2593583070127,0.715070166806815,0.3183524470784397,0.5330636034389671,327.26828678039095
169.0528689599689,0.5609189114996354,0.6656791981541298,1.594918235913307,401.0547639262453
85.60868895026164,0.1808111950599689,0.6842236430455453,0.014987696276249629,114.21303609850636
143.12217956547326,0.8470515714526026,0.2704285566698187,1.5830261649596828,297.3716481318167
54.03881215099639,0.8279727664867842,0.0198230822371267,0.7867405531626142,101.10792553254775
40.82932085056755,0.34968546535026745,0.9456905697425194,0.010270017499551365,67.94100394027937
113.34021786572411,0.7638506964114639,0.7552864064591722,1.6941285378815314,249.3260835432379
85.08848521817012,0.5430402583444278,0.20110433446335396,0.8935089942655783,158.54013314624285
147.84759710320247,0.9090491405600647,0.565665650993865,1.4494532859380589,358.32716558853076
52.74672970236704,0.8028243713039679,0.5949475306760694,1.7568974490013003,127.08268322117118
159.27118428426817,0.04099576980203079,0.12598863199567922,0.06862548624615217,142.26242550839237
184.16333411252376,0.8792759721912583,0.19165708733955822,0.5243241033916908,367.33293023731136
40.40935625531962,0.9685664179784899,0.9567065164637879,0.2377831805532229,77.22208042275192
11.004058878590877,0.7421562026251037,0.5080108600208977,0.1960203207912008,20.308184236192044
105.78117638467063,0.11991353084706802,0.19144221939347605,1.8912821836018239,212.512862894525
185.8787685951887,0.8073758898371202,0.7975747540940085,1.61113875853118,447.74479626962653
156.36177062000718,0.6474890426235859,0.47057330253347274,0.7294503200093951,297.42216197574805
168.6006720392946,0.3388263175219802,0.6384120832726937,1.374586085607504,296.86863085691493
96.98002192841173,0.8840305511926667,0.2975015336385789,1.8388905475699326,275.2574739474216
56.769458088110234,0.5655666884531728,0.05790409825628051,0.4416269877475796,86.15213182102987
127.86103296666396,0.8529279310194022,0.16494422356404426,0.02830147514967174,196.76967940066325
49.445583652932655,0.6701137485842428,0.973036903145985,1.6482166824138835,131.34824767033896
174.43177292792325,0.2885161037049282,0.6235884358282154,1.4453966582561102,348.59261868178305
47.67346620229475,0.9750186958610365,0.8310851985744055,0.3205145508439784,89.72199671813327
70.25755237808478,0.5710055479395585,0.02151955792381921,0.9792916909702047,132.84621532669806
121.81747440835979,0.5167552418264589,0.7654625011543671,0.3208677700898701,209.4472309511666
117.06702922736704,0.403509628253255,0.48495206654186385,1.2052277236582996,218.86104134612236
144.40342564948355,0.13634420307768735,0.6653078768711973,1.2951398906437481,282.510737301996
105.26798181973011,0.6862128800361617,0.3582050403407748,0.5533654150280087,161.68866195220582
220.71385738816687,0.430799198005814,0.6208688268188903,1.5616742538342567,474.3948847903944
201.66421556022658,0.9346125103556421,0.035619767787757994,0.947192697848285,444.34958158581225
211.0476715711749,0.9650971686188983,0.04558871253671082,1.412715822591019,509.1453145368022
151.2692188511233,0.767640855349951,0.7988364099051478,1.2796223628465695,260.393443914475
152.58439584866312,0.2424947637025352,0.1244652678004402,0.9015178642212287,238.89139366906045
146.4030847499697,0.7159796808039663,0.01398393458613656,0.5854345241551902,222.70211000738402
104.65475498393877,0.020421750965055496,0.9124564896366533,0.4086088077111545,160.79512156577627
77.6443872556094,0.8264005028083927,0.2655317627435374,1.491888064854376,168.34527602442904
142.28469154400443,0.4936185670905291,0.5823821632964383,1.2838869541822289,318.54322247167556
6.614874994658849,0.9367396498851864,0.8389169705385048,0.5618838567063762,11.693611066308538
2.2858153260008267,0.3777600413259651,0.7459070794254287,1.934198345606976,5.344462211187373
204.4682173980713,0.2631736044838443,0.04662782081093331,1.6206778614346582,390.59084283154607
11.618558724240513,0.9950563387560393,0.5609487008588433,0.2536045218345091,27.61168824859219
126.18843850485362,0.5306778715120752,0.5417978670954396,0.3251268267238996,224.10020266941362
147.78956922644,0.8631825424104381,0.3500801782104621,1.0880956217464064,347.1829319137621
47.96200949457333,0.9110571640210087,0.7535629813683515,0.20475910096576277,104.99003938283305
215.02753576450303,0.5184687127814234,0.9640056579755196,1.9286760104001675,525.940584290863
46.027937333735814,0.45571392551918766,0.147186653935914,1.276046810230854,86.4429097297563
212.34133947431857,0.5528859547723501,0.14522400374436217,0.13234807346094946,300.2967466833141
183.23616950526193,0.8477395028814141,0.7347360194608691,0.8869714607249781,394.08337732779836
58.15793736904445,0.9646602316007996,0.4544164101662782,0.44393695736923666,80.25163259734111
36.603227823124406,0.3283221093697162,0.795218930579716,0.9809014720070135,65.82624501010794
76.23773408960331,0.7386303821198467,0.1410776096470706,0.4940509995034994,134.7130149645577
95.8091606217308,0.28537447728995946,0.0398575441422101,1.663592308614922,183.09411300905356
59.365430021492166,0.6109530413315054,0.697934074851641,1.4421984192834671,109.18870202286759
239.73452592668437,0.8047895882182705,0.9947110529541103,1.8131563035619849,594.6258871700421
55.50173452937966,0.8864863246612933,0.09479821029570057,0.39591522947943436,83.23904702543662
199.43704106239423,0.44871618427924675,0.8643378894504699,0.7707844746990322,421.276668418886
38.60870042816823,0.36975568256589153,0.3852897407734147,1.6109330940345719,76.53219012800197
235.26858775358943,0.25345161201088784,0.016789545293107166,0.7476932013108941,280.8989229269116
54.51286825879882,0.13341717041818757,0.5100217929712108,0.7581767662429313,81.13265005734085
101.49440887067034,0.3649175686436741,0.2788542071248199,1.9720768867797789,240.49691239464377
134.2760939909136,0.8719778047478473,0.6934031415201802,1.5417263738202251,325.9385988750405
29.308428779884352,0.4188095162106382,0.28783062243509194,1.7216350234617266,55.890410300151295
196.12840616124475,0.317293165811222,0.48170012343304613,0.8139456722239247,303.34899970919486
66.28718507705875,0.7391322445864148,0.20056525134418923,1.171837045939927,131.5957517883827
132.05014143359847,0.21558447162593875,0.8281017580435603,0.9011071411034577,213.9446378748409
132.13729766103265,0.25628680248768243,0.925431461868108,0.9005871598191413,200.7775712923685
144.83243623202551,0.9359086483383025,0.40333575421646384,0.25539827137354254,258.3420484812408
13.788893772573369,0.08158969261721671,0.4488800325679825,1.6842657028046149,22.606090602710566
40.884193458660505,0.41463118024342327,0.9826836732115319,0.7810848673441795,80.48088387293276
39.105542180145726,0.5767511923948043,0.1421154767246634,1.1636487879291653,83.30276953563975
72.84127663009652,0.2302607156146056,0.8086195145900387,1.7141436922492466,135.43148125073313
35.206940567572396,0.2810124842347197,0.5672786058502413,1.5469545060335994,64.74337936118438
221.30015632544237,0.22184536474866445,0.880734420904188,0.3964759540791054,313.9128050143043
123.35259089745652,0.3451855720606416,0.29242854482691194,1.237022731213694,225.4748035513224
149.8462478747929,0.8985057550784483,0.2961579662203433,0.9914621785430959,320.2228189802101
86.11841800784994,0.4315873465716651,0.32581994805540704,0.5203043031909897,141.7654821984933
66.66095077762182,0.41782901652343174,0.016631082322955404,0.08171580702019288,91.26002124124906
121.01093227061502,0.3865808801743893,0.16989289907805827,1.2595826160453212,258.47076046594054
70.99035247294265,0.9641157269375743,0.9945866411198251,1.5597098297429612,179.08785590453084
82.80319921227854,0.11729943621981564,0.24894857378393254,1.8834368234064407,141.7752388110027
108.93383438787029,0.8718754209393664,0.019917097760639102,0.7099675174989193,172.73508146963817
121.62321808065315,0.3271610677279755,0.27854031403849566,0.7984343030709911,229.55486203992118
236.2432058217504,0.9565115917053534,0.4083901679845867,0.32601126084978893,457.32521674103435
53.985759864784754,0.31522724624365883,0.5477872792823836,1.9692320466657878,120.6506020861192
117.37029148939399,0.08287436325632047,0.06856601986542643,1.699173992613285,224.53467995861791
36.30806160769667,0.5200418843525159,0.790428919704766,1.9152074579458853,86.40175456898004
84.32481623355945,0.22786557930991036,0.8255012681970576,0.9906942762508926,153.30244064288362
172.29591713018382,0.7529898154733758,0.21316057887170137,0.41956276837485107,284.74595418166194
42.28368343065761,0.6573056183279544,0.7984181882349786,1.146369107460507,97.54979454153421
139.73363815823535,0.6864691579223767,0.3614269074412566,0.7441838316177525,244.42862089606078
100.29989514453773,0.19348948861063664,0.4231101778826344,0.6957288616208068,138.22904753607332
12.853300884871281,0.7086302648851405,0.9363882543140165,0.16472856804619385,18.191122171548187
223.97152033408747,0.3113310269803373,0.8919043909600172,0.14629842940402416,312.3904411345868
99.55795210014628,0.9986740280600711,0.37511071319048905,0.7575971059710205,230.81267951237032
188.2504053124043,0.7317676630740063,0.4881103057226026,1.8523970879626206,430.61464968063643
100.20708055126617,0.5904115074085128,0.2865237880329925,1.4460474209584462,180.22136371725938
224.99779701811892,0.867117779215548,0.5154342583486617,1.521117160351911,541.700885663459
70.06764509572095,0.5893116997194271,0.6819079028349431,0.4685813529105558,112.45097404575579
99.2292406002034,0.5527498667755334,0.09266769727563151,1.46905922216542,233.4301508000936
182.2479855420991,0.23731560280537956,0.9198411261756897,0.8126382527818947,340.1911410074574
82.80832200976523,0.678111995325425,0.7188739681446799,0.11878122094640653,117.36228290256352
87.76351858477545,0.3746444282494614,0.09675268316157215,0.7896271350366106,139.38255771189694
238.76015003270652,0.04308262781213035,0.8689889919788425,0.26250757486473786,287.5083485665972
133.56967890283929,0.8160617963699577,0.7436828662428322,1.707398925862897,287.2181491716569
165.60661865400047,0.051873166648741864,0.3131268168327488,1.6805881289498152,304.0566675533683
154.60920507978955,0.6723001228405259,0.5214330882978779,0.5749378565998509,299.32403434854365
198.78783324399905,0.1567208914849152,0.8601306591896659,1.2238446055511703,356.3578470092222
206.90711131629746,0.43256951657086384,0.9681256230902787,0.7275194367145212,349.8377669521698
135.39984372663915,0.8590916585467206,0.28107739594763237,0.3084523486872299,184.44159792924552
71.04617995445264,0.09441954911414663,0.6505581823273245,1.2988146228172393,116.91078954131676
5.960659294205185,0.6671506785526209,0.8602469239927607,1.5202132866218447,14.293606593474038
147.64957862990468,0.6126187424860853,0.988166848842945,1.5494454821315062,290.6121995310031
198.1997855671159,0.8675297463562928,0.07071848864631214,0.29844117178633156,382.5966584476203
108.40428342004245,0.17273487132406673,0.5036219658208284,1.0251570369902765,169.88239469230453
39.947120647561995,0.7997875046358048,0.873665761839482,0.04779871439890071,69.16991698227918
69.495656468086,0.4501211967413282,0.00315812429952822,0.18033899525699537,91.69577306339322
122.64234861809157,0.4286439124932455,0.4372352196054431,0.1621023061707756,154.7773700807607
200.88515194515114,0.3617843508398749,0.5841987241196327,0.11438158710100232,291.89961699426175
41.63487848338674,0.3855741461959179,0.5264903085566143,0.6675386981156692,64.42430790147475
147.10989523242864,0.5199596264252251,0.7327726863342482,0.7153592017063417,241.63142326151134
180.93178304115563,0.10679982292346579,0.06552208695398098,1.3957406841404567,235.77992250898598
224.68338112019015,0.4250658698729579,0.7854167235858431,0.6597594427275049,435.4168413181092
28.450534157086828,0.6519812150595229,0.2831705361334834,0.28079160835549644,45.58057787577399
222.3707963824115,0.4981923534383146,0.8242293865239556,1.8937512619803387,574.0685656601984
144.55147467428785,0.1658294688496228,0.41948792677925895,1.750952807971398,302.61557337221853
184.1250301900325,0.36305170179163204,0.0429185918029964,0.24845151080755268,277.1984633661379
13.379042941669033,0.4429616744259298,0.9639147656713813,0.7255573999382974,22.571320428032784
121.72248327592253,0.6688748146329682,0.7805492904970468,0.3361693019699432,181.31576984455327
149.6198069423501,0.9007663225374978,0.34781603228234936,1.9182228548659355,404.3985104128179
73.98670464954523,0.5503755125878185,0.27002736821836315,0.7119551842091225,129.41833061774832
103.88022484025001,0.6763681281173641,0.5889637284500542,0.1962348538358687,161.82005494654175
133.25440339946374,0.07718962543940444,0.9872946028239112,1.4536879766597608,269.41747659286943
132.83523157562868,0.9544670293475931,0.2901668241797477,1.4234350323707916,316.73969790312304
10.52583533493772,0.3152086903555229,0.9482711167461528,0.4820689114473833,17.833467678827585
105.75588309564472,0.35429174968792143,0.330387119618589,0.6429237018402476,149.92284344091564
51.70944807273929,0.22284278064151264,0.7040977652577999,0.8300377949834525,93.38366077510729
220.04847120144126,0.08467007176554919,0.3817343577920398,0.5354000035432953,300.15619175102944
234.3909076345385,0.7900467901418512,0.08505222400864876,0.5777754163525002,464.7747929059229
72.26543167632055,0.2404900817061728,0.9361893656132889,1.6031807840373138,162.1921144278554
42.456902641628574,0.2826877353453131,0.16392799471659592,1.5037012104532275,85.74699717259196
53.071244152128166,0.18179627660627262,0.9446914679975986,1.3852584239409729,100.32246688264114
114.92166515703242,0.9748852802988801,0.10330682592885498,1.3735471136896975,279.42801887574876
209.94409098760622,0.7810347972792044,0.2669474449564988,1.0437638613277473,472.4576110434565
120.25867347756468,0.9298996499807005,0.9209234986945555,0.701842555922118,266.08391493005223
13.766398780813786,0.8617233670535104,0.6585408629075731,1.441089890954807,32.68549723833814
10.05260184979799,0.9062967995452617,0.18948343584169558,0.23273547506993797,18.606697159003488
54.96013147667223,0.479034051849193,0.5920933114552815,0.28214101041338413,80.4449051402955
202.3437209874582,0.17054143735710048,0.18039120803555397,0.25253041589151914,292.84470746033526
149.34459352966698,0.3268803343575444,0.8744420676703418,1.4654361035006471,252.09692535075578
135.32840598181681,0.2924515169817036,0.04982860733852257,1.1830817687274238,235.12039648962497
76.8932174235428,0.7171338376013564,0.5297776977774984,0.9003207587376951,145.08242711071418
223.09738450856187,0.02567268630734243,0.06347302582946257,0.9524626828576035,304.16218064598604
79.81718966843071,0.14204221491797708,0.6950227510676252,1.6551186543422942,161.4000596501305
200.46918683038075,0.6828851202548609,0.9357972351936673,0.2433595579326826,306.32549640687364
215.06889255522424,0.12344235380044144,0.8310664496716534,0.7664885606911611,411.56115033969746
116.25873566526474,0.04829185077040021,0.37172782515263514,1.5203324110013452,179.2063564108217
214.68228004063786,0.10921516461119085,0.23690490547975918,1.3156787411421407,331.3473960373969
66.79438733015579,0.6906741530430963,0.12102749238688304,0.8702934429557614,111.38710592705844
158.19480557089457,0.13932525940470009,0.873623987382533,0.44868241926202534,233.8906261822302
21.56731777159051,0.14630436113648138,0.08110912904741241,1.8928824266099173,46.59612201018724
114.00724427512834,0.2303001967590993,0.6288291915777666,0.8158387257130182,195.60810672543926
52.55096661692433,0.7509107041965226,0.36726746949670697,1.7556700078071663,141.3308929585594
15.53180506437939,0.200352912260776,0.9957783183709641,1.5556609600665514,28.62940364619451
1.3922591845901653,0.0353753967242072,0.508823313518345,1.7230600660205992,2.8046433435512874
78.27813188757361,0.9058633555759406,0.548790949703411,0.03384398847735515,129.2478744394878
141.6925773915547,0.8763184242909228,0.9178887850148512,0.9547828559599865,313.68546242030357
109.52766826245218,0.1848190008964724,0.9696369032508226,0.5188676536352779,185.93212838361796
72.77374699541932,0.26534258977345493,0.5836364610945396,0.5480427104504679,92.14755089008752
237.89240737091214,0.18855757144364094,0.79618207474235,0.5396806446488012,430.37620121601157
225.51624707513284,0.7195345389617299,0.6347667491084464,0.7786273436919313,429.44421249176025
30.5939669875805,0.25000888418923206,0.42740046399361864,0.8214092323063367,41.31880684972542
99.9182286871045,0.9314497573785021,0.05731535727469683,1.2680804962964942,203.32474990144206
155.8988406914698,0.8276410243835689,0.7177438735417834,0.6007291046961518,305.1423883878469
176.17104600841984,0.5884011275696732,0.7002627723606492,0.545554292251681,287.58891029998745
88.24613110082295,0.008938224713713194,0.11670230668872528,0.7212164053049985,94.8309546598122
179.23449415011575,0.8836694064166667,0.23006887495636574,1.3730289858709988,404.2243606835263
30.23392809210745,0.7277616465325542,0.7321281868747055,0.0003423512489895142,45.02263275355542
79.96912374922027,0.7879073965410064,0.1497119775945398,1.4938559144534616,188.3521735104647
172.08574559353926,0.07182520457199104,0.6909350344327367,0.6779375039848796,226.88112856255248
150.35102826735982,0.7085601702185422,0.7179771912048775,1.1524795465016917,388.6935321709865
201.01184645936635,0.8045894736241437,0.3533438559399261,1.5230445844771194,480.1468136135715
11.722256928783642,0.9566353561570548,0.25818184977942704,1.0216703352665586,25.43631237615464
42.266816418620124,0.5804704727824356,0.37303941110361316,1.294302497061948,91.00845374691156
12.114452454135966,0.5080418519992715,0.359196621392894,1.8398814602661753,22.023325432193037
46.51135670768611,0.42539678998191177,0.6070198057045824,0.05973254478954049,62.43909085528199
1.5257331465879345,0.7012876809646438,0.7438482997188635,0.6990576723479807,3.4235121861879767
121.25836725208848,0.9208213047146138,0.8617526348503638,1.8537083185986933,303.7490026437981
127.03129773859717,0.5997550487160357,0.029992284002114067,1.6748596594084628,271.2658642044483
158.06508164673576,0.2272836415083398,0.7265515573693695,1.2336559627031511,276.3165315291186
92.6865311046499,0.017573950309176745,0.31418601828916026,0.4586059027960665,135.41304550684455
1.2682419191015695,0.6191131182675276,0.8386420107104718,0.6610660758558975,2.2899128374491564
161.8969314806291,0.8645978880190527,0.07571695974101122,1.7159127525332514,332.51609709229496
13.502715515625063,0.06597527757340937,0.5511745101730665,1.396542914563938,30.072290616592614
207.94781818084968,0.3975712089613459,0.5486735897540134,0.5713004593220052,289.5261924204161
5.9256300560509985,0.9400469260809028,0.3265114621752283,0.2644910036104857,10.4966842642246
127.54879201996349,0.5016769958568053,0.9703065973533652,1.5615406682084576,257.38763776085943
214.8328328313322,0.22065822978859306,0.10692315116868756,1.1524493594411023,335.8519714949756
137.61125340141285,0.35365641176884843,0.13639723353492228,1.926876379816048,261.0040577265464
146.21581079727122,0.4081395661948063,0.6442595981882752,0.8129823542607888,241.65927811948856
163.74579817680868,0.11728951441679214,0.5142992246436532,0.698053927512396,266.7193371923897
29.816919031446847,0.6607922438484112,0.2644671285520468,0.5815122859197588,41.984675562268094
162.145040644129,0.5921643290924764,0.30427179645744185,0.9637602743853442,342.055259630485
211.34499424206925,0.6477228778655774,0.1570233087088193,0.6454592849432361,407.70431608412275
233.8258894640583,0.6107915686801879,0.8677641389118732,0.1463811995740829,397.8558152657274
106.61095384632412,0.01667206828833967,0.5695188731396904,0.6242581157856306,150.51951947535136
83.00891197677247,0.17446284956631963,0.24483457615383164,0.437771866606125,115.54328553933752
180.91765293531793,0.16557200194586053,0.3934207577093428,1.6307699925571175,395.21116106731046
130.51839199882784,0.09795148629798944,0.9066850543048831,0.4711850662505359,155.01711283092845
62.1244647419798,0.7354757731982764,0.886841161653063,0.9177431420378737,136.66255054223691
41.73181345024386,0.12013721447849168,0.06910669111320777,1.3454764847249585,65.49568517871641
41.27015699196211,0.6681940734503442,0.6541001382797029,0.2984537454648921,75.34361605928028
110.47290026717342,0.17839030965367542,0.1529711709697238,1.062564968871914,168.15507603219828
41.244795144948206,0.11831017824792633,0.21088336554825715,1.6943739032771978,82.90334229217397
5.222687090750843,0.16253004861607934,0.8642075922464163,1.1681615035321824,7.887195853268646
12.975261605240755,0.50840345653802,0.895190317475958,0.964772877938397,20.75779675162522
223.20734827673527,0.6454825098577557,0.08269191589394853,1.6777577894110245,483.1735451856075
17.97424120785251,0.8119248600576368,0.8739233294786937,1.894503854757745,52.15876590331053
18.02677539413981,0.1285622054646306,0.7284935528432246,1.6419707988069008,37.10538871009623
108.55963270528102,0.6161867473858301,0.7757103632666991,0.8168188972015091,218.05915955797366
59.2015176192403,0.7738395994112472,0.7918153276458105,1.2233861773385868,141.19258962856156
231.0651775953132,0.3124051715078844,0.5072332717379955,1.0532833900601695,392.38190664920097
218.6811085597241,0.07971557936743767,0.9469076429882016,0.6066172453682355,346.9501850677634
97.43600805676847,0.15594596306651387,0.20035960398059527,0.870640257918383,140.36369241671466
107.97119890019408,0.09155864756045673,0.504965107517543,1.6585335588882764,198.36320284340925
90.33971991159906,0.8872119310226779,0.3185525798884046,0.6009596857340593,168.7819712217813
9.568934936029208,0.37670166836023455,0.8224312428025075,1.7791141142312263,19.84438094879264
70.63681800150273,0.523348605135786,0.08270071212877739,1.9828586384162907,157.69706671025426
29.880295972070193,0.7686881518043146,0.4336784869242679,0.6135345914709796,53.98204187174868
25.017694038621897,0.3714984221207238,0.7734776562453295,0.24547610925234276,34.66551088660894
134.8263467182649,0.6491026546276127,0.31234091155773946,1.914348697710693,311.0039201978184
24.15418342239816,0.07667985321843773,0.24047628427044876,0.34213031935211946,30.590048693580922
25.152052048965633,0.48090564756860044,0.26254915479489616,1.5429276178723546,45.98385382507871
115.58303469923398,0.09651896617030764,0.7135901074065453,0.07822695729640361,147.6667970577095
106.42662644687198,0.24828414068022808,0.2867826758388309,0.47113019694030833,144.17232434462312
33.463531039202465,0.29334082759546865,0.4026835454629799,0.5203106220599292,51.097851337634445
1.5655414417226885,0.7175838038869466,0.5456680874391777,0.5944700641065903,2.6774955468564037
46.7173788033986,0.6741041862892538,0.9407600789466919,1.8386075207463375,125.70061636143488
56.99619487659876,0.7470800889310658,0.794347559886929,0.3506194184198237,111.55069350525828
192.1595022443238,0.06175504723733516,0.18528166422401726,0.34727792817721825,211.5130823214027
219.747484951268,0.9939142121730469,0.8830842325344357,1.3833498734202474,561.4440016073236
97.72368319836875,0.05442002870976892,0.8447674331852035,1.9046342139995944,228.69385924196112
97.50390099698419,0.825747791439154,0.7452245195548688,0.7785687168631084,178.39152329128413
171.1392674604881,0.7402689334805356,0.5169059747719448,1.5462573123035452,354.7337268700033
150.647822761273,0.5917617904918199,0.06981495525731118,0.062071785011180935,230.4762136307506
44.60157471307149,0.4388571651449872,0.7115052413891659,1.6481274376141373,83.55170122300679
26.291544789858797,0.7571323532701827,0.5183421704228265,1.4467938022448381,54.22905763838986
105.30804781188466,0.7398578032688461,0.30977492581795596,1.7932313037109249,221.76000970326078
135.77639297748172,0.13717833548980451,0.00993800001827383,1.2749085670766052,242.91681202089384
33.72047095653482,0.7926324729608702,0.23104898077634883,1.8826732883209312,75.45098987411134
70.73900167132247,0.07855699743496525,0.6056901775793923,0.7797148189894874,103.84171160194303
73.77334764512268,0.5005461421285348,0.11230658633195623,1.4650628894414992,136.8363402182232
63.08091914528728,0.6450818265671943,0.6554187066117123,1.4511284164218812,154.03374407479723
110.85232327688395,0.8216888573752277,0.8196720888220118,0.5372157213698701,194.88864258861364
156.90872844457738,0.46311021809305375,0.3181783407362515,1.8411590781902774,294.83137372984856
122.49887712603017,0.2368580775651452,0.08198553945496423,1.5583535824092178,195.92811104558572
48.74884665823894,0.4906596154566065,0.13969879042621847,1.7327035670491269,110.71399098575776
25.153901767852243,0.2502081104371201,0.35790893253490497,0.7251820015969341,42.06636816845553
197.33797586423873,0.5287253814561483,0.8134342527584275,1.682509566991149,498.8302480755394
115.29347151090967,0.46250818310651787,0.6342787197127552,0.6299529212594683,171.11059379080731
15.38233460006359,0.7805044837503944,0.867887648096185,1.9288021000008972,38.04016093579366
62.32009916606914,0.24009011344252895,0.9944271126311246,0.04789427273162694,105.06528232691667
193.06608992300508,0.1999851841903395,0.2025662028991594,1.2383750947047987,322.731231035358
180.53845478326522,0.47418533956695996,0.6948214362367935,0.2244790226932889,261.39438615786736
210.25808357892197,0.050504365190850664,0.46651670006293666,1.4374663466556443,370.0448280473049
144.70003432740526,0.22934062843550584,0.49347806094682034,0.7273766073480761,238.4896370120941
101.78597127875418,0.3537049141876919,0.32558140356080445,1.7412811868561942,221.7342131018438
102.67908191429093,0.48762971256091026,0.34251221499941054,1.7454050218107187,208.5492413491489
46.96301065606002,0.26943671122536406,0.6762819483977675,0.7361797470077496,71.98928165117394
156.3663512835327,0.5606364947084064,0.6208029171960167,1.6199635539230557,334.5877457028643
140.62396708423853,0.8784146664451715,0.31850357062743295,1.362273754318943,292.1726361121708
37.59002653720619,0.5437274613576021,0.11858091881908583,0.8531338573074247,57.945876508874306
212.61626935086727,0.2868395217364318,0.5782412873082025,0.6864728879076047,401.5499067142988
88.74813469288799,0.061980972002314894,0.7393963449648854,0.4206098629384416,116.01188922291217
12.412434342295901,0.13666630474832364,0.5586217902145098,0.12641690571301822,14.927476294672815
79.02748052675823,0.5612173685471906,0.0036506734566412735,1.0347187372051274,140.08765185721714
208.8306831734224,0.6837088381043798,0.2823155124738027,1.0800810741510205,410.4176279728786
220.1111023138974,0.04966794355407056,0.7785793396350118,0.8880373169206832,361.06836798646077
117.95042093368222,0.18554982971348166,0.7425482052767383,1.9011943594268763,237.27581317810083
229.5434156475836,0.31908127067657055,0.010410252541492748,0.027380234526334535,312.3583073942327
210.12041330626826,0.31977310888050237,0.4702962327601784,1.7006099199531768,458.2301100644928
198.14275674526448,0.958407014177961,0.43731817265034,1.6016428940661542,470.82235041258076
206.40056049138835,0.20377059794242258,0.652281376290942,1.517504788508038,372.34102753662967
91.95916121443322,0.0625203494791089,0.12498004006499774,1.0498306247612876,156.52876654286788
181.6743113109527,0.3530148293123191,0.62141523288227,0.3807107564159211,270.35375124005594
138.77269123673776,0.13444197102967947,0.9469180201610508,1.7257587375468761,247.23682514179458
172.86431841680346,0.12658196513578912,0.37174953461524995,1.4891893091266033,346.6091297881764
43.07977276559552,0.40745066111712835,0.3373564176597581,1.6656424287609712,82.90208198898007
175.6688418700986,0.30639113924994865,0.028273514371877972,0.47157514654627275,270.4371368923703
229.84338798950412,0.09172677615535951,0.05739505895543151,1.1087499862078722,269.9349275730539
72.98786571035238,0.6043034294274493,0.9315724469297185,0.8319184779101199,136.013847918132
236.68563708737267,0.50169976602035,0.9755018465386892,1.2793428704764556,548.7251852759315
91.12105554588638,0.07709966895130538,0.0056417004365867385,1.5052153870719396,157.581477666956
48.33377753653737,0.8627444740141443,0.9006796863431648,0.3474307368899743,96.26419337048681
27.392552037157095,0.2847130582123327,0.1739600306808209,0.3480764642299028,34.218081517134664
188.49837823251858,0.9613807849471794,0.5613587186564296,0.08721375187754643,344.30450001545154
133.38068339018812,0.9315386325563256,0.6781409235287493,0.31437007666226524,249.38630832673778
74.05794483205591,0.4340966262187528,0.35905871056057914,0.4803464592593376,118.56537455987981
146.223863565605,0.22856694043833492,0.5289880917707172,0.14503715819891339,230.44963584302002
80.03823448792063,0.8348527125302225,0.6275421881553053,0.7113819098102401,178.7642673549648
107.88168288016587,0.3612858416224468,0.19392629938479378,1.3503325904911294,218.5769642015762
207.10805811786534,0.16355069467129824,0.9942566215856822,1.5861462554883008,447.32990701021674
160.52587120776997,0.5516077158189412,0.203881835585486,0.6916325257166005,249.02906527438654
183.09524060927959,0.48940244270126576,0.010338464686618698,0.16764979592458884,243.45421801757786
140.2467055769635,0.8500178788139564,0.944284592104748,1.5187446523168167,285.7093756458087
237.93983270810622,0.7292813798393321,0.4291277008641431,0.7823673767392623,395.3836181754003
58.3177108766688,0.8761394868367537,0.3986197189264785,0.5028551901081455,99.25467138499766
63.318732992156136,0.7347029123873744,0.2756713184663234,0.9413819508946952,123.16240638400043
22.667865827830724,0.642174960647797,0.025831926791167636,1.9397285521482002,45.64875248832999
133.18767074593515,0.5001771522770128,0.26456819338015114,0.7452796732959053,226.60850841294294
147.3995371198041,0.9875532894964475,0.3933003425659819,1.918906148773416,373.88337859039854
174.36779670926734,0.9591648240001723,0.5203292488667223,0.5063383193595858,300.67367372143093
80.83929926484802,0.8488529815357496,0.45764422012198236,0.21108952003780024,161.10569539118757
3.4355040466740143,0.7753192137855278,0.8790362077040228,0.3143576060047848,5.375696445686001
151.91897413265264,0.5775595501185121,0.9113298619301491,1.5475634796843478,377.6211139804223
239.68757045863165,0.2597533605262068,0.31715492181571503,1.0752262328977866,317.4297248606934
71.0445702327032,0.8754390270879648,0.9595545938754595,1.163844500766121,158.66117421226093
44.55230136633023,0.010816134878957717,0.8649341721203545,1.9354167937043758,79.75309604412261
67.9831863994116,0.2274399667939332,0.9276348165347496,1.0096747410379294,112.40204849189345
102.38700620910281,0.4037324450844698,0.7063308823877971,0.23404177788901204,180.76237785767702
60.59364648413924,0.586157155234072,0.19827184332554149,1.437030468719984,120.6881870447986
83.59692607552341,0.5608793203603559,0.19522779265777446,0.415702728139286,117.9980081718276
153.35051388975734,0.1758158263852847,0.9086515630839432,1.1630760296048372,289.68768021401837
83.13420284880623,0.10479819981353178,0.5070454599344433,1.70875753092399,154.607024014053
95.35611727568529,0.22232892758527967,0.8904673071537378,0.9541621508651961,167.8560526369812
10.087487440423715,0.3487087888964836,0.720547879189317,0.6285702018031896,15.02346728879613
220.3472291386773,0.01405368792008621,0.21251230433506763,1.1510931744140867,315.08328898209083
97.94918739960745,0.6924558205498558,0.38475982006295373,0.25390258256422804,147.40695970388217
79.09037209033323,0.24772743573749145,0.9678252150225083,0.6151281125555175,137.6765304829693
21.21296500076959,0.3514044365483624,0.01958276144350435,1.0082855737207534,34.94688261668165
152.38688008714647,0.3349016905838995,0.7145838630927439,0.5083023272424783,214.85655596492887
207.38607558816932,0.5118298008785218,0.978779697075206,0.07851624304465887,325.42820168734966
10.356191412549874,0.859799722094611,0.10414694592362794,1.170281958843717,21.965146184538483
35.2927559341655,0.14938995350554118,0.27199285494687864,0.8024947296225642,56.24385420106728
35.56036401824665,0.34072711323127003,0.547013120681191,0.7812205188696595,56.574828807505355
144.7448278557964,0.6920288077317835,0.8437649277466992,1.99362559179595,358.8867155922236
221.13470540104933,0.04423141328043678,0.5065118698377282,0.2235680637739199,281.2822948031075
105.34552391218955,0.8299786351622237,0.05959604699457166,0.3083512756124196,159.96661220688995
82.84164434242723,0.9618251404974265,0.12718432333115348,1.7525236349689133,219.7509170191974
183.91884420040756,0.6076372025819908,0.3759433688325644,0.2605233181080957,291.04556780903255
178.34529029047852,0.9565083710307213,0.32254067376054896,1.8352456641622346,397.66955251179286
59.598095356891704,0.41306182943174774,0.21967863117921138,1.3439217225684177,101.36315437841382
39.01791377273871,0.4150317306551369,0.8401287361857906,1.056325809847726,73.25578429299725
86.19550276347785,0.10624890941343745,0.026881683748735674,0.5568013630589426,107.8810706394181
186.25701243827817,0.0354469349997697,0.8293442477770777,0.7189469641426773,299.63656053782006
166.9676818846373,0.24450431813453388,0.9216801736457632,1.6519091398268602,335.41864217295023
159.97196267231115,0.4781286571011477,0.6301110245510642,0.11500909650386149,243.2671393942645
199.14814015908732,0.507682390862889,0.6253503985877641,1.537097214012508,388.96287986334596
66.8727098057638,0.21757538174143332,0.14901771298548183,1.6556413707141495,127.65238058882832
81.85425224994766,0.6128056746614275,0.5683177382108319,1.4119338177673073,197.84077870892222
10.640298420897649,0.1812058748383879,0.3751743939380624,0.10900932948035358,12.93950629011506
208.56461330494625,0.32621114026910014,0.22904976152019574,1.4853098407293481,378.62714717867175
139.99192151386166,0.19570951518932744,0.5833295558555314,1.446327798212322,240.8418960886837
71.90028890614455,0.6966635999901375,0.0011904670623462676,0.02618775206584334,105.12401385950656
17.12525928212305,0.5165725082223118,0.2764127915421585,1.7845667305757842,42.76214026244386
173.75657600740908,0.7361010990726155,0.6560420242884377,0.2643916506534385,257.43789446285075
179.82263593200014,0.05724816959164969,0.4550406105073418,1.921564344044096,354.955460052458
160.0497871815479,0.42536208023514144,0.14564054050444886,0.14154116218837975,181.2102438731408
49.30554254174172,0.9669585789814206,0.0013181117499577732,0.4760988577119032,87.14083157662127
219.21524601281087,0.053619514706363613,0.2704393140699658,1.3804843826393054,383.52701071401515
180.88134555549988,0.41837868969596215,0.5490593059551276,0.27448262895377895,227.57396663296922
158.03263949836088,0.04039821885562056,0.5345455651136255,0.3699351139618021,194.63524517213793
156.4010696595181,0.14665332097079997,0.13107189937191988,0.022343287314115612,181.70221391478705
217.09366917194805,0.4625264515730515,0.613697143016687,1.652960151606568,473.95872834183433
222.82955837676113,0.1575133976840526,0.998924378225075,0.07523460145842908,303.1939573597521
143.15516161345246,0.5187554249638431,0.5848669062611033,1.2651460314549907,259.9289900242246
100.29232392553034,0.9227316827700696,0.5276381757092544,1.1646146564578288,228.98712741339494
87.61428810448018,0.20040755819742673,0.6226331235929163,1.0224805211075865,140.20970620122878
196.66938243883303,0.10718650971219779,0.8796708902607329,0.7503154496692497,329.90231422481446
154.88297889032287,0.825276561982952,0.9459993446956352,0.5991251289108195,235.36919578179575
19.005214245750047,0.4602698474137552,0.04103351575265879,1.9138950495222171,40.0065893515963
34.553550117099014,0.8826110988441378,0.2049938029151538,1.570716550796379,80.86679660488548
216.0945218776107,0.30612329466538724,0.11576406400596428,1.8454651973317964,502.840707517067
212.33730647102797,0.6275320051870896,0.7723537857026399,1.4677959055189453,472.78758399256344
228.4638714630438,0.9233135543016643,0.045562858951945895,1.6580178423760352,548.0378418632102
102.97030667513353,0.17169579944790592,0.9026349469911306,1.9283508437378838,228.82661146455072
188.28258737994935,0.8007285593054033,0.020555364903130813,0.9072891132265468,409.4406176478342
198.85989404178002,0.6315167498451273,0.6025468129491236,1.8137925468424294,446.6339228713659
76.10940894824725,0.8129467446270534,0.2755761939802671,0.08614832537998685,105.7870904264343
35.308381838900566,0.17069334495310817,0.4705635249410609,0.21574427049184153,38.36622891737814
239.2878136125819,0.4340864703370123,0.44188591400488253,0.9807486702907087,460.1000095148869
7.7374992984483,0.12883722847695267,0.7488932707239829,0.9079465010560046,12.870861109543615
143.5619525313906,0.9600821079853646,0.49664210105991824,0.8764261600784382,294.8486594629099
156.22583966651928,0.06269172296013448,0.42122083012655087,1.0743833035507757,235.31740329901808
163.78854740173077,0.06548339799438829,0.7302771025843543,1.0767455856779689,276.5637761846228
61.722844680596985,0.8981561921817023,0.9258069193048556,1.7411294766052552,159.68304540404804
173.31822900957476,0.300762148137675,0.7939224015235666,0.6918256253573447,299.6466944962065
52.327695405863096,0.5970200328471501,0.736717031502554,0.6324819113871154,83.9934094758974
199.05466225252795,0.28747552890730677,0.4877220811356515,1.4037904785904995,312.5189146607266
52.978443443269974,0.6487583756275316,0.9002157982813312,1.296953875320132,104.33398635642152
167.36109396372055,0.19246936927002722,0.4863134574216883,1.659693968046664,283.6351445134686
188.12752985723722,0.4588694580514693,0.9302857853155366,0.6185562538894813,282.0760166920196
45.75250723569421,0.5334921747803945,0.80292226242161,0.012788432507373493,79.24554816754667
57.49776378800836,0.33364289028713,0.15026023561012958,1.8881273681718351,93.0865131303801
187.09534542688087,0.25170061126895205,0.04699217272735212,0.08845078747701596,237.38447865100034
21.096753706571207,0.1402066676712168,0.7408556868660656,1.3600258867209325,42.258279285407596
46.18724811576606,0.7061443363079198,0.6858391616003384,0.6436639835715559,95.00515045653722
109.5996520324847,0.16828271599442324,0.6020888795819757,0.8470661107818263,180.10151729082864
223.27857193437256,0.29212639118814465,0.9762392800173462,1.6760655548185297,535.7868002034104
135.06974145687602,0.3369087646165174,0.545403047771961,0.8391589754770512,269.7386847214267
93.34884464587,0.4543667969796701,0.347899867101363,0.28874305620671126,134.6954721808574
234.81966822228316,0.702568699550067,0.5649658508225792,1.5088701698707796,548.8840220856694
111.55885783999861,0.42794513465370543,0.028411752505456245,0.040423034120079304,163.7136769968611
104.37952619815195,0.8710936214354834,0.5792642345702999,0.5494659768677905,182.91853213798532
99.08881389460979,0.6797856466201845,0.9024302050410231,1.0761472237832157,201.88491342803843
75.2671273893277,0.83848671613018,0.004330068518140329,0.8755273910292805,136.86478798736798
78.50390693215145,0.7163539613309406,0.8453038121781166,1.2404566780263042,178.69833541471388
165.23697585311479,0.14863179983709962,0.8019288940991132,0.762695385427619,212.07826356471156
10.280125563380532,0.9779273018640902,0.10610312979608527,0.7811694245922924,23.587797412729515
163.79510579229338,0.7865862657683655,0.8468304931217174,0.6973145202082631,341.19511137690813
48.68847730114654,0.5727217686340125,0.7635452657334095,1.7745409378657708,119.01527916848475
92.51781676747605,0.16523094073812616,0.49104645755984544,0.03459302218833593,85.58582808472651
35.59608392819951,0.17268064857897447,0.24521393839977312,1.879283934683601,63.8528515423379
132.8838750553565,0.6143311748601417,0.2881004158478522,0.7164433504034549,270.80649550421145
175.17943156603744,0.41619713300201133,0.6122749254719903,0.7297655113806145,294.093173559316
85.44001046549934,0.6758595005151458,0.24630399937549663,1.451785696099634,151.10267873796897
39.63827032089298,0.37242772489970266,0.3253556756739683,0.7765534774517213,66.85631605052765
54.74808687251654,0.5128451714565949,0.9308384311503073,1.2332896442024543,120.19983080847378
196.43804398687462,0.18795803796396204,0.7293286165062528,1.8072613581722823,427.5599851307409
64.60187204683466,0.1552011442938266,0.736074049716981,1.6923960950519388,126.9392671021494
186.0412710261889,0.0756447636984906,0.9559364221216793,1.030733355218356,349.0911545767742
79.82225793008755,0.8196393048985523,0.005794019803126438,1.4333042558250793,161.70722990591497
45.70144676513953,0.5553862515796613,0.2444858433726511,0.7848694902107842,84.69201210573945
174.69040003076972,0.9471410399066623,0.6579739629603952,1.552088313661706,430.67472428502424
112.71653455931201,0.749486281359328,0.43827153393714136,0.3403668734992287,191.20551897134942
7.990901680316134,0.768763160249494,0.11280494813237074,0.09126356287115178,12.001579346618161
230.40620943298347,0.5090584341970155,0.7812336860716613,1.0814653518375155,435.67239209620845
35.88695009476972,0.8154539365256507,0.04707253407992673,0.4306773696129349,62.3682989297549
85.14097086051538,0.9420634453138168,0.5438511121894881,1.4574518857263252,195.55412134111157
92.6583150814719,0.7217402523354377,0.5624643315425171,0.2026470173905961,165.24408701813573
117.71846087238998,0.10558894088700133,0.6359613196106538,0.01699027633716832,132.66034067677052
188.61384334903389,0.6510198592535063,0.315626302721813,1.3514066994837182,455.61274413845024
1.9586219821928599,0.12043321224109194,0.023600941231812222,1.0015988758363332,2.8286776984368665
223.8270562949899,0.07722242241866784,0.8889832860806823,1.9040308136603672,505.22432720020487
155.21447571862117,0.692900405115938,0.9292047948284559,0.4949712157271915,313.16811433538726
228.18040655617008,0.8347854319240385,0.4819887269040657,0.24651223500122343,403.68855702264227
196.26479421124836,0.1588414907293666,0.020640353481528262,0.046212363636718434,223.03815069039993
222.71725323093045,0.07414860796604472,0.580871160223449,0.8884946978907755,320.57884624111034
144.4396319490949,0.8865228941920439,0.3159298516629212,0.2016337707918221,236.11654673415998
86.07550139908338,0.1322093369908689,0.18248557683369682,1.55128687665921,159.82449401885597
106.57791811570809,0.03508609374373717,0.16895265638120538,0.14397158877120142,118.61679701136075
158.09873833699504,0.721054368766489,0.17925544033316754,1.8415096209006627,411.88603672039335
102.75018041403754,0.8477155540953429,0.33084100057931176,1.0817078464841234,205.70507121612064
175.7356316405355,0.5144733414642263,0.28062021569267404,1.3927438978870164,339.5883585750524
22.49759985116708,0.5399252440937878,0.8364248324531895,0.26183421160954934,30.36631329505084
199.28180243188086,0.3368605127273786,0.49531470739002426,0.1790106515692962,294.5455999124439
49.40317919426,0.23846319886623257,0.4276474924650482,0.7073675530344188,80.82647420202223
226.57545248117106,0.7552320701755861,0.14583355711446833,1.0408690785422818,493.8315492434557
37.75321908497567,0.8492844081210426,0.8758907931211639,1.1510039026592558,92.79213012230359
31.43482496652428,0.3212447581651967,0.05482220579378905,0.6595769165793903,51.39752631816888
194.9443284856806,0.2738191848756514,0.2395313588744803,0.5453245903686765,309.64505856564966
196.57908773487193,0.2677917195450501,0.6214722757353176,1.962821084648999,452.4336855833433
177.43288106155873,0.05059541802235612,0.7023124280103686,0.5453238398879765,268.28403386314744
230.54704610517678,0.28107502484038105,0.801156574819147,0.2758498165691614,272.91317161253437
65.29424107015714,0.02565091696900501,0.4102913014701073,0.7189193287733437,82.1744025732859
198.48237298817386,0.7884076224683728,0.34674008664141776,0.6077426287619931,320.5248820646936
84.81370694539929,0.25592682903096,0.2885516179629274,0.8434704020115982,152.73323919495604
129.2069708238571,0.6901551893513637,0.5680946710777264,1.2474274727456842,251.5431719751432
107.22120711346822,0.5431883855405562,0.34863561514536223,1.206295866498612,196.92916786144403
1.901080430328933,0.8374636299771987,0.32809424067593307,1.3965797708303715,4.24578755010148
138.08369535262827,0.9603787275570217,0.016890853435396536,0.313370141228164,213.80642839175536
179.52766011946673,0.367291614129165,0.9483159875416077,0.09188872798795633,270.36780730652816
42.30529586627747,0.08834081988963716,0.06059424432054006,1.581619599456907,59.26276662878993
223.63157892338245,0.7496457643859228,0.2708715183109395,0.43430527921524,341.6164462420468
127.53068969073166,0.021302326199183375,0.9214196273406962,0.6313300077793425,190.39098404188778
43.189917754686896,0.22296333448624628,0.7353481952623454,0.9113594288182765,63.82980998681437
155.204443234594,0.05325066847313853,0.57813980418744,1.4326127366879435,312.7418674752561
46.46548868942489,0.8981483716198154,0.6608139131953729,0.32716886013200597,86.35752724636669
15.71623691673307,0.0052970817015722815,0.0970600528127955,1.8048045299685587,32.0704431108228
164.63300055940852,0.4927421650152318,0.8086473436552222,0.6430546683830727,299.30864684848535
27.01142455166593,0.42399912715898014,0.25010676178260305,1.9653253856781352,59.48954386500125
25.93907888615626,0.6527446645481395,0.9562139778788705,0.5708251259772497,43.28152152561459
177.7164833820443,0.2897440885692498,0.23137460379401875,1.451306031503161,365.74646413777873
13.720934853333043,0.8736954004694584,0.6253644162318255,0.7533382240043383,28.93168678360361
194.43971838198513,0.7343457415813933,0.5453244920121695,1.6731754717478389,547.1152658063172
191.17762769615473,0.4322944259922329,0.14310309396866872,0.924813184847197,356.66906537332653
34.36372602462496,0.35802624951254136,0.3629271678168121,1.741063771893581,68.68629530602135
124.65216502283404,0.8158882474975845,0.7812927547389327,1.5078772503430184,301.34717703315516
23.641805087061694,0.7570602985357707,0.21258807399910806,1.1720571916128015,50.70333877541306
152.00080713874394,0.3990000580240475,0.962857314841953,0.4999798593156213,281.26741419123846
15.571738106445903,0.3413718626101272,0.29548363864760685,0.5197354381218204,26.603139891196108
226.70316508929795,0.038887989662542144,0.6267216594800857,1.982844183067355,452.83504834578105
50.2515111210148,0.08170724544014563,0.618867039589865,1.8507759939331652,88.16990777426724
164.05327009970048,0.05391845555423469,0.4707782421651653,0.27683677951412977,166.29730475254178
31.225796138317857,0.024415486348026816,0.6553604641657592,0.40812903215834706,36.451688202527464
50.69834937426297,0.15287238214078092,0.7435769438267714,0.21362877248205447,63.407229500307764
108.50244090756726,0.8571418176805748,0.6190029713408884,0.40267559703748357,230.89684942483132
137.75652585129313,0.7981593107558651,0.5599946193339791,0.5804751564379176,298.46432053906346
239.72774607380808,0.8455738478281971,0.6066274080727636,1.6752538635504206,633.9207296886768
6.709331627781121,0.6238003614254719,0.40195592040195993,0.1903645019857274,11.780630312476891
0.5753035047588271,0.62406310124067,0.07087316713155012,1.764241132005249,1.1827145409270874
84.41291918423003,0.12393174655301664,0.15969837918278196,1.9438602628539001,142.10020036416446
88.19445008867956,0.6989653536423868,0.6067040430396946,0.5634801368262787,144.1277178151266
212.17901804562229,0.280026410870473,0.9271738924174422,0.9124676914842018,297.36650682352416
219.06352017350383,0.5192533297862011,0.025740548571182242,1.0586567472480677,353.99917660717966
211.38573183805684,0.9547226038008574,0.5440351970621957,0.4113786657146783,382.03817933102505
34.791310741408445,0.8706153943184273,0.2520614330091897,1.4631527578734969,80.28186699011592
99.19910802586709,0.23319350729579214,0.5617399054845131,1.1599975991779354,178.4321453834862
179.13949636965805,0.7366506157002934,0.7496573577337017,0.22435471001895646,285.9903685326215
75.37035073432583,0.10409074995921108,0.7354531321695928,1.7919646252620347,159.82883940187907
159.34550782827702,0.026742485744032596,0.7248857978181339,0.6043853841786282,211.07608313500475
57.29571573426654,0.028174274781860187,0.778923465939437,0.3124946335427554,74.51004375411965
77.95891228161354,0.17024648421801236,0.07261068682095762,1.9637088032808068,139.12402205286486
206.5729010189619,0.6949484020937929,0.5095778339179522,0.20581799402339462,374.7585493140478
60.49691414331433,0.36330589345801867,0.2617784853721482,0.11939336927674082,81.05264972314679
231.45561880892467,0.015942438966691785,0.921270561002413,0.4751060136603089,343.5599725528838
73.84916484437484,0.9880226313768419,0.7828792220194712,0.6385298347936987,134.30667234582052
6.134982302674926,0.5333784032319931,0.10754484735838976,0.8676053323014032,10.963910485493804
61.548766460715626,0.39388021511131754,0.24324612903017995,1.3703404361090221,124.70673081556144
41.50358366730047,0.5188498950488314,0.4552202554981446,0.7314267684598075,57.73139469331493
121.88505840910317,0.5199709098585499,0.9629086218064256,1.1186672214059594,274.2464966225054
27.495497885522475,0.4702365770929937,0.10967318412105187,0.01162285126005913,32.01503305815646
150.43870610027562,0.6129489044649707,0.5679723685421296,0.769799363704385,283.7298210652194
210.03832739828047,0.8856266198683065,0.3412875131745584,1.8899373508469626,615.8875833646525
87.3232721919947,0.30171369207708654,0.6463403417325573,1.549693411330034,192.26272617897448
40.854006273644366,0.4869686228459622,0.6487067270227045,1.4816011382330694,73.01132966137101
96.3059864903669,0.003643996196768695,0.24059148668401853,0.6090319529920407,124.8360041115644
188.73905373742517,0.8598142813182026,0.7858094003060662,0.9763523463487185,453.6528997455815
142.16129794206313,0.30590388891311626,0.09126247133480792,1.6890470045760182,257.87994359242964
24.723799591960947,0.2712968983283689,0.818138871087333,1.7603113395190098,50.42682472660401
129.1563234613245,0.9975371692110346,0.21196685857949404,1.4210860585822591,288.7701428220934
112.60644885861457,0.5843929387451879,0.5895792984916527,0.9130828621385159,225.77545396998838
78.84338531706817,0.12304324614099027,0.34730972690277007,0.14633009048986123,80.62691810816307
26.883462754770928,0.265524969893571,0.6097798266218947,0.2387066171043013,39.70108029971725
235.47630858105583,0.35322658826631137,0.2674178482743774,0.0005858436498256125,282.1954277402358
42.66237511443472,0.9860600478706539,0.5689636719505107,0.7183995390058677,88.06748627976299
46.66192234438354,0.43062167791485795,0.008198260213564179,0.046767926999194076,59.40704494466117
35.36705475848549,0.23013398829280907,0.374454457617202,0.8700435814535781,60.30017453056426
137.06123276839568,0.5697309674128171,0.8263893790621891,1.1950832464348835,281.32297838197996
106.75886308860674,0.4047596580570104,0.46300658650550774,1.191760280756543,229.95021950956186
60.26894509536015,0.05496038814187043,0.49926109898996573,1.1105950364018973,107.65098915354872
103.346900233656,0.8609196124543255,0.621576837913993,0.45234172164481423,178.36740064298147
161.80848332928144,0.015687527283303915,0.43420959883398236,1.0383778033779625,286.0796178194902
67.96727729392192,0.8984836357454766,0.8670767277238136,1.9596718608340928,183.8981739504851
219.7013633592761,0.7918587036018022,0.4033246698481886,0.8892355740514899,444.0661707054332
73.86992380406055,0.07582321014241111,0.9425524342432506,1.748983372690053,160.751050682967
47.963877882073355,0.7236110778130539,0.8769380233242583,0.7628108823238864,84.71392385014752
229.11899932603907,0.7709416821393189,0.42108778265898517,1.2460888756294122,422.2142043330491
194.62926612330395,0.6023070734286845,0.3658008745986372,0.9636778131590198,368.9616580367542
82.68146115001,0.5776708001561233,0.6766280189001683,1.377244952723338,164.42720057997445
202.0229283489583,0.04968702624797405,0.7553067486740624,1.7947556792178283,481.9532105636811
124.7560126723351,0.05949637182278256,0.18586157732458808,0.8818014984131555,169.25200199469347
83.54722333352454,0.7272886498356969,0.24104520318648237,1.514798916519276,184.35787411025925
201.58697569464184,0.10556517891890982,0.14625251664849293,1.7650792997375664,388.1547096499504
180.64353351403346,0.24184410070647755,0.7606918781883185,1.5790890924198002,406.72767021520787
71.84102481302385,0.49883659382335876,0.7144018649790849,0.049111997751585035,95.42248798891617
145.79950440428473,0.16416367361268158,0.1890538143183762,0.0003793070364885853,139.52795782930096
88.96895853299144,0.7898395605500256,0.536874786154343,1.7659193532964814,243.77638665805353
0.7519474282129588,0.8073780237790886,0.7642393592033998,1.4586268247035579,1.7576102758382
230.8548700653669,0.842143211260892,0.9470286627433728,1.9162640643408193,643.8784689034138
132.1361637194444,0.04956812077470496,0.1785226541310314,0.5849647880699387,190.45070243369756
143.82460809895505,0.4278731612336244,0.30432977988968923,1.5759365054302497,323.9509979055835
144.17399644971212,0.8469176727143358,0.3483397836390738,1.6030441542352736,323.8656519315577
132.37862986624697,0.3632193903066989,0.6249773591332093,1.714652979495376,262.45337930869493
69.96645882327563,0.6958203783230225,0.13641885020898714,1.38405582740299,117.5798168789677
233.19248191547948,0.5892459041900096,0.1934290692513928,0.2766159848345433,323.87175491624305
149.38958479741075,0.3472086167071786,0.7804368373919862,1.3618854790485206,297.48134416143967
161.18566585267376,0.27640482909042374,0.5420536658560705,1.2089673896754838,272.97196475897476
109.42286537743344,0.6527430920994067,0.1603862315284582,0.6673441850308086,169.978059802931
69.44280541754243,0.133624137002897,0.38843274800822536,0.4172269834679303,93.83841258106534
15.911581230895578,0.8601225190877586,0.1344941953317328,1.770199888627064,42.95303408921894
84.38013207800876,0.5764434410807034,0.3626900012368419,0.2838929899203795,131.54377770259381
42.67533430977991,0.11150350512583918,0.40019929521163566,0.8443957933879147,57.68825669102138
159.07014024755435,0.7035276451933636,0.11211041162539626,1.245597045411442,365.4335178718819
211.0214304102513,0.431112549882419,0.05983342618604204,1.9435928628310275,421.61371001472827
73.00978854983373,0.2040814153631757,0.8816018902575307,1.3419527048223117,158.83961861105587
80.22538878666415,0.9610692929248661,0.8876480896402189,0.6097563978430474,160.8267536297834
161.0522986670483,0.7196477850144256,0.002578875212649878,0.12132386866531575,247.78475473875693
36.25050850077611,0.5929936233279961,0.6412040964241364,0.6354062456934508,74.88249634340838
223.10026368930895,0.8488671810593617,0.09367900753897984,0.5855731186272897,353.50713859077194
87.6413040556032,0.5438697898821526,0.8101416455313178,1.6381589636274845,175.42765865848932
24.73726729946253,0.44147061233290386,0.8795623921537515,0.7531691090370041,42.69504988264847
42.33681917849364,0.1894468598607083,0.6166151553702259,0.19689666576765874,55.21655367535964
223.89268520378621,0.15339042511817869,0.6131554572029421,1.7399549253848094,564.1266329127714
59.685069564380285,0.4319693163718482,0.37148150905372423,0.036108533566213685,74.17500950920281
159.11337851759308,0.4559745790275158,0.24946896936286167,0.006018791056688233,185.95675379098674
37.9015710374145,0.7333125052307272,0.4992708291532464,0.9495064869632344,68.49621393112041
46.98735531753226,0.4420850100368764,0.13371722347655401,0.1384405799819628,66.04595567929286
211.07755342654463,0.5931592005654178,0.6722248948609137,0.3542037920470873,368.9458651135793
35.953956214563554,0.832518524076246,0.4700868953797185,1.970569164243722,83.94718639967807
4.990765523338859,0.9933346955105418,0.17760150603093072,1.688730005985645,12.190903123295556
120.54534889154317,0.32252531515128247,0.5883142527892828,1.5280753518634531,288.44445495850084
207.12307177647284,0.9019544637283687,0.795327836585729,1.3415861063944028,484.94728724201144
78.57485537704213,0.8060508718535989,0.5887994616671309,0.0956308980388827,135.6713469475185
31.194863819647665,0.06800669031955309,0.5296614116565442,1.6718174236541343,70.16447353943221
235.74428368097026,0.33415893085389126,0.84771747813081,0.9423766588935483,393.373701951666
162.57890176271448,0.21904295983438338,0.010755385000829953,0.19663994779003136,185.12675831795667
204.24040635158346,0.664384272422998,0.6167476278346294,0.6015020223000369,353.0012592236923
180.63711622277722,0.5552991362176882,0.40969218319456746,1.0039362395690905,322.7754257146467
167.72902462041105,0.49485105258955364,0.1935661486576693,0.027389194842357245,187.78208119900793
92.6030940778554,0.7635637638075775,0.9795778500860997,0.504838946102768,178.35674110189808
78.17942837227163,0.3333086958119834,0.40381382914718933,0.6718472574735317,127.13525109762551
172.21158371672655,0.3827522955532656,0.33526281244222256,0.9275826790691939,291.8054892554132
172.15276545844662,0.8656339482254493,0.16900843974064672,0.003963211147675727,281.35534835407634
228.16591797975784,0.9722085092600066,0.9977659512454841,1.1308852403625733,543.1088460098158
136.6940263746732,0.7763573407678322,0.8560513560296767,0.39526742173754426,218.00899087316986
71.06175483614781,0.21707097477722626,0.06997241867495119,1.1945010614971519,123.64972134976023
117.74214743964934,0.11265163216384733,0.5657538761271833,0.47830061423701276,172.83889820218386
147.48445910585764,0.209205147765802,0.14740121087546587,0.8054368831616581,188.9880948508486
102.70178699867054,0.4227613650228964,0.715781415012947,1.2472603984925592,231.3245588114023
189.9763830446118,0.23669702774763823,0.484083429260437,1.3131452128816399,305.0104042129646
140.51486432569314,0.9010411480720117,0.11038896419927591,0.061191386237378964,203.35299429373637
2.759856766822306,0.6707229017674402,0.5570388912642898,1.070149096158445,5.681315851100908
136.97665323156602,0.4167292447830141,0.9106756511028123,1.6332833386516272,313.0999512415475
152.2481067330757,0.2738117328615608,0.34119468233315253,0.4128460911088787,233.8538618143784
219.70506974480492,0.38066100514096435,0.05080561476197898,1.0639772754910546,402.65722791213534
99.58634084257315,0.4760505953667302,0.9452071112646443,0.8952292847737309,177.72111031408627
138.08500439549033,0.7138223521757286,0.14179918800945057,1.6998698158132401,314.68528558513594
114.26188944609255,0.0893415582288789,0.47505200088123367,0.8775261492788404,170.22158263341262
127.83171461829805,0.8488329397889457,0.5446771278482843,1.8876810209212949,325.049367261978
16.619324925224653,0.12756003113018,0.23708746318125673,1.3048568620825662,28.660033137188524
215.3994383741778,0.2624500819724379,0.177418032038139,1.1227664427613093,349.2800512652925
218.54375538967435,0.9935898957725838,0.11313888061485966,0.583839081954354,406.9176000743263
131.76027655731053,0.19020863404425115,0.06995528235397341,1.1930512289666313,179.61668894013812
133.79504601516646,0.10114218778634565,0.5081265476803448,0.26249284493611524,184.79714250968792
14.28467060857711,0.6384053019187983,0.8420207768343164,0.8324881909313651,28.5537302775823
143.70914789218176,0.3931290798512249,0.1267587713666013,0.5688558915695072,169.6362150095762
103.28185367605941,0.09183543426850871,0.7006190284454984,1.3405530069423028,199.4324992884169
170.31594944114772,0.003742428349045035,0.4126207704235999,1.5279919630585068,298.8951239773824
11.786417524639587,0.0791615763814778,0.03522423897058613,1.8572577095704286,20.227476611712564
170.7576000137128,0.5227355787719067,0.5359723100047215,0.4442015415620484,250.73525637846473
69.21107080783918,0.23089294513094227,0.2520082661331764,1.7695013965347295,128.36183594377067
156.58342664351935,0.7775521343189499,0.6052540930405024,1.6919029703784285,337.34450343026236
150.69667108725346,0.857508633071743,0.3493230108388712,1.7248631499057265,332.3472338037782
54.82853556941969,0.14483301771529433,0.666452318262959,1.480951723069412,120.64145925351997
105.98833667929588,0.33701987073447015,0.918503362931029,0.5354428871544983,178.66067242848118
200.63416554327122,0.14657412546819748,0.24454456208145914,1.7557443500250642,465.9124861116278
145.53919864094834,0.2866927035819472,0.9398404689876976,1.1990969241058407,282.0397180682817
16.962823323829546,0.2392044187505713,0.2043088602503319,1.4812234076854667,33.3571110586222
106.57666510133872,0.7868649009371865,0.07069488222336306,0.41051471198605793,166.0905148688703
75.16926437731112,0.3454796780140662,0.19270098738807973,0.3148210710280497,103.53649562147154
154.17414009933603,0.49556479874417636,0.8149166995155483,0.5537032701494498,262.7028983829301
147.68806394021496,0.6738951054729815,0.6775562452645418,1.0227415535514097,316.8644912428926
2.990345311678658,0.8222566491521867,0.9708341532614312,0.8332501922394531,6.201576335278735
146.04307450572188,0.3012090903224518,0.7098273104249307,1.7752160720773609,320.8519432210491
176.49649212939235,0.20922066770401915,0.41263126503663394,0.026037006305104082,222.4810130206623
184.61084276017732,0.9784533737558676,0.8924309741328762,0.1600967858918967,334.5299004201278
14.624697008395698,0.32014754464749695,0.9581285182084599,0.6508197205953654,23.480513169119874
73.22619089781361,0.6710680991808755,0.7916549209601059,0.3354644648923597,118.18258219637609
101.39501775208997,0.6778410406778043,0.556639585835101,0.8135012323802797,214.27285030254018
43.55532401688138,0.514029445599541,0.8257657813055628,1.4351862009702967,89.9075730724225
101.26576214401985,0.22844744548455698,0.17904470733428157,1.986835743602109,217.01601792780278
17.535523830229366,0.14145742095417624,0.9003500229293864,0.4041494944492514,24.784677802694638
27.615539280188855,0.4870161449144311,0.999558982486536,0.5319492691608938,53.03049571692069
160.65239570099897,0.510929536711377,0.6651401664553453,1.5374772990976995,275.92193744196186
63.386104447857115,0.7733667567747976,0.19588903958000847,0.5440994146005376,116.42800310095464
170.88170047135762,0.7098334439521935,0.1444366621953218,1.4074999454751487,316.9220286458462
12.021992459991981,0.9120412788358667,0.9594144056003471,1.1669780965647611,28.614242234476844
135.26738120391894,0.9708605618876316,0.8713528213683255,1.7097881976614255,340.85095419290263
94.25195492904824,0.7278513261995407,0.748678851564767,0.06667354979262674,131.55051866430207
191.37464836375395,0.0765112488302534,0.9491192536154113,1.9594939199240133,415.92018956275456
188.25640345923208,0.40511830921710257,0.5034037528683912,1.9285013391420214,427.63818486077594
90.44653436857321,0.6088023698406829,0.8877464030023644,0.04477558935785053,139.21821823875055
149.64000637400758,0.5901950714499575,0.16282031398837915,0.9990188433560703,275.78917552163205
54.9979540822674,0.18144378583059817,0.18280971810736246,0.8028522099383542,84.50711969667209
139.50743726521065,0.5829447294508714,0.5123430456603899,0.5083263024073552,265.08732636629605
19.962894200431627,0.3496805078814441,0.33250966084452427,1.9556518423386517,41.903449951037864
104.58772604640711,0.33892684484371594,0.4325192680146577,0.3492009336251125,167.6251025026644
44.26327972837714,0.8340070053012362,0.7981969863005333,0.5271089846026491,84.79859296574301
212.0697931109197,0.42193315866822,0.05340747094225906,0.016445947221101598,309.3218135454665
107.05374590305621,0.5273959540644526,0.7208438342802297,1.1604462562615012,208.52516934368458
141.9903127986896,0.5628728610344788,0.08822926845336554,1.7215972778666362,285.79480142911115
86.81145554903749,0.5629967798516162,0.8475010502804202,1.2438258713069614,160.60973850814918
69.65347793993278,0.21312151378337207,0.20189980653567507,1.3032144519873816,122.26703154506025
49.099288043237294,0.5994533631490071,0.7349389203479956,0.13264073914862284,71.4970096487528
218.8932440487512,0.3346236089441196,0.591879398987689,1.4296144382214433,491.12748313428557
191.97205489125517,0.6550202945961696,0.3856221070728476,0.8180088375869281,326.5344696633582
32.416044091231896,0.1456975989657271,0.26753625041891527,0.9474249257455962,47.35733246448368
179.34060787188568,0.9941155946336695,0.0574593162664091,1.1700311388144549,414.2560218278222
100.73812110027845,0.7720432914533956,0.3533802069130071,1.9507287276806156,275.3157580501199
4.18749886305648,0.4172514334843075,0.20052875660117597,1.4963665114348845,8.900402206288675
127.04397323010518,0.30135185086428296,0.1359125039519823,1.3678541796691255,257.9296107230511
31.64612240032543,0.3878020348178458,0.7384981225891342,0.863786069570633,55.680616544463525
50.77926798591592,0.7212082727738749,0.21251499101320048,0.06890103305771778,77.5842829939042
167.20181026107028,0.6554077995845652,0.22315804771616843,1.0773693447310169,391.83637688912853
62.085517895316464,0.7020925120005874,0.34048145175404365,1.321762460753463,153.32012491524662
214.10722434111509,0.8889991954515393,0.4626531596217692,1.4083793694164293,526.4468222492524
157.8921571425887,0.4562952263104093,0.5137127442897002,1.2157621665504967,339.5327380380535
199.83189463613877,0.6695211484476647,0.6645462688404131,0.600734050204005,396.0331240935949
147.83789443007907,0.4415079549598683,0.5885220478379273,0.4420628033682845,206.9538737079234
208.5894770497728,0.6380980781198765,0.48168387972664173,0.18018804339633765,328.79465289333285
87.12347966780497,0.47482363696294716,0.3939402146374703,1.4056627457690198,201.53906202176637
132.01916816409633,0.7766636273378931,0.26578621192923446,1.9415718824871075,343.403229856345
124.05575090641788,0.0052601232837330425,0.7099426136830395,1.0500449296231014,197.68667373809845
216.95787458467393,0.21571095578978183,0.3175013203937477,1.3463653307334271,450.2505078506672
39.99724036176294,0.29643762516324457,0.8495813935258953,1.385205005124409,81.6609700974925
138.94555278321283,0.9453945062511162,0.5861624558879867,0.3228842116455741,278.75991284189064
181.1862710173618,0.5070462129669179,0.6339442785281806,0.38360283771005754,303.8216959070478
89.12691764781165,0.3643518799981412,0.5087902308777333,0.4163544607403895,142.4068329561052
208.28577514552634,0.40431211561367186,0.9285560646520479,1.8656830674213611,501.66579473045294
89.8370367151173,0.4518222834325363,0.4215955686177445,0.031160121112599803,140.4526455823347
42.00744799507191,0.867830390113971,0.4269684534188126,1.0823375460190228,102.17430167609292
140.3795811195051,0.9623358656801378,0.89301449577183,0.7543552447004265,284.9468824357123
101.22603840393634,0.8441646397402306,0.6049069209601715,1.3187006723269057,235.9610646446443
4.138030071340088,0.8416567634189485,0.4491487157241404,0.4409843295382474,8.518132579403732
17.22634290219402,0.1990151109554612,0.2621511145167309,1.9223416394491608,34.70662936748715
47.26888465947831,0.26867807176225533,0.2450444450519177,0.6624306682797954,62.31474119113321
184.75452530459748,0.5960491805580991,0.801434313755236,1.8518535632331459,397.2456463889541
214.14346409008272,0.6561374134413109,0.2794660776237201,1.1784007139355779,393.7164311752655
131.1809893264063,0.2027053734460813,0.005737690303365683,0.828922197943011,188.48260126877642
25.78292827213257,0.7462818727465174,0.019460639298323645,1.4677710465366984,51.27483015050576
128.49333906192211,0.19996355291958678,0.9784026115965646,1.1061293485315342,255.6351822291579
205.41750781296832,0.2630106465894142,0.5598379366229443,0.2771650519426416,278.9148377227183
179.9998921748602,0.30679553798161063,0.4890246318593954,1.408978399335224,389.48380514664274
70.2180102055213,0.8459914164903171,0.9178760691083302,1.1589878246126104,139.3019168688885
30.171800924561698,0.7320838968708833,0.3516873989902928,1.1312899713295945,59.615550601950325
216.2132670930572,0.5306854357241814,0.794997559655233,1.4762915607311875,470.2250903499875
205.05425481841453,0.8197492981348952,0.7218098127801388,1.3069603751658756,498.9721321057259
13.364829952281577,0.8129282473359235,0.477096482321838,0.7324851269491297,28.951008660790535
197.77004031298313,0.3898330959487234,0.774631897458691,0.6369775393064621,314.26779449451374
23.78242674949301,0.7814372874874199,0.9657783875926372,0.5016377124281362,49.87191589339504
15.656430199787867,0.20624277200165753,0.20060737578707066,1.1502908608878604,21.98050824563187
182.18491486652914,0.5032288499555093,0.017509414501021503,0.5997755182794005,316.9244034544023
128.94639395102746,0.11824173038867036,0.8214544062642994,0.24083658359687088,148.84522358725772
99.78425176963137,0.426794485591258,0.40358707284481365,1.56539498432158,214.16218735895453
216.97499593625724,0.5203657697671906,0.5444024935150081,0.41826448436465435,392.2647197064402
201.513205510227,0.07991835791607027,0.22246232073253203,0.329753983688974,272.129411710817
14.300821435520056,0.4626127617317499,0.8417887618528771,1.6980019456517097,26.499803680040298
148.05289444491078,0.651670542960133,0.7212062490727114,1.4042560173235212,309.07280521882643
185.45804306818624,0.6140882347447378,0.9533666281947981,1.5323139314218563,449.24490987845167
132.34249385610102,0.054353887891056996,0.4752518715996842,0.7007210922365281,203.15271061089024
235.9298170287471,0.09533968590820108,0.9765650127608276,1.2348724154442112,434.8025692390198
164.8083773630878,0.35135624595514103,0.5108553929738986,1.864388500437672,277.52330237447217
25.442251540937562,0.8426857229161057,0.6214220908627724,0.5653945248885834,54.53137726844086
47.99237387398885,0.8697560531673625,0.6741274398216904,0.13792419118887067,95.47717229995013
198.38582627727115,0.309612869707926,0.4897714557201748,0.341756118184942,290.99795908922465
239.22322321805987,0.7188920852414564,0.5627801909689245,1.794932564688114,581.4600134650117
24.052254415937334,0.5773905923516431,0.22330706470148998,0.5630621643870177,42.159554647430575
24.52887162388909,0.9834222587594326,0.36236305813290826,0.9825058135623281,60.34280968615409
183.3311994673164,0.09464391228969171,0.7019932450922481,1.0691378681330548,313.6442250480274
15.912850471111225,0.5478807422402548,0.03898896001793428,1.9200272500353486,34.76281919943629
16.92014779753097,0.5925376488712538,0.700413119967275,0.6029580306093354,31.311799531359416
213.3715476808142,0.3076685709511161,0.3037756445424884,1.0427825819800665,367.426039601457
192.207730050269,0.046953247491470784,0.27183583637422215,1.9162486571222794,373.2309690496476
211.63438636751954,0.052104535687826026,0.6934884643526109,0.40268964012556197,233.49571397163115
156.2979598107945,0.45361805420063817,0.21494516272075626,1.1957706036146978,307.8278655628637
77.7474730543566,0.6924737894439191,0.9616834358893142,0.1272135120719018,145.95650149665695
217.56200908470348,0.7001757858031274,0.9906790337130716,0.525950357316135,448.3812683593028
72.04428423137641,0.18096984972182417,0.45810040785145867,0.13842987916823524,99.59642229189538
66.48484604943641,0.8579721410057863,0.40141833584229303,0.6603054953234906,127.4421901256967
212.7929003966687,0.3771624259697449,0.07903745639873283,0.4128676155930522,312.0023709205781
163.5570109021233,0.9643679019724178,0.778218683794181,1.5968314456444423,454.9526209122839
215.01346428786363,0.11815963442563682,0.16272399654623804,0.9267908982324213,355.9034135008321
37.83835877632639,0.8364546986354818,0.9330478604760809,0.8100004275090045,90.2343970972686
228.57508306486872,0.9083381532454478,0.9905927389552103,1.3846462549767826,509.9317696929123
147.25174652972834,0.8226755261437314,0.12240978008171155,1.894398630501397,330.6795098538748
160.49439306037593,0.808841141199684,0.6830058820927074,0.6030867859245603,297.91309165695685
219.41750898818515,0.361310015404945,0.4659919915677272,0.13350209469043484,274.00421919966806
91.69033743936356,0.713343106720973,0.5411458542105199,0.2195603345084074,132.08319021907192
172.83821122965898,0.5793465660113004,0.1795746796547819,1.714430047641351,394.5159256491619
153.86157875931391,0.4244791314312184,0.7235208994449138,1.6917099825052686,346.8394744400122
189.16677616839746,0.9931116960536798,0.16661272096512003,0.9507308138273016,407.6792740154523
215.3177986440771,0.2904547181451199,0.8852999777437376,0.29528592661187236,330.17238170260083
163.37457487550768,0.4131440221877841,0.4539746143431608,1.0529787531803616,254.3911891871438
16.699673303483912,0.9028610373381174,0.6348680993675447,1.3368437803595838,36.60857621582294
44.362112831022365,0.28900827909627413,0.921791107048329,0.664472980255219,71.1695357367786
228.97777465296664,0.15268114212853778,0.7379395048025368,0.16503605764165585,300.5733106500392
232.49178837384568,0.30999974966948507,0.5408478834499694,0.643883283456288,315.4220720586027
232.1954886307578,0.759311677101791,0.4026776478433599,1.3811479332083394,460.8133255855494
9.313456395828256,0.859854009702266,0.4621351219937042,1.9567353776456935,22.46883840859291
92.09633622388567,0.1144449876223611,0.3416730596105393,0.38018029188634306,133.10558338304665
182.44161260512504,0.6217126810748266,0.9461838252524052,1.82911149525642,448.8630333441024
180.8161499760505,0.5672869055947429,0.2528578441476489,0.9132458235018708,363.74223641172983
21.075182735515064,0.6687977855133651,0.40934628259697237,1.326436250901653,43.82630217652249
146.4725884579398,0.671056371126796,0.7782239246510758,1.7273978632804314,344.7713871178351
34.71727364053536,0.9594674702665283,0.3643416726260641,1.1149208266280066,79.8599624050823
118.62363522183651,0.3465292084267393,0.8866108964381193,0.1229227680594347,167.80833849913984
57.904725351448604,0.2997669217357788,0.24307264014704888,0.531557344240084,80.22585617362499
13.232100630467277,0.5812252858218252,0.03134484170940388,1.6058114548264875,23.715852375890368
19.664652413622992,0.42941845923866173,0.6287511122518687,1.1057836718038265,34.94211090565933
218.658861460313,0.4737542723125783,0.5082534577351304,0.658148521456865,401.7585524815043
178.84270842626742,0.06927699350449279,0.9330580798908226,1.1666034515093777,350.0043326347171
223.67184363462164,0.14824217695359299,0.4231323258959617,0.5371402122860827,291.86756046629887
113.06258879388587,0.9353749365928619,0.1355902579581939,0.48202059966921973,172.83737218552932
99.48355349919663,0.06829145167012174,0.3297455372463499,1.6567860481418295,201.02196629220683
86.33854655425189,0.5901455926806208,0.39321180996042315,0.8001352125389793,157.74116258144
148.10554950447556,0.7545750290178902,0.5831318138258048,0.547977893463139,236.06511131974028
84.69847317963439,0.011863528440827498,0.27450049108917596,0.8183528641368822,83.17173371895464
179.23243953869047,0.22274814793338482,0.5503133201738051,1.8412666579227683,335.65831217584963
192.415499628699,0.3770720308493868,0.9080458655659637,0.36157738082448376,288.3373779572656
210.26478012633675,0.5068174470686685,0.4237303497985735,0.37045869570089573,292.54613315299423
58.650822793743906,0.3415952947556604,0.6515694939376312,0.707529732450275,103.95305205657579
126.7217808055239,0.64899925814905,0.22889858712579603,0.12087756995631871,176.6683313621355
54.0149857067964,0.22639751725071267,0.8013270450460224,0.14984245205244284,73.4880128289919
9.494619709171703,0.025482936429019,0.269670630360059,0.021957168148168282,12.629097205531398
170.02416034867613,0.0015710508182541494,0.5798027935055567,0.2923741658014716,212.78242849002973
131.98101510746235,0.3455120119496342,0.300247469732685,1.2807747585275544,241.99347499826834
173.88058345296355,0.36166279919424715,0.06740235006184703,0.39285227123572164,245.3044478370776
21.485687281865637,0.9486041173865439,0.3196627405610307,0.7555799289912921,46.170421841373916
238.9285198853351,0.0447807125202363,0.21203066071134924,1.4111706726154432,428.8981011304817
238.64648178381415,0.5300650601351811,0.892673768402629,0.06364632352794986,329.31609898301554
111.86745820809129,0.5778133142638463,0.2661621146381432,0.41811782976038847,172.87748340602693
207.92106228652872,0.6992750118977196,0.974423181768922,1.991776426977961,490.2034418800394
58.834669115430856,0.6387346001406605,0.49234581172486525,1.1939236015061454,116.6912733293463
177.14709561297963,0.008139493723942848,0.22106496656764918,1.3199593003292682,343.39236971529334
211.07459270684902,0.6318576734090117,0.3913441331656956,1.032096016009674,436.0215931892647
195.61257072634646,0.3223879396997321,0.18343111749758734,1.9317849251795736,409.8138379787197
194.9198917387572,0.7728689613478019,0.8336832538454538,0.28859404067855143,390.64041560855986
111.39487838528319,0.1883653861356991,0.11996926930647533,0.1347455820515746,136.7229549599915
196.8875924930161,0.7162056519771793,0.8735277514954133,1.632332334924987,388.1004165624035
165.92380271860148,0.625495333689061,0.045917048452088216,0.008192739055773224,274.53107212488294
32.22210985553694,0.6522908853274749,0.29960793152933296,1.1231236097076684,62.907390965340156
27.847164773452572,0.17594768708755426,0.13988672024277682,0.0028247742743037207,24.601450842547422
185.37535155634626,0.6691740013324623,0.6852655459207373,0.6964892904288649,291.4701272462756
150.29864926111526,0.7369784086419149,0.512321730993041,1.301772938454381,360.76173884609636
124.8905800673349,0.4894102612378056,0.9393395728478708,1.094652734610513,208.10659996449795
217.78919890829434,0.3403656829875452,0.3661807610806491,1.1197246040233844,442.69487071019455
158.47189047065686,0.16655484928817588,0.040749093500493494,0.31469239079620337,200.84670742254906
95.3771454486479,0.28996052511074055,0.7616590631951334,0.5894654041974938,162.56090209007715
99.63666805819602,0.763828362452521,0.5795006496757173,1.4200582268016444,217.4375608170453
145.45602441581158,0.40940072454625576,0.8274353052444139,0.04659432641513783,219.80911754812266
182.58593068238045,0.7027132419932576,0.42613857207360817,1.1905666027945094,389.77136285638676
135.66261701431523,0.7400913249984867,0.7381811613564506,1.034131223726932,280.99519520011285
122.34823129149353,0.6741702241242896,0.17106570614946814,0.6879144302842497,194.41976597013885
174.59271828567654,0.6735384236829485,0.999526554831841,0.669550619264369,347.0579507271254
169.4108597027352,0.6108082043260515,0.17364697486910896,1.597894435594197,297.6817270871539
199.36806832694785,0.5184219787137135,0.829800627658866,0.7639937255106928,398.85833858961837
15.481152813412011,0.19781668687026976,0.21243816896272616,0.1597193797526515,19.554168011071564
181.31103563363394,0.8428033869218502,0.7825079845941679,1.9240788779211802,484.6604543868285
123.54562800292975,0.9642641724875953,0.861252417027473,0.2607385246338365,173.22888956964542
18.389002247939874,0.4664840656001663,0.876640906209768,1.5949076601371803,35.554267396088356
163.12290174659998,0.9332387558846558,0.47571844691317644,0.027886667389580788,264.0244200559113
172.1113764634653,0.9979945377232834,0.42881297311662603,0.7287968435957468,377.3032801695686
125.90870710595193,0.4861959125858206,0.8337911301307364,1.0303610932991112,220.06716680368487
190.6148551471182,0.7243553737499681,0.5794892229508141,0.05956496821804724,383.1585496689811
72.40942201671771,0.6437903382505226,0.6212768314885283,1.4681732547969117,154.4696056799213
48.85677883827895,0.23726481600074723,0.2360671212086215,0.521162982405972,62.82124137113051
84.50078144251519,0.04708944375431878,0.44615701420260667,1.0823369100414135,132.50652029188163
98.70709793438662,0.4533553111744568,0.369448888066787,1.5846552647636052,185.27557331635848
167.17609777531945,0.7872049973962723,0.6653215590880341,1.182227635895899,318.84125757133916
203.00202512183552,0.32513466268969693,0.19648328001919602,0.9112265494619864,370.32668227048856
173.15990652384303,0.7844387211931844,0.40575192672228866,0.6722247240298092,343.2356856733404
42.17002039716956,0.6548016819629555,0.8487320589981576,0.09021045784377257,71.79659822190234
88.20899180966164,0.6955413518175873,0.5464456770885323,1.826042005534695,235.9634587345728
38.44008437074283,0.28574088837739,0.8960439773248119,1.1838629242099596,75.77464561667965
164.97044579415328,0.4700473828430469,0.23252744395668068,1.2630711063575457,282.31018465881067
59.937164832946145,0.18170380002521713,0.4399033365982695,0.881024955391916,102.29424758987695
126.3301704180173,0.2465805280797264,0.5004162231951051,0.7454243119844592,177.76357559123545
190.1432474451269,0.08985004309241518,0.40056740730618634,0.09330948159758523,212.28432251012586
161.1899563437268,0.12677340629620804,0.6844935623475303,0.337983256710648,217.84771889856574
71.96057076429928,0.21051347929583653,0.14871981159347036,0.8510970101895807,109.65597416520687
80.22158677261363,0.580234211375837,0.5194003901718577,0.4834092747950358,111.17065749040744
156.98074664142612,0.4412111195476398,0.13877235047600922,0.08888403249762233,191.66827359166734
132.0975259669166,0.26693951256556203,0.6291974887875548,1.0920280808185003,234.3643165616619
23.586240249075633,0.8611124468976891,0.830248133274467,0.9282274088100826,47.101367008604846
209.8209856310143,0.5251476913419861,0.019997046693564058,0.8427460106175739,402.5139548523811
123.27087290884405,0.9231094736357937,0.45693622170393444,1.5684588347953796,332.5756481009224
113.86996266079295,0.6349649622775677,0.4927035918102952,1.1990556908107644,206.3687416930585
48.02622112342682,0.01578759652871664,0.7202542106531372,0.002830296658515863,55.13412246865639
90.79001964344369,0.9134756910156951,0.07471993197503579,1.5238197971621705,241.1231639316285
80.21155452446624,0.8574633356808263,0.406020781270096,0.9651751407791402,163.39501901490897
65.34119603764773,0.6352712227808992,0.7854812311725559,1.0336279467125096,126.5827681970802
136.39387462790216,0.534773555730818,0.5321445615108743,1.7791455335712527,332.3970933138115
111.21494878712755,0.45292607331858503,0.7498461881132613,0.2184393062992145,165.24127022130767
213.4628456328628,0.4821748457668317,0.3640097802716581,1.1988076923561442,461.54989086599426
225.95188250279503,0.7692206408423498,0.9200876818858551,0.5643194619449976,407.930865020177
53.06388630012776,0.5131416023586858,0.07734525821951488,0.07342262190216364,69.77833637520091
24.47525018974692,0.17602469870244064,0.0911644058027975,0.8747632394454383,40.25997581381177
188.588343581316,0.05817756717299272,0.5284859049090463,0.5672260619210296,264.4295297119643
238.76930617144686,0.12618627628651247,0.47082384903565255,0.0029859216566903157,281.93308775814535
207.33221673006992,0.25144110883738613,0.6384675274649015,0.9858899832776156,288.85987141525396
6.175527807436966,0.36773412143970663,0.22905613473921804,0.6222468384150053,9.294949919368642
60.677620394198605,0.8924160121752087,0.2260282909768756,0.8682465597017457,132.59666118729731
10.880475351382708,0.239087232199668,0.7491095677697037,0.023462290554809195,13.044156999912627
197.0766608013594,0.3195985580025348,0.29176520070467316,0.803564013168445,342.02638676948453
139.74697082200976,0.22301453952677386,0.7272917351600022,0.9408090718658324,243.82685917375662
123.5355906095094,0.5457418187061334,0.6407069850795798,0.9320422944377706,228.75613209805846
133.29074673816834,0.6170866962944869,0.08332715332917362,1.4338523868583233,312.06270255783693
60.962076457833575,0.5321275318971607,0.711129639736074,1.9825731509717281,139.33708927332293
144.59238940875764,0.9518566512169402,0.8795153746059255,0.05572470347248726,253.53012123511294
7.844741342135183,0.9953780176541243,0.8166462573476223,0.7920531009255394,16.51328116315036
155.21980789101607,0.8373959898055633,0.008861865889775111,1.7134348671398123,362.5322251708844
176.39690232782996,0.8052961448903022,0.5397139061386238,1.2513935224306492,414.7443956064923
161.68979015898262,0.36605277674960857,0.9133372117734216,1.9672029808333094,315.41120049933613
80.04214563577675,0.5797835061619984,0.5987256741991663,1.4268318874240293,185.00235616942055
198.38996817304647,0.35147241894888515,0.29032607065310156,1.4484946465822959,386.0070771340221
171.87278730963695,0.7843558461737393,0.19454464199979737,0.15216906261819707,292.64937970861274
31.22720884036455,0.171831139091836,0.684947529354962,0.5505095005046647,57.375379020375775
47.23704081892645,0.21667171429464305,0.771253934712873,1.1676194183019408,80.90437718452715
153.08746495618814,0.03869407087030885,0.9125847649174004,1.044785354526604,222.9454364636705
69.81516398666825,0.6089396733379924,0.9057165835331052,1.5251828528392455,159.78479800530886
29.10418947637375,0.688538258788957,0.339280166115716,1.987315384764968,72.3976847526466
37.61507385939918,0.003362286231378797,0.603876931505784,0.41360852902843925,53.039342790416285
40.16531473942595,0.5107857639942506,0.10151918585899378,0.856798243991042,65.96709671661463
114.93092218300254,0.3768745384897739,0.09446255016379745,1.7336799508783378,215.22070965664605
145.9688160963646,0.7923807818187677,0.07146856680054658,1.6762984233375793,282.06787177762584
42.74834482763238,0.038890745998643395,0.9271442460879121,1.63438686432169,71.13476964654275
171.14293818199144,0.048565688818078545,0.15243242622749353,1.2407872382296616,265.2858847501839
67.80251949661607,0.6202090987258799,0.48232619848862857,1.9863869963169358,159.74523958999913
75.11817414535362,0.591638854579764,0.43307236479440725,0.7158068984944528,161.74307868215163
54.02791974724876,0.8310900229980103,0.32477110962665445,0.2325896882714189,76.45109636637966
188.55686955839425,0.5922668891573611,0.5377306523514364,0.2651198163236157,312.0180580596709
230.37541298838207,0.9493708285915013,0.002790890473588603,0.8713838518075323,429.37913910966785
118.45371375840321,0.3143846422344221,0.3801493383195974,1.609899969597366,241.85210453718514
10.566338622962132,0.3979214064048002,0.47934406046965405,0.9056924981816867,17.492978271409225
62.90635128390147,0.9776746665029166,0.8033043862053005,1.2227663654146086,161.77039921240663
38.35304472296363,0.10752424337177813,0.7009634293016453,0.7160432208082101,64.2238577423459
202.34156722205827,0.7959048531962796,0.8497618040179573,1.4296624083548386,462.85144177145776
20.822529990252637,0.011568714660440294,0.3762982352651212,0.30628331919232177,28.894524367225912
231.97105964486792,0.4865132494033523,0.14090552779738852,1.0402312367239968,451.70740427239826
141.44904950159793,0.15340233736867448,0.40105646393305305,0.37025905407432225,215.69775140921925
124.4986790042621,0.598861703728065,0.9630596339250075,0.9371842734091838,245.98248039396034
203.44047406939524,0.798169969707828,0.21432759405726853,0.8609880487518506,433.31664060157084
7.09765529930375,0.03304230235068728,0.17475536297406324,1.2091242800635582,10.464390805650021
186.6280834829788,0.16377272659174524,0.9443372761590757,1.0190904719721265,295.64422670745284
28.426668913659714,0.34261038116190246,0.9499230848102128,1.9514822574058706,78.65868478066042
201.8663546962335,0.25579896585567397,0.14923685442991563,1.8006231902641743,360.50655753723845
127.23770450746791,0.3832198898062551,0.7694528615511991,0.5881559758657147,201.06209471382266
15.140491865241984,0.9518682998174518,0.4297425041857704,0.24235361185236393,22.143163169569622
200.0621867929172,0.10120612744024049,0.49221571600492164,0.12950350140017552,222.0860330027778
7.041731038564769,0.4232821086657721,0.4986881464581462,0.3959875975917475,9.785696424898212
33.639780948018036,0.45709137160758284,0.9683715611183437,0.4442148185933821,52.45405252072723
191.57897345647763,0.2803420518291627,0.18466111425008858,1.7773627383119088,397.66227256802586
111.83663416396489,0.2785065576875697,0.7730637352528182,1.8496817596889896,253.7570347220788
211.5925946929827,0.7147521617493207,0.005674108359608354,0.46094058534048954,318.36029266148927
152.6853108334645,0.6178438426509827,0.6286101069088057,1.517462201304213,309.0455569333626
149.83513667171272,0.8128320197331531,0.6526779766990596,1.6715279171413502,398.2374139647304
70.49030791861756,0.4050732224780522,0.7537062094506878,0.7550211637266555,143.46382548138385
32.516485390640185,0.606711026979673,0.9259623628061254,1.7431882147622813,85.84487516258261
230.7007876197555,0.8935881406825845,0.7538351056556392,1.977304550009977,502.287473484276
25.59904654984314,0.8513284717163855,0.7321439858395088,1.9355903697680767,73.21832106062939
127.19803871761944,0.9200233924999589,0.25378751632097496,1.4838136575342846,348.5070030269973
65.78017750492987,0.2689750225282249,0.9928397091714795,0.7433255419718661,92.20789954370468
63.76168892775841,0.9854211845321202,0.46840881092392583,0.45401097435462434,136.3231692247257
142.90339952302372,0.8163899154714166,0.4174501022792231,1.9857401366681087,365.2135966025643
191.6052210643391,0.7948078060413033,0.5018775732770935,0.5523490559243434,343.89670128991486
186.63448613809123,0.6675786009586593,0.3940564557536834,0.8767653934982973,358.25778456950013
208.57800456185606,0.9832679733720654,0.5936375712259545,0.5282490732712417,432.09441378441585
70.65020573001192,0.4415632280464804,0.3496245897850264,0.9922377190171932,141.61201427082872
112.04745592076017,0.7415393047624107,0.2399448489445959,0.22076210933073792,202.15706686709586
2.7356302861959767,0.6988112879885214,0.9279949017957395,1.618113087777865,5.458614290774096
179.37240074115954,0.7320889064470656,0.927828479970812,1.0102142418555382,351.82222835225286
72.91117535807679,0.7514648141692567,0.4962454127806887,0.8390046876364257,143.8992123874209
134.97770121820966,0.19075589112121338,0.9621473439443035,0.7262892001075996,253.6686650727799
41.04741754365844,0.3490514697024023,0.4157171598443574,1.1595686283902458,54.43525122666578
196.74618195867168,0.3922539958259049,0.3873788684666185,1.5597761205723193,374.3688513820424
196.23669651714752,0.7479998139799621,0.9169061357141745,1.8051219307987165,409.5743759039653
210.64997308333284,0.7162479757193043,0.6329170030231738,1.6830366708812619,424.8492667408244
11.501910807060119,0.8333662052357192,0.7625173699968822,0.8910263294388849,26.281019047174524
238.1938609911158,0.7885191578903361,0.4127438315640213,1.6679841262914619,527.1468274543151
59.84316975830684,0.5960338793894108,0.40700166447601516,1.0572307878504978,88.83900818537676
74.6093678083402,0.1399484864874425,0.08330370487810046,1.2763563162925853,123.38141237157745
60.21590714111184,0.6354552592323651,0.9667438846137733,1.3491208068858414,159.0220923010482
64.5740812587845,0.8870592836374791,0.22795896684210604,0.7993636680973157,104.61591768672263
132.86239478682336,0.6431743633897312,0.494267063633931,0.9721062504832283,272.11650517787183
57.934625360755206,0.8956264285777417,0.11461027184607053,1.3851779918996499,149.18782187874538
94.80822908039694,0.9990530181368994,0.6469536133543663,0.6158564898807486,192.7332426527719
157.5177764951501,0.35920223302353294,0.39087545024776704,1.4938265834270843,371.2765848574631
200.72827575686557,0.723289694347851,0.7676618740924276,0.7082062864802297,361.2836064096463
166.41158931391766,0.5399586326005054,0.528378654487965,1.1709789625705502,375.8087772326622
142.84032132656392,0.45497180070816556,0.12947931518493772,1.6752454358106637,331.918923930018
35.88099072858596,0.23986707869246116,0.010740508594946019,0.04640983919490638,42.15645371012133
195.95968656913718,0.24591459599593102,0.21244868230030445,0.4806800903681463,235.94377726927098
9.427335674332765,0.18497228675997102,0.7243464948204557,1.1223353464203307,14.893257934207886
63.773903344854844,0.6314835064989415,0.8285141276008635,0.212204880293134,80.8082437711111
14.165610605204705,0.14205309664310306,0.3413350356596144,0.41120346878393277,20.091965851447817
160.3492396524788,0.43138646981705076,0.5359250712328545,1.4981789269669914,344.48301108002664
88.72487428114671,0.5233332392721941,0.24001329045855602,0.051646089964551445,125.78991607109778
156.6656117275656,0.4382344771889698,0.8804432409199607,1.220073519355494,308.3047947619981
83.61391475320987,0.8549295134739165,0.9652071459091819,0.06831410890577505,167.156238087319
109.64990502647886,0.4431693597938603,0.7529400237269399,0.2318473939484742,172.52555218845507
110.18166193480032,0.0828320929643026,0.08888672059183111,0.7806815786685808,147.89948260796194
11.416566553376931,0.9921995411726473,0.43711858061891895,1.9295373820578632,30.02628931108178
103.53925305986785,0.8449835910602127,0.9905056817499768,1.0916950994928576,276.76996801975247
154.03491496609104,0.6600434854059998,0.22938482931326476,0.6244483449335594,286.5481605819808
131.27951293506638,0.7563236208086075,0.6704716701754788,0.8226527124340761,250.11216826591172
18.530462023649797,0.1281906997548441,0.9385634814276566,1.1375444114143156,32.54532311706745
160.49940857197635,0.7659147941031748,0.7732033882633873,1.2388330398026222,368.53623434785203
74.47262980220499,0.20774894171209513,0.6088601556642789,0.5358065761777024,105.98810391782504
3.957135265575791,0.48897612957397574,0.5067051588955626,0.39458887591355096,5.958502901235508
37.76513592167673,0.17798278932428357,0.9288143623370332,0.9906186467224287,65.20893226999776
119.665537927316,0.7537849643321918,0.39473336710769535,1.2897025004608738,295.1757547587236
74.84119733770144,0.2459338805124469,0.9012689998845531,1.6331599872276525,166.125895857073
166.80473179397544,0.25320841849169273,0.43105292900757075,1.1855906320536054,284.063641119812
58.13650739800058,0.10922234934029906,0.7565450237588279,1.384868168620003,115.65817732481744
185.58468234980288,0.7206064569638717,0.9157138992674767,0.9679585222289342,384.26750562545425
69.1112849438582,0.29584463078087786,0.5506429086282195,1.1334385155853153,128.79152985731565
149.19685796646755,0.5182800132019674,0.30987984833425797,1.2708951314924921,300.54053829300807
191.91232307015764,0.33224355736703926,0.050986719658674295,0.4726624881931609,217.70804716341493
92.84069281017786,0.7747012588222333,0.8092599635047751,1.8681483126599012,160.71759181147732
11.709783564805175,0.22648365649400126,0.6220099206934171,0.6906777795228081,18.800763606411838
128.73920229360198,0.9408345000463917,0.2630456478254958,1.20937627062672,259.43720344678786
238.9004702399078,0.32133997488970767,0.8774116531615896,1.1219084175087362,373.84316505948976
232.5735519972708,0.10385162129075065,0.9203027637758013,1.706690949869185,427.1611037120108
53.43481544962829,0.24030523281493243,0.8871660795128758,0.2272087501406559,82.78435649173075
181.48931400710845,0.0739409290671752,0.6015178983561835,1.768462033693675,366.97056214759033
83.1159637209058,0.4687387309924248,0.9765816071692934,0.2740301014691875,143.58713319856972
38.88525900385041,0.25025122072346895,0.874805631201768,0.28906075436177603,58.946701524808084
159.98657079429714,0.8860460444448763,0.10426040494565936,1.7245096659142616,344.43448827890256
120.45806072166117,0.5171286202201464,0.9811059759593443,0.5142038127903403,226.4085711779452
129.64571855853472,0.2333684487292863,0.5488063726698508,1.223572942114118,247.17980529903866
198.66054260540426,0.4512703299049414,0.9200359035579718,0.9272214759126929,368.34442572995965
81.10221037503783,0.1959942721404243,0.7603414348326818,1.8685325050825425,171.73261620997957
160.2691949135813,0.17872937592491844,0.6475666753554187,1.5641679761481524,334.9756871616612
88.20285633754875,0.300656470133444,0.3266723816563636,0.6699875555745662,126.93525716103292
10.73237323101279,0.10830146476894675,0.02703002358433415,1.6268814931525115,21.507433717996214
91.03461820705556,0.18864753691089065,0.27673625244208355,0.4515769780703407,132.30787737792045
228.03325393739024,0.9380468729954219,0.6858203228735955,1.2311427035190274,521.6736740982367
116.24136446017589,0.6668026346974619,0.86311490687158,1.5031675434492155,303.62995939139995
26.421189622429928,0.9211026634572657,0.002346597115479576,1.4063169534260709,51.338730958663255
165.2345256356061,0.25684694146778375,0.20797377378682225,1.3133640061271445,283.01006673470755
231.22935425758584,0.8570133358009238,0.6730677154020869,1.6599376613619123,522.5146401842503
217.95288654734958,0.3622728068539839,0.2836351043204063,1.1124168853124923,403.45572278861454
137.4846206550492,0.14419498112248563,0.1417028540536155,1.856695812019444,300.52462566377073
90.61923827147322,0.8047071000041969,0.08193609822352321,0.2896195432838744,136.3054156345023
139.57230160796308,0.059650131862750144,0.637878996824556,0.7114171867754437,273.68303060355083
195.91548939672026,0.40485283893496626,0.5948598170283448,1.565984023564848,379.5676812601541
206.7663434134198,0.8193146685116435,0.8586135721496693,0.6161114156730565,420.8121351783782
196.61311044371467,0.6171849254465093,0.31483766724526474,0.8858982145622678,365.10934458397776
